Workbook

Sheet Summary
A1: #VALUE! | D1: Diriyah II Management Contracting – Opera House Concrete Daily Productivity February to March
A6: S/No. | B6: Levels | C6: Work | D6: Unit | E6: 46054 | AH6: 46082 | BN6: 46113 | CR6: May-26 | DW6: June | FA6: July | GF6: August
E7: 46054 | F7: 46055 | G7: 46056 | H7: 46057 | I7: 46058 | J7: 46059 | K7: 46060 | L7: 46061 | M7: 46062 | N7: 46063 | O7: 46064 | P7: 46065 | Q7: 46066 | R7: 46067 | S7: 46068 | T7: 46069 | U7: 46070 | V7: 46071 | W7: 46072 | X7: 46073 | Y7: 46074 | Z7: 46075 | AA7: 46076 | AB7: 46077 | AC7: 46078 | AD7: 46079 | AE7: 46080 | AF7: 46081 | AH7: 46082 | AI7: 46083 | AJ7: 46084 | AK7: 46085 | AL7: 46086 | AM7: 46087 | AN7: 46088 | AO7: 46089 | AP7: 46090 | AQ7: 46091 | AR7: 46092 | AS7: 46093 | AT7: 46094 | AU7: 46095 | AV7: 46096 | AW7: 46097 | AX7: 46098 | AY7: 46099 | AZ7: 46100 | BA7: 46101 | BB7: 46102 | BC7: 46103 | BD7: 46104 | BE7: 46105 | BF7: 46106 | BG7: 46107 | BH7: 46108 | BI7: 46109 | BJ7: 46110 | BK7: 46111 | BL7: 46112 | BN7: 46113 | BO7: 46114 | BP7: 46115 | BQ7: 46116 | BR7: 46117 | BS7: 46118 | BT7: 46119 | BU7: 46120 | BV7: 46121 | BW7: 46122 | BX7: 46123 | BY7: 46124 | BZ7: 46125 | CA7: 46126 | CB7: 46127 | CC7: 46128 | CD7: 46129 | CE7: 46130 | CF7: 46131 | CG7: 46132 | CH7: 46133 | CI7: 46134 | CJ7: 46135 | CK7: 46136 | CL7: 46137 | CM7: 46138 | CN7: 46139 | CO7: 46140 | CP7: 46141 | CQ7: 46142 | CR7: 46143 | CS7: 46144 | CT7: 46145 | CU7: 46146 | CV7: 46147 | CW7: 46148 | CX7: 46149 | CY7: 46150 | CZ7: 46151 | DA7: 46152 | DB7: 46153 | DC7: 46154 | DD7: 46155 | DE7: 46156 | DF7: 46157 | DG7: 46158 | DH7: 46159 | DI7: 46160 | DJ7: 46161 | DK7: 46162 | DL7: 46163 | DM7: 46164 | DN7: 46165 | DO7: 46166 | DP7: 46167 | DQ7: 46168 | DR7: 46169 | DS7: 46170 | DT7: 46171 | DU7: 46172 | DV7: 46173 | DW7: 46174 | DX7: 46175 | DY7: 46176 | DZ7: 46177 | EA7: 46178 | EB7: 46179 | EC7: 46180 | ED7: 46181 | EE7: 46182 | EF7: 46183 | EG7: 46184 | EH7: 46185 | EI7: 46186 | EJ7: 46187 | EK7: 46188 | EL7: 46189 | EM7: 46190 | EN7: 46191 | EO7: 46192 | EP7: 46193 | EQ7: 46194 | ER7: 46195 | ES7: 46196 | ET7: 46197 | EU7: 46198 | EV7: 46199 | EW7: 46200 | EX7: 46201 | EY7: 46202 | EZ7: 46203 | FA7: 46204 | FB7: 46205 | FC7: 46206 | FD7: 46207 | FE7: 46208 | FF7: 46209 | FG7: 46210 | FH7: 46211 | FI7: 46212 | FJ7: 46213 | FK7: 46214 | FL7: 46215 | FM7: 46216 | FN7: 46217 | FO7: 46218 | FP7: 46219 | FQ7: 46220 | FR7: 46221 | FS7: 46222 | FT7: 46223 | FU7: 46224 | FV7: 46225 | FW7: 46226 | FX7: 46227 | FY7: 46228 | FZ7: 46229 | GA7: 46230 | GB7: 46231 | GC7: 46232 | GD7: 46233 | GE7: 46234 | GF7: 46235 | GG7: 46236 | GH7: 46237 | GI7: 46238 | GJ7: 46239 | GK7: 46240 | GL7: 46241 | GM7: 46242 | GN7: 46243 | GO7: 46244 | GP7: 46245 | GQ7: 46246 | GR7: 46247 | GS7: 46248 | GT7: 46249 | GU7: 46250 | GV7: 46251 | GW7: 46252 | GX7: 46253 | GY7: 46254 | GZ7: Total
A8: Team 1 (Zone 2,3,5,6, & 7)
B9: B2 to B1 | C9: Columns | D9: Nos | E9: =+Columns!O75 -> 0 | F9: =+Columns!P75 -> 0 | G9: =+Columns!Q75 -> 0 | H9: =+Columns!R75 -> 0 | I9: =+Columns!S75 -> 0 | J9: =+Columns!T75 -> 0 | K9: =+Columns!U75 -> 0 | L9: =+Columns!V75 -> 0 | ... GE9: =+Columns!GO75 -> 0
C10: Internal Wall | D10: Lm | E10: =+'Internal Wall'!O88 -> 0 | F10: =+'Internal Wall'!P88 -> 10.2 | G10: =+'Internal Wall'!Q88 -> 0 | H10: =+'Internal Wall'!R88 -> 0 | I10: =+'Internal Wall'!S88 -> 0 | J10: =+'Internal Wall'!T88 -> 0 | K10: =+'Internal Wall'!U88 -> 0 | L10: =+'Internal Wall'!V88 -> 40.2 | ... AF10: =+'Internal Wall'!AP88 -> 0 | AG10: =+'Internal Wall'!BN88 -> 0 | AH10: =+'Internal Wall'!AR88 -> 4.5 | AI10: =+'Internal Wall'!AS88 -> 0 | AJ10: =+'Internal Wall'!AT88 -> 0 | AK10: =+'Internal Wall'!AU88 -> 6.1 | AL10: =+'Internal Wall'!AV88 -> 0 | AM10: =+'Internal Wall'!AW88 -> 0 | AN10: =+'Internal Wall'!AX88 -> 16 | AO10: =+'Internal Wall'!AY88 -> 0 | ... BL10: =+'Internal Wall'!BV88 -> 0 | BM10: =+'Internal Wall'!IR88 -> 0 | BN10: =+'Internal Wall'!BX88 -> 17 | BO10: =+'Internal Wall'!BY88 -> 0 | BP10: =+'Internal Wall'!BZ88 -> 0 | BQ10: =+'Internal Wall'!CA88 -> 0 | BR10: =+'Internal Wall'!CB88 -> 0 | BS10: =+'Internal Wall'!CC88 -> 0 | BT10: =+'Internal Wall'!CD88 -> 80 | BU10: =+'Internal Wall'!CE88 -> 3 | ... GE10: =+'Internal Wall'!GO88 -> 0
C11: External Wall | D11: Lm | E11: =+'External Wall'!O38 -> 16 | F11: =+'External Wall'!P38 -> 26 | G11: =+'External Wall'!Q38 -> 0 | H11: =+'External Wall'!R38 -> 0 | I11: =+'External Wall'!S38 -> 0 | J11: =+'External Wall'!T38 -> 0 | K11: =+'External Wall'!U38 -> 7.6 | L11: =+'External Wall'!V38 -> 0 | ... GE11: =+'External Wall'!GO38 -> 0
C12: Slab | D12: M2 | E12: =+Slab!O74 -> 0 | F12: =+Slab!P74 -> 0 | G12: =+Slab!Q74 -> 0 | H12: =+Slab!R74 -> 0 | I12: =+Slab!S74 -> 0 | J12: =+Slab!T74 -> 0 | K12: =+Slab!U74 -> 0 | L12: =+Slab!V74 -> 0 | ... GE12: =+Slab!GO74 -> 0
B14: B1 to GF | C14: Columns | D14: Nos | E14: =+Columns!O79 -> 2 | F14: =+Columns!P79 -> 2 | G14: =+Columns!Q79 -> 0 | H14: =+Columns!R79 -> 1 | I14: =+Columns!S79 -> 1 | J14: =+Columns!T79 -> 0 | K14: =+Columns!U79 -> 0 | L14: =+Columns!V79 -> 0 | ... GE14: =+Columns!GO79 -> 0
C15: Internal Wall | D15: Lm | E15: =+'Internal Wall'!O92 -> 0 | F15: =+'Internal Wall'!P92 -> 0 | G15: =+'Internal Wall'!Q92 -> 9.5 | H15: =+'Internal Wall'!R92 -> 0 | I15: =+'Internal Wall'!S92 -> 10 | J15: =+'Internal Wall'!T92 -> 0 | K15: =+'Internal Wall'!U92 -> 17.6 | L15: =+'Internal Wall'!V92 -> 0 | ... AF15: =+'Internal Wall'!AP92 -> 16.5 | AG15: =+'Internal Wall'!BN92 -> 0 | AH15: =+'Internal Wall'!AR92 -> 0 | AI15: =+'Internal Wall'!AS92 -> 0 | AJ15: =+'Internal Wall'!AT92 -> 21 | AK15: =+'Internal Wall'!AU92 -> 0 | AL15: =+'Internal Wall'!AV92 -> 0 | AM15: =+'Internal Wall'!AW92 -> 0 | AN15: =+'Internal Wall'!AX92 -> 20 | AO15: =+'Internal Wall'!AY92 -> 9.8 | ... BL15: =+'Internal Wall'!BV92 -> 0 | BM15: =+'Internal Wall'!IR92 -> 0 | BN15: =+'Internal Wall'!BX92 -> 0 | BO15: =+'Internal Wall'!BY92 -> 0 | BP15: =+'Internal Wall'!BZ92 -> 0 | BQ15: =+'Internal Wall'!CA92 -> 0 | BR15: =+'Internal Wall'!CB92 -> 22 | BS15: =+'Internal Wall'!CC92 -> 0 | BT15: =+'Internal Wall'!CD92 -> 0 | BU15: =+'Internal Wall'!CE92 -> 0 | ... GE15: =+'Internal Wall'!GO92 -> 0
C16: External Wall | D16: Lm | E16: =+'External Wall'!O42 -> 0 | F16: =+'External Wall'!P42 -> 0 | G16: =+'External Wall'!Q42 -> 0 | H16: =+'External Wall'!R42 -> 0 | I16: =+'External Wall'!S42 -> 0 | J16: =+'External Wall'!T42 -> 0 | K16: =+'External Wall'!U42 -> 0 | L16: =+'External Wall'!V42 -> 0 | ... GE16: =+'External Wall'!GO42 -> 0
C17: Slab | D17: M2 | E17: =+Slab!O78 -> 0 | F17: =+Slab!P78 -> 0 | G17: =+Slab!Q78 -> 0 | H17: =+Slab!R78 -> 0 | I17: =+Slab!S78 -> 0 | J17: =+Slab!T78 -> 0 | K17: =+Slab!U78 -> 0 | L17: =+Slab!V78 -> 0 | ... GE17: =+Slab!GO78 -> 0
B19: GF to L1 | C19: Columns | D19: Nos
C20: Internal Wall | D20: Lm | E20: =+'Internal Wall'!O96 -> 0 | F20: =+'Internal Wall'!P96 -> 0 | G20: =+'Internal Wall'!Q96 -> 0 | H20: =+'Internal Wall'!R96 -> 0 | I20: =+'Internal Wall'!S96 -> 0 | J20: =+'Internal Wall'!T96 -> 0 | K20: =+'Internal Wall'!U96 -> 0 | L20: =+'Internal Wall'!V96 -> 0 | ... AF20: =+'Internal Wall'!AP96 -> 0 | AG20: =+'Internal Wall'!BN97 -> 0 | AH20: =+'Internal Wall'!AR96 -> 0 | AI20: =+'Internal Wall'!AS96 -> 0 | AJ20: =+'Internal Wall'!AT96 -> 0 | AK20: =+'Internal Wall'!AU96 -> 0 | AL20: =+'Internal Wall'!AV96 -> 0 | AM20: =+'Internal Wall'!AW96 -> 0 | AN20: =+'Internal Wall'!AX96 -> 0 | AO20: =+'Internal Wall'!AY96 -> 0 | ... BL20: =+'Internal Wall'!BV96 -> 0 | BM20: =+'Internal Wall'!IR97 -> 0 | BN20: =+'Internal Wall'!BX96 -> 10 | BO20: =+'Internal Wall'!BY96 -> 12 | BP20: =+'Internal Wall'!BZ96 -> 0 | BQ20: =+'Internal Wall'!CA96 -> 0 | BR20: =+'Internal Wall'!CB96 -> 0 | BS20: =+'Internal Wall'!CC96 -> 0 | BT20: =+'Internal Wall'!CD96 -> 0 | BU20: =+'Internal Wall'!CE96 -> 22 | ... GE20: =+'Internal Wall'!GO96 -> 0
C21: External Wall | D21: Lm
C22: Slab | D22: M2
B24: L1 to GF | C24: Columns | D24: Nos
C25: Internal Wall | D25: Lm | E25: =+'Internal Wall'!O100 -> 0 | F25: =+'Internal Wall'!P100 -> 0 | G25: =+'Internal Wall'!Q100 -> 0 | H25: =+'Internal Wall'!R100 -> 0 | I25: =+'Internal Wall'!S100 -> 0 | J25: =+'Internal Wall'!T100 -> 0 | K25: =+'Internal Wall'!U100 -> 0 | L25: =+'Internal Wall'!V100 -> 0 | ... AF25: =+'Internal Wall'!AP100 -> 0 | AH25: =+'Internal Wall'!AR100 -> 0 | AI25: =+'Internal Wall'!AS100 -> 0 | AJ25: =+'Internal Wall'!AT100 -> 0 | AK25: =+'Internal Wall'!AU100 -> 0 | AL25: =+'Internal Wall'!AV100 -> 0 | AM25: =+'Internal Wall'!AW100 -> 0 | AN25: =+'Internal Wall'!AX100 -> 0 | AO25: =+'Internal Wall'!AY100 -> 0 | ... BL25: =+'Internal Wall'!BV100 -> 0 | BN25: =+'Internal Wall'!BX100 -> 0 | BO25: =+'Internal Wall'!BY100 -> 0 | BP25: =+'Internal Wall'!BZ100 -> 0 | BQ25: =+'Internal Wall'!CA100 -> 0 | BR25: =+'Internal Wall'!CB100 -> 0 | BS25: =+'Internal Wall'!CC100 -> 0 | BT25: =+'Internal Wall'!CD100 -> 0 | BU25: =+'Internal Wall'!CE100 -> 0 | ... GE25: =+'Internal Wall'!GO100 -> 0
C26: External Wall | D26: Lm
C27: Slab | D27: M2
B29: Summary up to L2 | C29: Columns | D29: Nos | E29: =+E9+E14+E19 -> 2 | F29: =+F9+F14+F19 -> 2 | G29: =+G9+G14+G19 -> 0 | H29: =+H9+H14+H19 -> 1 | I29: =+I9+I14+I19 -> 1 | J29: =+J9+J14+J19 -> 0 | K29: =+K9+K14+K19 -> 0 | L29: =+L9+L14+L19 -> 0 | ... AF29: =+AF9+AF14+AF19 -> 0 | AG29: =+AG9+AG14 -> 0 | AH29: =+AH9+AH14+AH19 -> 0 | AI29: =+AI9+AI14+AI19 -> 0 | AJ29: =+AJ9+AJ14+AJ19 -> 0 | AK29: =+AK9+AK14+AK19 -> 0 | AL29: =+AL9+AL14+AL19 -> 0 | AM29: =+AM9+AM14+AM19 -> 0 | AN29: =+AN9+AN14+AN19 -> 1 | AO29: =+AO9+AO14+AO19 -> 0 | ... BL29: =+BL9+BL14+BL19 -> 0 | BM29: =+BM9+BM14 -> 0 | BN29: =+BN9+BN14+BN19 -> 7 | BO29: =+BO9+BO14+BO19 -> 4 | BP29: =+BP9+BP14+BP19 -> 0 | BQ29: =+BQ9+BQ14+BQ19 -> 1 | BR29: =+BR9+BR14+BR19 -> 2 | BS29: =+BS9+BS14+BS19 -> 0 | BT29: =+BT9+BT14+BT19 -> 0 | BU29: =+BU9+BU14+BU19 -> 0 | ... GY29: =+GY9+GY14+GY19 -> 0 | GZ29: =SUM(E29:CZ29) -> 89
C30: Walls | D30: Lm | E30: =E10+E11+E15+E16+E20+E21+E25 -> 16 | F30: =F10+F11+F15+F16+F20+F21+F25 -> 36.2 | G30: =G10+G11+G15+G16+G20+G21+G25 -> 9.5 | H30: =H10+H11+H15+H16+H20+H21+H25 -> 0 | I30: =I10+I11+I15+I16+I20+I21+I25 -> 10 | J30: =J10+J11+J15+J16+J20+J21+J25 -> 0 | K30: =K10+K11+K15+K16+K20+K21+K25 -> 25.2 | L30: =L10+L11+L15+L16+L20+L21+L25 -> 40.2 | ... AF30: =AF10+AF11+AF15+AF16+AF20+AF21+AF25 -> 16.5 | AG30: =AG10+AG11+AG15+AG16 -> 0 | AH30: =AH10+AH11+AH15+AH16+AH20+AH21+AH25 -> 4.5 | AI30: =AI10+AI11+AI15+AI16+AI20+AI21+AI25 -> 0 | AJ30: =AJ10+AJ11+AJ15+AJ16+AJ20+AJ21+AJ25 -> 31.5 | AK30: =AK10+AK11+AK15+AK16+AK20+AK21+AK25 -> 8.6 | AL30: =AL10+AL11+AL15+AL16+AL20+AL21+AL25 -> 0 | AM30: =AM10+AM11+AM15+AM16+AM20+AM21+AM25 -> 0 | AN30: =AN10+AN11+AN15+AN16+AN20+AN21+AN25 -> 44 | AO30: =AO10+AO11+AO15+AO16+AO20+AO21+AO25 -> 9.8 | ... BL30: =BL10+BL11+BL15+BL16+BL20+BL21+BL25 -> 0 | BM30: =BM10+BM11+BM15+BM16 -> 0 | BN30: =BN10+BN11+BN15+BN16+BN20+BN21+BN25 -> 56.8 | BO30: =BO10+BO11+BO15+BO16+BO20+BO21+BO25 -> 12 | BP30: =BP10+BP11+BP15+BP16+BP20+BP21+BP25 -> 0 | BQ30: =BQ10+BQ11+BQ15+BQ16+BQ20+BQ21+BQ25 -> 19 | BR30: =BR10+BR11+BR15+BR16+BR20+BR21+BR25 -> 22 | BS30: =BS10+BS11+BS15+BS16+BS20+BS21+BS25 -> 27 | BT30: =BT10+BT11+BT15+BT16+BT20+BT21+BT25 -> 80 | BU30: =BU10+BU11+BU15+BU16+BU20+BU21+BU25 -> 28 | ... GY30: =GY10+GY11+GY15+GY16+GY20+GY21+GY25 -> 0 | GZ30: =SUM(E30:CZ30) -> 1868
C31: Slab | D31: M2 | E31: =+E12+E17+E22 -> 0 | F31: =+F12+F17+F22 -> 0 | G31: =+G12+G17+G22 -> 0 | H31: =+H12+H17+H22 -> 0 | I31: =+I12+I17+I22 -> 0 | J31: =+J12+J17+J22 -> 0 | K31: =+K12+K17+K22 -> 0 | L31: =+L12+L17+L22 -> 0 | ... AF31: =+AF12+AF17+AF22 -> 12 | AG31: =+AG12+AG17 -> 0 | AH31: =+AH12+AH17+AH22 -> 0 | AI31: =+AI12+AI17+AI22 -> 1467 | AJ31: =+AJ12+AJ17+AJ22 -> 0 | AK31: =+AK12+AK17+AK22 -> 0 | AL31: =+AL12+AL17+AL22 -> 0 | AM31: =+AM12+AM17+AM22 -> 0 | AN31: =+AN12+AN17+AN22 -> 0 | AO31: =+AO12+AO17+AO22 -> 0 | ... BL31: =+BL12+BL17+BL22 -> 50 | BM31: =+BM12+BM17 -> 0 | BN31: =+BN12+BN17+BN22 -> 0 | BO31: =+BO12+BO17+BO22 -> 0 | BP31: =+BP12+BP17+BP22 -> 0 | BQ31: =+BQ12+BQ17+BQ22 -> 0 | BR31: =+BR12+BR17+BR22 -> 0 | BS31: =+BS12+BS17+BS22 -> 0 | BT31: =+BT12+BT17+BT22 -> 0 | BU31: =+BU12+BU17+BU22 -> 0 | ... GY31: =+GY12+GY17+GY22 -> 0 | GZ31: =SUM(E31:CZ31) -> 10410
A33: Team 2 (Zone 1B,4,9,10)
B34: B2 to B1 | C34: Columns | D34: Nos | E34: =+Columns!O76 -> 1 | F34: =+Columns!P76 -> 0 | G34: =+Columns!Q76 -> 0 | H34: =+Columns!R76 -> 0 | I34: =+Columns!S76 -> 0 | J34: =+Columns!T76 -> 0 | K34: =+Columns!U76 -> 0 | L34: =+Columns!V76 -> 0 | ... DH34: =+Columns!DR76 -> 0 | DI34: =+Columns!HU76 -> 0 | DJ34: =+Columns!HV50 -> 0 | DK34: =+Columns!HW50 -> 0 | DL34: =+Columns!HX50 -> 0 | DM34: =+Columns!HY50 -> 0 | DN34: =+Columns!HZ50 -> 0 | DO34: =+Columns!IA50 -> 0 | DP34: =+Columns!IB50 -> 0 | DQ34: =+Columns!IC50 -> 0 | ... GY34: =+Columns!LK50 -> 0
C35: Internal Wall | D35: Lm | E35: =+'Internal Wall'!O89 -> 28.2 | F35: =+'Internal Wall'!P89 -> 0 | G35: =+'Internal Wall'!Q89 -> 0 | H35: =+'Internal Wall'!R89 -> 37.5 | I35: =+'Internal Wall'!S89 -> 0 | J35: =+'Internal Wall'!T89 -> 0 | K35: =+'Internal Wall'!U89 -> 40.9 | L35: =+'Internal Wall'!V89 -> 14 | ... AF35: =+'Internal Wall'!AP89 -> 3 | AG35: =+'Internal Wall'!BN89 -> 0 | AH35: =+'Internal Wall'!AR89 -> 0 | AI35: =+'Internal Wall'!AS89 -> 7.85 | AJ35: =+'Internal Wall'!AT89 -> 29 | AK35: =+'Internal Wall'!AU89 -> 0 | AL35: =+'Internal Wall'!AV89 -> 4 | AM35: =+'Internal Wall'!AW89 -> 0 | AN35: =+'Internal Wall'!AX89 -> 0 | AO35: =+'Internal Wall'!AY89 -> 46.25 | ... BL35: =+'Internal Wall'!BV89 -> 9.25 | BM35: =+'Internal Wall'!IR89 -> 0 | BN35: =+'Internal Wall'!BX89 -> 6.4 | BO35: =+'Internal Wall'!BY89 -> 5.05 | BP35: =+'Internal Wall'!BZ89 -> 0 | BQ35: =+'Internal Wall'!CA89 -> 11.5 | BR35: =+'Internal Wall'!CB89 -> 5 | BS35: =+'Internal Wall'!CC89 -> 11.7 | BT35: =+'Internal Wall'!CD89 -> 7 | BU35: =+'Internal Wall'!CE89 -> 6.65 | ... GY35: =+'Internal Wall'!HI89 -> 0
C36: External Wall | D36: Lm | E36: =+'External Wall'!O39 -> 5.1 | F36: =+'External Wall'!P39 -> 9 | G36: =+'External Wall'!Q39 -> 0 | H36: =+'External Wall'!R39 -> 0 | I36: =+'External Wall'!S39 -> 0 | J36: =+'External Wall'!T39 -> 0 | K36: =+'External Wall'!U39 -> 0 | L36: =+'External Wall'!V39 -> 0 | ... DH36: =+'External Wall'!DR39 -> 0 | DI36: =+'External Wall'!HU39 -> 0 | DJ36: =+'External Wall'!HV39 -> 0 | DK36: =+'External Wall'!HW39 -> 0 | DL36: =+'External Wall'!HX39 -> 0 | DM36: =+'External Wall'!HY39 -> 0 | DN36: =+'External Wall'!HZ39 -> 0 | DO36: =+'External Wall'!IA39 -> 0 | DP36: =+'External Wall'!IB39 -> 0 | ... GY36: =+'External Wall'!LK39 -> 0
C37: Slab | D37: M2 | E37: =+Slab!O75 -> 68 | F37: =+Slab!P75 -> 0 | G37: =+Slab!Q75 -> 0 | H37: =+Slab!R75 -> 0 | I37: =+Slab!S75 -> 0 | J37: =+Slab!T75 -> 0 | K37: =+Slab!U75 -> 0 | L37: =+Slab!V75 -> 0 | ... GY37: =+Slab!HI75 -> 0
B39: B1 to GF | C39: Columns | D39: Nos | E39: =+Columns!O80 -> 0 | F39: =+Columns!P80 -> 0 | G39: =+Columns!Q80 -> 0 | H39: =+Columns!R80 -> 0 | I39: =+Columns!S80 -> 0 | J39: =+Columns!T80 -> 0 | K39: =+Columns!U80 -> 0 | L39: =+Columns!V80 -> 0 | ... GY39: =+Columns!HI80 -> 0
C40: Internal Wall | D40: Lm | E40: =+'Internal Wall'!O93 -> 0 | F40: =+'Internal Wall'!P93 -> 0 | G40: =+'Internal Wall'!Q93 -> 0 | H40: =+'Internal Wall'!R93 -> 0 | I40: =+'Internal Wall'!S93 -> 0 | J40: =+'Internal Wall'!T93 -> 0 | K40: =+'Internal Wall'!U93 -> 0 | L40: =+'Internal Wall'!V93 -> 0 | ... AF40: =+'Internal Wall'!AP93 -> 0 | AG40: =+'Internal Wall'!BN93 -> 0 | AH40: =+'Internal Wall'!AR93 -> 0 | AI40: =+'Internal Wall'!AS93 -> 0 | AJ40: =+'Internal Wall'!AT93 -> 0 | AK40: =+'Internal Wall'!AU93 -> 0 | AL40: =+'Internal Wall'!AV93 -> 0 | AM40: =+'Internal Wall'!AW93 -> 0 | AN40: =+'Internal Wall'!AX93 -> 0 | AO40: =+'Internal Wall'!AY93 -> 0 | ... BL40: =+'Internal Wall'!BV93 -> 16 | BM40: =+'Internal Wall'!IR93 -> 0 | BN40: =+'Internal Wall'!BX93 -> 15 | BO40: =+'Internal Wall'!BY93 -> 14 | BP40: =+'Internal Wall'!BZ93 -> 0 | BQ40: =+'Internal Wall'!CA93 -> 0 | BR40: =+'Internal Wall'!CB93 -> 28 | BS40: =+'Internal Wall'!CC93 -> 0 | BT40: =+'Internal Wall'!CD93 -> 0 | BU40: =+'Internal Wall'!CE93 -> 0 | ... GY40: =+'Internal Wall'!HI93 -> 0
C41: External Wall | D41: Lm | E41: =+'External Wall'!O43 -> 0 | F41: =+'External Wall'!P43 -> 0 | G41: =+'External Wall'!Q43 -> 0 | H41: =+'External Wall'!R43 -> 0 | I41: =+'External Wall'!S43 -> 0 | J41: =+'External Wall'!T43 -> 0 | K41: =+'External Wall'!U43 -> 0 | L41: =+'External Wall'!V43 -> 0 | ... GY41: =+'External Wall'!HI43 -> 0
C42: Slab | D42: M2 | E42: =+Slab!O79 -> 0 | F42: =+Slab!P79 -> 0 | G42: =+Slab!Q79 -> 0 | H42: =+Slab!R79 -> 0 | I42: =+Slab!S79 -> 0 | J42: =+Slab!T79 -> 0 | K42: =+Slab!U79 -> 0 | L42: =+Slab!V79 -> 0 | ... GY42: =+Slab!HI79 -> 0
B44: GF to L1 | C44: Columns | D44: Nos
C45: Internal Wall | D45: Lm | E45: =+'Internal Wall'!O97 -> 0 | F45: =+'Internal Wall'!P97 -> 0 | G45: =+'Internal Wall'!Q97 -> 0 | H45: =+'Internal Wall'!R97 -> 0 | I45: =+'Internal Wall'!S97 -> 0 | J45: =+'Internal Wall'!T97 -> 0 | K45: =+'Internal Wall'!U97 -> 0 | L45: =+'Internal Wall'!V97 -> 0 | ... AF45: =+'Internal Wall'!AP97 -> 0 | AG45: =+'Internal Wall'!BN98 -> 0 | AH45: =+'Internal Wall'!AR97 -> 0 | AI45: =+'Internal Wall'!AS97 -> 0 | AJ45: =+'Internal Wall'!AT97 -> 0 | AK45: =+'Internal Wall'!AU97 -> 0 | AL45: =+'Internal Wall'!AV97 -> 0 | AM45: =+'Internal Wall'!AW97 -> 0 | AN45: =+'Internal Wall'!AX97 -> 0 | AO45: =+'Internal Wall'!AY97 -> 0 | ... BL45: =+'Internal Wall'!BV97 -> 0 | BM45: =+'Internal Wall'!IR98 -> 0 | BN45: =+'Internal Wall'!BX97 -> 0 | BO45: =+'Internal Wall'!BY97 -> 0 | BP45: =+'Internal Wall'!BZ97 -> 0 | BQ45: =+'Internal Wall'!CA97 -> 0 | BR45: =+'Internal Wall'!CB97 -> 11 | BS45: =+'Internal Wall'!CC97 -> 0 | BT45: =+'Internal Wall'!CD97 -> 0 | BU45: =+'Internal Wall'!CE97 -> 0 | ... GY45: =+'Internal Wall'!HI97 -> 0
C46: External Wall | D46: Lm
C47: Slab | D47: M2
B49: L1 to L2 | C49: Columns | D49: Nos
C50: Internal Wall | D50: Lm | E50: =+'Internal Wall'!O101 -> 0 | F50: =+'Internal Wall'!P101 -> 0 | G50: =+'Internal Wall'!Q101 -> 0 | H50: =+'Internal Wall'!R101 -> 0 | I50: =+'Internal Wall'!S101 -> 0 | J50: =+'Internal Wall'!T101 -> 0 | K50: =+'Internal Wall'!U101 -> 0 | L50: =+'Internal Wall'!V101 -> 0 | ... AF50: =+'Internal Wall'!AP101 -> 0 | AG50: =+'Internal Wall'!BN103 -> 0 | AH50: =+'Internal Wall'!AR101 -> 0 | AI50: =+'Internal Wall'!AS101 -> 0 | AJ50: =+'Internal Wall'!AT101 -> 0 | AK50: =+'Internal Wall'!AU101 -> 0 | AL50: =+'Internal Wall'!AV101 -> 0 | AM50: =+'Internal Wall'!AW101 -> 0 | AN50: =+'Internal Wall'!AX101 -> 0 | AO50: =+'Internal Wall'!AY101 -> 0 | ... BL50: =+'Internal Wall'!BV101 -> 0 | BM50: =+'Internal Wall'!IR103 -> 0 | BN50: =+'Internal Wall'!BX101 -> 0 | BO50: =+'Internal Wall'!BY101 -> 0 | BP50: =+'Internal Wall'!BZ101 -> 0 | BQ50: =+'Internal Wall'!CA101 -> 0 | BR50: =+'Internal Wall'!CB101 -> 0 | BS50: =+'Internal Wall'!CC101 -> 0 | BT50: =+'Internal Wall'!CD101 -> 0 | BU50: =+'Internal Wall'!CE101 -> 0 | ... GY50: =+'Internal Wall'!HI101 -> 0
C51: External Wall | D51: Lm
C52: Slab | D52: M2
B54: Summary up to GF | C54: Columns | D54: Nos | E54: =+E34+E39+E44 -> 1 | F54: =+F34+F39+F44 -> 0 | G54: =+G34+G39+G44 -> 0 | H54: =+H34+H39+H44 -> 0 | I54: =+I34+I39+I44 -> 0 | J54: =+J34+J39+J44 -> 0 | K54: =+K34+K39+K44 -> 0 | L54: =+L34+L39+L44 -> 0 | ... AF54: =+AF34+AF39+AF44 -> 0 | AG54: =+AG34+AG39 -> 0 | AH54: =+AH34+AH39+AH44 -> 0 | AI54: =+AI34+AI39+AI44 -> 0 | AJ54: =+AJ34+AJ39+AJ44 -> 0 | AK54: =+AK34+AK39+AK44 -> 2 | AL54: =+AL34+AL39+AL44 -> 0.5 | AM54: =+AM34+AM39+AM44 -> 0 | AN54: =+AN34+AN39+AN44 -> 0 | AO54: =+AO34+AO39+AO44 -> 0 | ... BL54: =+BL34+BL39+BL44 -> 0 | BM54: =+BM34+BM39 -> 0 | BN54: =+BN34+BN39+BN44 -> 0 | BO54: =+BO34+BO39+BO44 -> 0 | BP54: =+BP34+BP39+BP44 -> 0 | BQ54: =+BQ34+BQ39+BQ44 -> 0 | BR54: =+BR34+BR39+BR44 -> 0 | BS54: =+BS34+BS39+BS44 -> 0 | BT54: =+BT34+BT39+BT44 -> 2.5 | BU54: =+BU34+BU39+BU44 -> 0 | ... GY54: =+GY34+GY39+GY44 -> 0 | GZ54: =SUM(E54:CZ54) -> 40.5
C55: Walls | D55: Lm | E55: =E35+E36+E40+E41+E45+E46+E50 -> 33.3 | F55: =F35+F36+F40+F41+F45+F46+F50 -> 9 | G55: =G35+G36+G40+G41+G45+G46+G50 -> 0 | H55: =H35+H36+H40+H41+H45+H46+H50 -> 37.5 | I55: =I35+I36+I40+I41+I45+I46+I50 -> 0 | J55: =J35+J36+J40+J41+J45+J46+J50 -> 0 | K55: =K35+K36+K40+K41+K45+K46+K50 -> 40.9 | L55: =L35+L36+L40+L41+L45+L46+L50 -> 14 | ... AF55: =AF35+AF36+AF40+AF41+AF45+AF46+AF50 -> 3 | AG55: =AG35+AG36+AG40+AG41 -> 0 | AH55: =AH35+AH36+AH40+AH41+AH45+AH46+AH50 -> 0 | AI55: =AI35+AI36+AI40+AI41+AI45+AI46+AI50 -> 7.85 | AJ55: =AJ35+AJ36+AJ40+AJ41+AJ45+AJ46+AJ50 -> 29 | AK55: =AK35+AK36+AK40+AK41+AK45+AK46+AK50 -> 0 | AL55: =AL35+AL36+AL40+AL41+AL45+AL46+AL50 -> 4 | AM55: =AM35+AM36+AM40+AM41+AM45+AM46+AM50 -> 0 | AN55: =AN35+AN36+AN40+AN41+AN45+AN46+AN50 -> 0 | AO55: =AO35+AO36+AO40+AO41+AO45+AO46+AO50 -> 46.25 | ... BL55: =BL35+BL36+BL40+BL41+BL45+BL46+BL50 -> 25.25 | BM55: =BM35+BM36+BM40+BM41 -> 0 | BN55: =BN35+BN36+BN40+BN41+BN45+BN46+BN50 -> 21.4 | BO55: =BO35+BO36+BO40+BO41+BO45+BO46+BO50 -> 19.05 | BP55: =BP35+BP36+BP40+BP41+BP45+BP46+BP50 -> 0 | BQ55: =BQ35+BQ36+BQ40+BQ41+BQ45+BQ46+BQ50 -> 11.5 | BR55: =BR35+BR36+BR40+BR41+BR45+BR46+BR50 -> 44 | BS55: =BS35+BS36+BS40+BS41+BS45+BS46+BS50 -> 11.7 | BT55: =BT35+BT36+BT40+BT41+BT45+BT46+BT50 -> 7 | BU55: =BU35+BU36+BU40+BU41+BU45+BU46+BU50 -> 6.65 | ... GY55: =GY35+GY36+GY40+GY41+GY45+GY46+GY50 -> 0 | GZ55: =SUM(E55:CZ55) -> 1072.31
C56: Slab | D56: M2 | E56: =+E37+E42+E47 -> 68 | F56: =+F37+F42+F47 -> 0 | G56: =+G37+G42+G47 -> 0 | H56: =+H37+H42+H47 -> 0 | I56: =+I37+I42+I47 -> 0 | J56: =+J37+J42+J47 -> 0 | K56: =+K37+K42+K47 -> 0 | L56: =+L37+L42+L47 -> 0 | ... AF56: =+AF37+AF42+AF47 -> 0 | AG56: =+AG37+AG42 -> 0 | AH56: =+AH37+AH42+AH47 -> 0 | AI56: =+AI37+AI42+AI47 -> 0 | AJ56: =+AJ37+AJ42+AJ47 -> 0 | AK56: =+AK37+AK42+AK47 -> 0 | AL56: =+AL37+AL42+AL47 -> 0 | AM56: =+AM37+AM42+AM47 -> 0 | AN56: =+AN37+AN42+AN47 -> 0 | AO56: =+AO37+AO42+AO47 -> 0 | ... BL56: =+BL37+BL42+BL47 -> 0 | BM56: =+BM37+BM42 -> 0 | BN56: =+BN37+BN42+BN47 -> 0 | BO56: =+BO37+BO42+BO47 -> 0 | BP56: =+BP37+BP42+BP47 -> 0 | BQ56: =+BQ37+BQ42+BQ47 -> 58 | BR56: =+BR37+BR42+BR47 -> 0 | BS56: =+BS37+BS42+BS47 -> 48 | BT56: =+BT37+BT42+BT47 -> 50 | BU56: =+BU37+BU42+BU47 -> 350 | ... GY56: =+GY37+GY42+GY47 -> 0 | GZ56: =SUM(E56:CZ56) -> 4699.5
A58: Team 3 (Zone 1A,8,11)
B59: B2 to B1 | C59: Columns | D59: Nos | E59: =+Columns!O77 -> 0 | F59: =+Columns!P77 -> 0 | G59: =+Columns!Q77 -> 0 | H59: =+Columns!R77 -> 0 | I59: =+Columns!S77 -> 0 | J59: =+Columns!T77 -> 0 | K59: =+Columns!U77 -> 0 | L59: =+Columns!V77 -> 0 | ... GY59: =+Columns!HI77 -> 0
C60: Internal Wall | D60: Lm | E60: =+'Internal Wall'!O90 -> 0 | F60: =+'Internal Wall'!P90 -> 0 | G60: =+'Internal Wall'!Q90 -> 0 | H60: =+'Internal Wall'!R90 -> 0 | I60: =+'Internal Wall'!S90 -> 0 | J60: =+'Internal Wall'!T90 -> 0 | K60: =+'Internal Wall'!U90 -> 0 | L60: =+'Internal Wall'!V90 -> 24 | ... GY60: =+'Internal Wall'!HI90 -> 0
C61: External Wall | D61: Lm | E61: =+'External Wall'!O40 -> 0 | F61: =+'External Wall'!P40 -> 0 | G61: =+'External Wall'!Q40 -> 0 | H61: =+'External Wall'!R40 -> 0 | I61: =+'External Wall'!S40 -> 0 | J61: =+'External Wall'!T40 -> 0 | K61: =+'External Wall'!U40 -> 0 | L61: =+'External Wall'!V40 -> 0 | ... GY61: =+'External Wall'!HI40 -> 0
C62: Slab | D62: M2 | E62: =+Slab!O76 -> 0 | F62: =+Slab!P76 -> 0 | G62: =+Slab!Q76 -> 0 | H62: =+Slab!R76 -> 975 | I62: =+Slab!S76 -> 0 | J62: =+Slab!T76 -> 0 | K62: =+Slab!U76 -> 0 | L62: =+Slab!V76 -> 0 | ... GY62: =+Slab!HI76 -> 0
B64: B1 to GF | C64: Columns | D64: Nos | E64: =+Columns!O81 -> 0 | F64: =+Columns!P81 -> 0 | G64: =+Columns!Q81 -> 0 | H64: =+Columns!R81 -> 0 | I64: =+Columns!S81 -> 0 | J64: =+Columns!T81 -> 0 | K64: =+Columns!U81 -> 0 | L64: =+Columns!V81 -> 0 | ... GY64: =+Columns!HI81 -> 0
C65: Internal Wall | D65: Lm | E65: =+'Internal Wall'!O94 -> 0 | F65: =+'Internal Wall'!P94 -> 0 | G65: =+'Internal Wall'!Q94 -> 0 | H65: =+'Internal Wall'!R94 -> 0 | I65: =+'Internal Wall'!S94 -> 0 | J65: =+'Internal Wall'!T94 -> 0 | K65: =+'Internal Wall'!U94 -> 0 | L65: =+'Internal Wall'!V94 -> 0 | ... GY65: =+'Internal Wall'!HI94 -> 0
C66: External Wall | D66: Lm | E66: =+'External Wall'!O44 -> 0 | F66: =+'External Wall'!P44 -> 0 | G66: =+'External Wall'!Q44 -> 0 | H66: =+'External Wall'!R44 -> 0 | I66: =+'External Wall'!S44 -> 0 | J66: =+'External Wall'!T44 -> 0 | K66: =+'External Wall'!U44 -> 0 | L66: =+'External Wall'!V44 -> 0 | ... GY66: =+'External Wall'!HI44 -> 0
C67: Slab | D67: M2 | E67: =+Slab!O80 -> 0 | F67: =+Slab!P80 -> 0 | G67: =+Slab!Q80 -> 0 | H67: =+Slab!R80 -> 0 | I67: =+Slab!S80 -> 0 | J67: =+Slab!T80 -> 0 | K67: =+Slab!U80 -> 0 | L67: =+Slab!V80 -> 0 | ... GY67: =+Slab!HI80 -> 0
B69: GF to L1 | C69: Columns | D69: Nos
C70: Internal Wall | D70: Lm | E70: =+'Internal Wall'!O98 -> 0 | F70: =+'Internal Wall'!P98 -> 0 | G70: =+'Internal Wall'!Q98 -> 0 | H70: =+'Internal Wall'!R98 -> 0 | I70: =+'Internal Wall'!S98 -> 0 | J70: =+'Internal Wall'!T98 -> 0 | K70: =+'Internal Wall'!U98 -> 0 | L70: =+'Internal Wall'!V98 -> 0 | ... AF70: =+'Internal Wall'!AP98 -> 0 | AG70: =+'Internal Wall'!AQ99 -> 0 | AH70: =+'Internal Wall'!AR98 -> 0 | AI70: =+'Internal Wall'!AS98 -> 0 | AJ70: =+'Internal Wall'!AT98 -> 0 | AK70: =+'Internal Wall'!AU98 -> 0 | AL70: =+'Internal Wall'!AV98 -> 0 | AM70: =+'Internal Wall'!AW98 -> 0 | AN70: =+'Internal Wall'!AX98 -> 0 | AO70: =+'Internal Wall'!AY98 -> 0 | ... BL70: =+'Internal Wall'!BV98 -> 0 | BM70: =+'Internal Wall'!BW99 -> 0 | BN70: =+'Internal Wall'!BX98 -> 0 | BO70: =+'Internal Wall'!BY98 -> 0 | BP70: =+'Internal Wall'!BZ98 -> 0 | BQ70: =+'Internal Wall'!CA98 -> 0 | BR70: =+'Internal Wall'!CB98 -> 11 | BS70: =+'Internal Wall'!CC98 -> 0 | BT70: =+'Internal Wall'!CD98 -> 0 | BU70: =+'Internal Wall'!CE98 -> 0 | ... GY70: =+'Internal Wall'!HI98 -> 0
C71: External Wall | D71: Lm
C72: Slab | D72: M2
B74: L1 to L2 | C74: Columns | D74: Nos
C75: Internal Wall | D75: Lm | E75: =+'Internal Wall'!O102 -> 0 | F75: =+'Internal Wall'!P102 -> 0 | G75: =+'Internal Wall'!Q102 -> 0 | H75: =+'Internal Wall'!R102 -> 0 | I75: =+'Internal Wall'!S102 -> 0 | J75: =+'Internal Wall'!T102 -> 0 | K75: =+'Internal Wall'!U102 -> 0 | L75: =+'Internal Wall'!V102 -> 0 | ... AF75: =+'Internal Wall'!AP102 -> 0 | AG75: =+'Internal Wall'!AQ104 -> 0 | AH75: =+'Internal Wall'!AR102 -> 0 | AI75: =+'Internal Wall'!AS102 -> 0 | AJ75: =+'Internal Wall'!AT102 -> 0 | AK75: =+'Internal Wall'!AU102 -> 0 | AL75: =+'Internal Wall'!AV102 -> 0 | AM75: =+'Internal Wall'!AW102 -> 0 | AN75: =+'Internal Wall'!AX102 -> 0 | AO75: =+'Internal Wall'!AY102 -> 0 | ... BL75: =+'Internal Wall'!BV102 -> 0 | BM75: =+'Internal Wall'!BW104 -> 0 | BN75: =+'Internal Wall'!BX102 -> 0 | BO75: =+'Internal Wall'!BY102 -> 0 | BP75: =+'Internal Wall'!BZ102 -> 0 | BQ75: =+'Internal Wall'!CA102 -> 0 | BR75: =+'Internal Wall'!CB102 -> 0 | BS75: =+'Internal Wall'!CC102 -> 0 | BT75: =+'Internal Wall'!CD102 -> 0 | BU75: =+'Internal Wall'!CE102 -> 0 | ... GY75: =+'Internal Wall'!HI102 -> 0
C76: External Wall | D76: Lm
C77: Slab | D77: M2
B79: Summary up to GF | C79: Columns | D79: Nos | E79: =+E59+E64+E69 -> 0 | F79: =+F59+F64+F69 -> 0 | G79: =+G59+G64+G69 -> 0 | H79: =+H59+H64+H69 -> 0 | I79: =+I59+I64+I69 -> 0 | J79: =+J59+J64+J69 -> 0 | K79: =+K59+K64+K69 -> 0 | L79: =+L59+L64+L69 -> 0 | ... AF79: =+AF59+AF64+AF69 -> 0 | AG79: =+AG59+AG64 -> 0 | AH79: =+AH59+AH64+AH69 -> 0 | AI79: =+AI59+AI64+AI69 -> 0 | AJ79: =+AJ59+AJ64+AJ69 -> 0 | AK79: =+AK59+AK64+AK69 -> 0 | AL79: =+AL59+AL64+AL69 -> 0.5 | AM79: =+AM59+AM64+AM69 -> 0 | AN79: =+AN59+AN64+AN69 -> 0 | AO79: =+AO59+AO64+AO69 -> 0 | ... BL79: =+BL59+BL64+BL69 -> 0 | BM79: =+BM59+BM64 -> 0 | BN79: =+BN59+BN64+BN69 -> 0 | BO79: =+BO59+BO64+BO69 -> 0 | BP79: =+BP59+BP64+BP69 -> 0 | BQ79: =+BQ59+BQ64+BQ69 -> 0 | BR79: =+BR59+BR64+BR69 -> 0 | BS79: =+BS59+BS64+BS69 -> 0 | BT79: =+BT59+BT64+BT69 -> 0.5 | BU79: =+BU59+BU64+BU69 -> 0 | ... GY79: =+GY59+GY64+GY69 -> 0 | GZ79: =SUM(E79:CZ79) -> 57.5
C80: Walls | D80: Lm | E80: =E60+E61+E65+E66+E70+E71+E75 -> 0 | F80: =F60+F61+F65+F66+F70+F71+F75 -> 0 | G80: =G60+G61+G65+G66+G70+G71+G75 -> 0 | H80: =H60+H61+H65+H66+H70+H71+H75 -> 0 | I80: =I60+I61+I65+I66+I70+I71+I75 -> 0 | J80: =J60+J61+J65+J66+J70+J71+J75 -> 0 | K80: =K60+K61+K65+K66+K70+K71+K75 -> 0 | L80: =L60+L61+L65+L66+L70+L71+L75 -> 24 | ... AF80: =AF60+AF61+AF65+AF66+AF70+AF71+AF75 -> 3 | AG80: =AG60+AG61+AG65+AG66 -> 0 | AH80: =AH60+AH61+AH65+AH66+AH70+AH71+AH75 -> 0 | AI80: =AI60+AI61+AI65+AI66+AI70+AI71+AI75 -> 7.85 | AJ80: =AJ60+AJ61+AJ65+AJ66+AJ70+AJ71+AJ75 -> 0 | AK80: =AK60+AK61+AK65+AK66+AK70+AK71+AK75 -> 0 | AL80: =AL60+AL61+AL65+AL66+AL70+AL71+AL75 -> 6 | AM80: =AM60+AM61+AM65+AM66+AM70+AM71+AM75 -> 0 | AN80: =AN60+AN61+AN65+AN66+AN70+AN71+AN75 -> 0 | AO80: =AO60+AO61+AO65+AO66+AO70+AO71+AO75 -> 32.55 | ... BL80: =BL60+BL61+BL65+BL66+BL70+BL71+BL75 -> 9.25 | BM80: =BM60+BM61+BM65+BM66 -> 0 | BN80: =BN60+BN61+BN65+BN66+BN70+BN71+BN75 -> 28.6 | BO80: =BO60+BO61+BO65+BO66+BO70+BO71+BO75 -> 28.45 | BP80: =BP60+BP61+BP65+BP66+BP70+BP71+BP75 -> 0 | BQ80: =BQ60+BQ61+BQ65+BQ66+BQ70+BQ71+BQ75 -> 11.5 | BR80: =BR60+BR61+BR65+BR66+BR70+BR71+BR75 -> 20.7 | BS80: =BS60+BS61+BS65+BS66+BS70+BS71+BS75 -> 11.7 | BT80: =BT60+BT61+BT65+BT66+BT70+BT71+BT75 -> 7 | BU80: =BU60+BU61+BU65+BU66+BU70+BU71+BU75 -> 6.65 | ... GY80: =GY60+GY61+GY65+GY66+GY70+GY71+GY75 -> 0 | GZ80: =SUM(E80:CZ80) -> 1105
C81: Slab | D81: M2 | E81: =+E62+E67+E72 -> 0 | F81: =+F62+F67+F72 -> 0 | G81: =+G62+G67+G72 -> 0 | H81: =+H62+H67+H72 -> 975 | I81: =+I62+I67+I72 -> 0 | J81: =+J62+J67+J72 -> 0 | K81: =+K62+K67+K72 -> 0 | L81: =+L62+L67+L72 -> 0 | ... AF81: =+AF62+AF67+AF72 -> 0 | AG81: =+AG62+AG67 -> 0 | AH81: =+AH62+AH67+AH72 -> 0 | AI81: =+AI62+AI67+AI72 -> 0 | AJ81: =+AJ62+AJ67+AJ72 -> 0 | AK81: =+AK62+AK67+AK72 -> 0 | AL81: =+AL62+AL67+AL72 -> 0 | AM81: =+AM62+AM67+AM72 -> 0 | AN81: =+AN62+AN67+AN72 -> 0 | AO81: =+AO62+AO67+AO72 -> 0 | ... BL81: =+BL62+BL67+BL72 -> 0 | BM81: =+BM62+BM67 -> 0 | BN81: =+BN62+BN67+BN72 -> 0 | BO81: =+BO62+BO67+BO72 -> 0 | BP81: =+BP62+BP67+BP72 -> 0 | BQ81: =+BQ62+BQ67+BQ72 -> 0 | BR81: =+BR62+BR67+BR72 -> 0 | BS81: =+BS62+BS67+BS72 -> 0 | BT81: =+BT62+BT67+BT72 -> 0 | BU81: =+BU62+BU67+BU72 -> 350 | ... GY81: =+GY62+GY67+GY72 -> 0 | GZ81: =SUM(E81:CZ81) -> 5013.5
B84: Category | C84: Team -01 AHMAD RAMADAN | E84: Team -02 AHMAD FADDA | K84: Team -03 ODAI HUSSAIN BLASI
B85: Foreman | C85: 51 | E85: 21 | K85: 17
B86: Chargehand | C86: 68 | E86: 25 | K86: 24
B87: Carpenter | C87: 326 | E87: 262 | K87: 233
B88: Steel Fixer | C88: 231 | E88: 166 | K88: 164
B89: Scaffolder | C89: 63 | E89: 26 | K89: 29
B90: Mason | C90: 86 | E90: 21 | K90: 20
B91: Labour | C91: 16 | E91: 73 | K91: 67
B92: Rigger & Welder | C92: 1 | K92: 2
B93: Total Sum | C93: =SUM(C85:D92) -> 842 | E93: =SUM(E85:J92) -> 594 | K93: =SUM(K85:Q92) -> 556

Sheet Columns
A1: #VALUE! | D1: Diriyah II Management Contracting – Opera House Concrete Updates Columns Works
A6: S/No. | B6: Levels | C6: Zone | D6: Unit | E6: January | O6: February | AR6: March | BX6: April | DB6: May | EG6: June | FK6: July | GP6: August
E7: 24 | F7: 46047 | G7: 46048 | H7: 46049 | I7: 46050 | J7: 46051 | K7: 46052 | L7: 46053 | M7: Total | O7: 46054 | P7: 46055 | Q7: 46056 | R7: 46057 | S7: 46058 | T7: 46059 | U7: 46060 | V7: 46061 | W7: 46062 | X7: 46063 | Y7: 46064 | Z7: 46065 | AA7: 46066 | AB7: 46067 | AC7: 46068 | AD7: 46069 | AE7: 46070 | AF7: 46071 | AG7: 46072 | AH7: 46073 | AI7: 46074 | AJ7: 46075 | AK7: 46076 | AL7: 46077 | AM7: 46078 | AN7: 46079 | AO7: 46080 | AP7: 46081 | AR7: 46082 | AS7: 46083 | AT7: 46084 | AU7: 46085 | AV7: 46086 | AW7: 46087 | AX7: 46088 | AY7: 46089 | AZ7: 46090 | BA7: 46091 | BB7: 46092 | BC7: 46093 | BD7: 46094 | BE7: 46095 | BF7: 46096 | BG7: 46097 | BH7: 46098 | BI7: 46099 | BJ7: 46100 | BK7: 46101 | BL7: 46102 | BM7: 46103 | BN7: 46104 | BO7: 46105 | BP7: 46106 | BQ7: 46107 | BR7: 46108 | BS7: 46109 | BT7: 46110 | BU7: 46111 | BV7: 46112 | BX7: 46113 | BY7: 46114 | BZ7: 46115 | CA7: 46116 | CB7: 46117 | CC7: 46118 | CD7: 46119 | CE7: 46120 | CF7: 46121 | CG7: 46122 | CH7: 46123 | CI7: 46124 | CJ7: 46125 | CK7: 46126 | CL7: 46127 | CM7: 46128 | CN7: 46129 | CO7: 46130 | CP7: 46131 | CQ7: 46132 | CR7: 46133 | CS7: 46134 | CT7: 46135 | CU7: 46136 | CV7: 46137 | CW7: 46138 | CX7: 46139 | CY7: 46140 | CZ7: 46141 | DA7: 46142 | DB7: 46143 | DC7: 46144 | DD7: 46145 | DE7: 46146 | DF7: 46147 | DG7: 46148 | DH7: 46149 | DI7: 46150 | DJ7: 46151 | DK7: 46152 | DL7: 46153 | DM7: 46154 | DN7: 46155 | DO7: 46156 | DP7: 46157 | DQ7: 46158 | DR7: 46159 | DS7: 46160 | DT7: 46161 | DU7: 46162 | DV7: 46163 | DW7: 46164 | DX7: 46165 | DY7: 46166 | DZ7: 46167 | EA7: 46168 | EB7: 46169 | EC7: 46170 | ED7: 46171 | EE7: 46172 | EF7: 46173 | EG7: 46174 | EH7: 46175 | EI7: 46176 | EJ7: 46177 | EK7: 46178 | EL7: 46179 | EM7: 46180 | EN7: 46181 | EO7: 46182 | EP7: 46183 | EQ7: 46184 | ER7: 46185 | ES7: 46186 | ET7: 46187 | EU7: 46188 | EV7: 46189 | EW7: 46190 | EX7: 46191 | EY7: 46192 | EZ7: 46193 | FA7: 46194 | FB7: 46195 | FC7: 46196 | FD7: 46197 | FE7: 46198 | FF7: 46199 | FG7: 46200 | FH7: 46201 | FI7: 46202 | FJ7: 46203 | FK7: 46204 | FL7: 46205 | FM7: 46206 | FN7: 46207 | FO7: 46208 | FP7: 46209 | FQ7: 46210 | FR7: 46211 | FS7: 46212 | FT7: 46213 | FU7: 46214 | FV7: 46215 | FW7: 46216 | FX7: 46217 | FY7: 46218 | FZ7: 46219 | GA7: 46220 | GB7: 46221 | GC7: 46222 | GD7: 46223 | GE7: 46224 | GF7: 46225 | GG7: 46226 | GH7: 46227 | GI7: 46228 | GJ7: 46229 | GK7: 46230 | GL7: 46231 | GM7: 46232 | GN7: 46233 | GO7: 46234 | GP7: 46235 | GQ7: 46236 | GR7: 46237 | GS7: 46238 | GT7: 46239 | GU7: 46240 | GV7: 46241 | GW7: 46242 | GX7: 46243 | GY7: 46244 | GZ7: 46245 | HA7: 46246 | HB7: 46247 | HC7: 46248 | HD7: 46249 | HE7: 46250 | HF7: 46251 | HG7: 46252 | HH7: 46253 | HI7: 46254 | HJ7: 46255 | HK7: 46256 | HL7: 46257 | HM7: 46258 | HN7: 46259 | HO7: 46260 | HP7: 46261 | HQ7: 46262 | HR7: 46263 | HS7: 46264 | HT7: 46265 | HU7: Total
A8: 1 | B8: B2 to B1 | C8: Zone 1 | D8: Nos. | E8: 0 | F8: 0 | G8: 0 | H8: 0 | I8: 0 | J8: 2 | K8: 0 | L8: 0 | M8: =SUM(E8:L8) -> 2 | O8: 0 | P8: 0 | Q8: 0 | R8: 0 | S8: 0 | T8: 0 | U8: 0 | V8: 0 | W8: 1 | X8: 0 | Y8: 0 | Z8: 4 | AA8: 0 | AB8: 1 | AC8: 0 | AD8: 0 | AE8: 1 | AF8: 0 | AG8: 0 | AH8: 0 | AI8: 0 | AJ8: 0 | AK8: 0 | AL8: 0 | AM8: 0 | AN8: 0 | AO8: 0 | AP8: 0 | AR8: 0 | AS8: 0 | AT8: 0 | AU8: 0 | AV8: 1 | AW8: 0 | AX8: 0 | AY8: 0 | AZ8: 0 | BA8: 0 | BB8: 0 | BC8: 0 | BD8: 0 | BE8: 0 | BF8: 0 | BG8: 0 | BH8: 0 | BI8: 0 | BJ8: 0 | BK8: 0 | BL8: 0 | BM8: 0 | BN8: 0 | BO8: 0 | BP8: 0 | BQ8: 0 | BR8: 0 | BS8: 3 | BT8: 0 | BU8: 0 | BV8: 0 | BX8: 0 | BY8: 0 | BZ8: 0 | CA8: 0 | CB8: 0 | CC8: 0 | CD8: 0 | CE8: 0 | CF8: 0 | CG8: 0 | CH8: 0 | CI8: 0 | CJ8: 0 | CK8: 0 | CL8: 0 | CM8: 0 | CN8: 0 | CO8: 0 | CP8: 0 | CQ8: 0 | CR8: 0 | CS8: 0 | CT8: 0 | CU8: 0 | CV8: 1 | CW8: 0 | CX8: 0 | CY8: 0 | CZ8: 0 | DA8: 0 | DB8: 0 | DC8: 0 | DD8: 0 | DE8: 0 | DF8: 0 | DG8: 0 | DH8: 0 | DI8: 0 | DJ8: 0 | DK8: 0 | DL8: 2 | DM8: 0 | DN8: 0 | DO8: 0 | DP8: 0 | DQ8: 0 | DR8: 0 | DS8: 0 | DT8: 0 | DU8: 0 | DV8: 0 | DW8: 0 | DX8: 0 | DY8: 0 | DZ8: 0 | EA8: 0 | EB8: 0 | EC8: 0 | ED8: 0 | EE8: 0 | EF8: 0 | EG8: 0 | EH8: 0 | EI8: 0 | EJ8: 0 | EK8: 0 | EL8: 0 | EM8: 0 | EN8: 0 | EO8: 0 | EP8: 0 | EQ8: 0 | ER8: 0 | ES8: 0 | ET8: 0 | EU8: 0 | EV8: 0 | EW8: 0 | EX8: 0 | EY8: 0 | EZ8: 0 | FA8: 0 | FB8: 0 | FC8: 0 | FD8: 0 | FE8: 0 | FF8: 0 | FG8: 0 | FH8: 0 | FI8: 0 | FJ8: 0 | FK8: 0 | FL8: 0 | FM8: 0 | FN8: 0 | FO8: 0 | FP8: 0 | FQ8: 0 | FR8: 0 | FS8: 0 | FT8: 0 | FU8: 0 | FV8: 0 | FW8: 0 | FX8: 0 | FY8: 0 | FZ8: 0 | GA8: 0 | GB8: 0 | GC8: 0 | GD8: 0 | GE8: 0 | GF8: 0 | GG8: 0 | GH8: 0 | GI8: 0 | GJ8: 0 | GK8: 0 | GL8: 0 | GM8: 0 | GN8: 0 | GO8: 0 | GP8: 0 | GQ8: 0 | GR8: 0 | GS8: 0 | GT8: 0 | GU8: 0 | GV8: 0 | GW8: 0 | GX8: 0 | GY8: 0 | GZ8: 0 | HA8: 0 | HB8: 0 | HC8: 0 | HD8: 0 | HE8: 0 | HF8: 0 | HG8: 0 | HH8: 0 | HU8: =SUM(O8:HT8) -> 14
A9: 2 | C9: Zone 2 | D9: Nos. | E9: 0 | F9: 0 | G9: 0 | H9: 0 | I9: 0 | J9: 0 | K9: 0 | L9: 0 | M9: =SUM(E9:L9) -> 0 | O9: 0 | P9: 0 | Q9: 0 | R9: 0 | S9: 0 | T9: 0 | U9: 0 | V9: 0 | W9: 0 | X9: 0 | Y9: 0 | Z9: 0 | AA9: 0 | AB9: 0 | AC9: 0 | AD9: 0 | AE9: 0 | AF9: 0 | AG9: 0 | AH9: 0 | AI9: 0 | AJ9: 0 | AK9: 0 | AL9: 0 | AM9: 0 | AN9: 0 | AO9: 0 | AP9: 0 | AR9: 0 | AS9: 0 | AT9: 0 | AU9: 0 | AV9: 0 | AW9: 0 | AX9: 0 | AY9: 0 | AZ9: 0 | BA9: 0 | BB9: 0 | BC9: 0 | BD9: 0 | BE9: 0 | BF9: 0 | BG9: 0 | BH9: 0 | BI9: 0 | BJ9: 0 | BK9: 0 | BL9: 0 | BM9: 0 | BN9: 0 | BO9: 0 | BP9: 0 | BQ9: 0 | BR9: 0 | BS9: 0 | BT9: 0 | BU9: 0 | BV9: 0 | BX9: 0 | BY9: 0 | BZ9: 0 | CA9: 0 | CB9: 0 | CC9: 0 | CD9: 0 | CE9: 0 | CF9: 0 | CG9: 0 | CH9: 0 | CI9: 0 | CJ9: 0 | CK9: 0 | CL9: 0 | CM9: 0 | CN9: 0 | CO9: 0 | CP9: 0 | CQ9: 0 | CR9: 0 | CS9: 0 | CT9: 0 | CU9: 0 | CV9: 0 | CW9: 0 | CX9: 0 | CY9: 0 | CZ9: 0 | DA9: 0 | DB9: 0 | DC9: 0 | DD9: 0 | DE9: 0 | DF9: 0 | DG9: 0 | DH9: 0 | DI9: 0 | DJ9: 0 | DK9: 0 | DL9: 0 | DM9: 0 | DN9: 0 | DO9: 0 | DP9: 0 | DQ9: 0 | DR9: 0 | DS9: 0 | DT9: 0 | DU9: 0 | DV9: 0 | DW9: 0 | DX9: 0 | DY9: 0 | DZ9: 0 | EA9: 0 | EB9: 0 | EC9: 0 | ED9: 0 | EE9: 0 | EF9: 0 | EG9: 0 | EH9: 0 | EI9: 0 | EJ9: 0 | EK9: 0 | EL9: 0 | EM9: 0 | EN9: 0 | EO9: 0 | EP9: 0 | EQ9: 0 | ER9: 0 | ES9: 0 | ET9: 0 | EU9: 0 | EV9: 0 | EW9: 0 | EX9: 0 | EY9: 0 | EZ9: 0 | FA9: 0 | FB9: 0 | FC9: 0 | FD9: 0 | FE9: 0 | FF9: 0 | FG9: 0 | FH9: 0 | FI9: 0 | FJ9: 0 | FK9: 0 | FL9: 0 | FM9: 0 | FN9: 0 | FO9: 0 | FP9: 0 | FQ9: 0 | FR9: 0 | FS9: 0 | FT9: 0 | FU9: 0 | FV9: 0 | FW9: 0 | FX9: 0 | FY9: 0 | FZ9: 0 | GA9: 0 | GB9: 0 | GC9: 0 | GD9: 0 | GE9: 0 | GF9: 0 | GG9: 0 | GH9: 0 | GI9: 0 | GJ9: 0 | GK9: 0 | GL9: 0 | GM9: 0 | GN9: 0 | GO9: 0 | GP9: 0 | GQ9: 0 | GR9: 0 | GS9: 0 | GT9: 0 | GU9: 0 | GV9: 0 | GW9: 0 | GX9: 0 | GY9: 0 | GZ9: 0 | HA9: 0 | HB9: 0 | HC9: 0 | HD9: 0 | HE9: 0 | HF9: 0 | HG9: 0 | HH9: 0 | HU9: =SUM(O9:HT9) -> 0
A10: 3 | C10: Zone 3 | D10: Nos. | E10: 0 | F10: 0 | G10: 0 | H10: 0 | I10: 0 | J10: 0 | K10: 0 | L10: 0 | M10: =SUM(E10:L10) -> 0 | O10: 0 | P10: 0 | Q10: 0 | R10: 0 | S10: 0 | T10: 0 | U10: 0 | V10: 0 | W10: 0 | X10: 0 | Y10: 0 | Z10: 0 | AA10: 0 | AB10: 0 | AC10: 0 | AD10: 0 | AE10: 0 | AF10: 0 | AG10: 0 | AH10: 0 | AI10: 0 | AJ10: 0 | AK10: 0 | AL10: 0 | AM10: 0 | AN10: 0 | AO10: 0 | AP10: 0 | AR10: 0 | AS10: 0 | AT10: 0 | AU10: 0 | AV10: 0 | AW10: 0 | AX10: 0 | AY10: 0 | AZ10: 0 | BA10: 0 | BB10: 0 | BC10: 0 | BD10: 0 | BE10: 0 | BF10: 0 | BG10: 0 | BH10: 0 | BI10: 0 | BJ10: 0 | BK10: 0 | BL10: 0 | BM10: 0 | BN10: 0 | BO10: 0 | BP10: 0 | BQ10: 0 | BR10: 0 | BS10: 0 | BT10: 0 | BU10: 0 | BV10: 0 | BX10: 0 | BY10: 0 | BZ10: 0 | CA10: 0 | CB10: 0 | CC10: 0 | CD10: 0 | CE10: 0 | CF10: 0 | CG10: 0 | CH10: 0 | CI10: 0 | CJ10: 0 | CK10: 0 | CL10: 0 | CM10: 0 | CN10: 0 | CO10: 0 | CP10: 0 | CQ10: 0 | CR10: 0 | CS10: 0 | CT10: 0 | CU10: 0 | CV10: 0 | CW10: 0 | CX10: 0 | CY10: 0 | CZ10: 0 | DA10: 0 | DB10: 0 | DC10: 0 | DD10: 0 | DE10: 0 | DF10: 0 | DG10: 0 | DH10: 0 | DI10: 0 | DJ10: 0 | DK10: 0 | DL10: 0 | DM10: 0 | DN10: 0 | DO10: 0 | DP10: 0 | DQ10: 0 | DR10: 0 | DS10: 0 | DT10: 0 | DU10: 0 | DV10: 0 | DW10: 0 | DX10: 0 | DY10: 0 | DZ10: 0 | EA10: 0 | EB10: 0 | EC10: 0 | ED10: 0 | EE10: 0 | EF10: 0 | EG10: 0 | EH10: 0 | EI10: 0 | EJ10: 0 | EK10: 0 | EL10: 0 | EM10: 0 | EN10: 0 | EO10: 0 | EP10: 0 | EQ10: 0 | ER10: 0 | ES10: 0 | ET10: 0 | EU10: 0 | EV10: 0 | EW10: 0 | EX10: 0 | EY10: 0 | EZ10: 0 | FA10: 0 | FB10: 0 | FC10: 0 | FD10: 0 | FE10: 0 | FF10: 0 | FG10: 0 | FH10: 0 | FI10: 0 | FJ10: 0 | FK10: 0 | FL10: 0 | FM10: 0 | FN10: 0 | FO10: 0 | FP10: 0 | FQ10: 0 | FR10: 0 | FS10: 0 | FT10: 0 | FU10: 0 | FV10: 0 | FW10: 0 | FX10: 0 | FY10: 0 | FZ10: 0 | GA10: 0 | GB10: 0 | GC10: 0 | GD10: 0 | GE10: 0 | GF10: 0 | GG10: 0 | GH10: 0 | GI10: 0 | GJ10: 0 | GK10: 0 | GL10: 0 | GM10: 0 | GN10: 0 | GO10: 0 | GP10: 0 | GQ10: 0 | GR10: 0 | GS10: 0 | GT10: 0 | GU10: 0 | GV10: 0 | GW10: 0 | GX10: 0 | GY10: 0 | GZ10: 0 | HA10: 0 | HB10: 0 | HC10: 0 | HD10: 0 | HE10: 0 | HF10: 0 | HG10: 0 | HH10: 0 | HU10: =SUM(O10:HT10) -> 0
A11: 4 | C11: Zone 4 | D11: Nos. | E11: 0 | F11: 0 | G11: 0 | H11: 0 | I11: 0 | J11: 0 | K11: 0 | L11: 0 | M11: =SUM(E11:L11) -> 0 | O11: 0 | P11: 0 | Q11: 0 | R11: 0 | S11: 0 | T11: 0 | U11: 0 | V11: 0 | W11: 0 | X11: 0 | Y11: 0 | Z11: 0 | AA11: 0 | AB11: 0 | AC11: 0 | AD11: 0 | AE11: 0 | AF11: 0 | AG11: 0 | AH11: 0 | AI11: 0 | AJ11: 0 | AK11: 0 | AL11: 0 | AM11: 0 | AN11: 0 | AO11: 0 | AP11: 0 | AR11: 0 | AS11: 0 | AT11: 0 | AU11: 0 | AV11: 0 | AW11: 0 | AX11: 0 | AY11: 0 | AZ11: 0 | BA11: 0 | BB11: 0 | BC11: 0 | BD11: 0 | BE11: 0 | BF11: 0 | BG11: 0 | BH11: 0 | BI11: 0 | BJ11: 0 | BK11: 0 | BL11: 0 | BM11: 0 | BN11: 0 | BO11: 0 | BP11: 0 | BQ11: 0 | BR11: 0 | BS11: 0 | BT11: 0 | BU11: 0 | BV11: 0 | BX11: 0 | BY11: 0 | BZ11: 0 | CA11: 0 | CB11: 0 | CC11: 0 | CD11: 0 | CE11: 0 | CF11: 0 | CG11: 0 | CH11: 0 | CI11: 0 | CJ11: 0 | CK11: 0 | CL11: 0 | CM11: 0 | CN11: 0 | CO11: 0 | CP11: 0 | CQ11: 0 | CR11: 0 | CS11: 0 | CT11: 0 | CU11: 0 | CV11: 0 | CW11: 0 | CX11: 0 | CY11: 0 | CZ11: 0 | DA11: 0 | DB11: 0 | DC11: 0 | DD11: 0 | DE11: 0 | DF11: 0 | DG11: 0 | DH11: 0 | DI11: 0 | DJ11: 0 | DK11: 0 | DL11: 0 | DM11: 0 | DN11: 0 | DO11: 0 | DP11: 0 | DQ11: 0 | DR11: 0 | DS11: 0 | DT11: 0 | DU11: 0 | DV11: 0 | DW11: 0 | DX11: 0 | DY11: 0 | DZ11: 0 | EA11: 0 | EB11: 0 | EC11: 0 | ED11: 0 | EE11: 0 | EF11: 0 | EG11: 0 | EH11: 0 | EI11: 0 | EJ11: 0 | EK11: 0 | EL11: 0 | EM11: 0 | EN11: 0 | EO11: 0 | EP11: 0 | EQ11: 0 | ER11: 0 | ES11: 0 | ET11: 0 | EU11: 0 | EV11: 0 | EW11: 0 | EX11: 0 | EY11: 0 | EZ11: 0 | FA11: 0 | FB11: 0 | FC11: 0 | FD11: 0 | FE11: 0 | FF11: 0 | FG11: 0 | FH11: 0 | FI11: 0 | FJ11: 0 | FK11: 0 | FL11: 0 | FM11: 0 | FN11: 0 | FO11: 0 | FP11: 0 | FQ11: 0 | FR11: 0 | FS11: 0 | FT11: 0 | FU11: 0 | FV11: 0 | FW11: 0 | FX11: 0 | FY11: 0 | FZ11: 0 | GA11: 0 | GB11: 0 | GC11: 0 | GD11: 0 | GE11: 0 | GF11: 0 | GG11: 0 | GH11: 0 | GI11: 0 | GJ11: 0 | GK11: 0 | GL11: 0 | GM11: 0 | GN11: 0 | GO11: 0 | GP11: 0 | GQ11: 0 | GR11: 0 | GS11: 0 | GT11: 0 | GU11: 0 | GV11: 0 | GW11: 0 | GX11: 0 | GY11: 0 | GZ11: 0 | HA11: 0 | HB11: 0 | HC11: 0 | HD11: 0 | HE11: 0 | HF11: 0 | HG11: 0 | HH11: 0 | HU11: =SUM(O11:HT11) -> 0
A12: 5 | C12: Zone 5 | D12: Nos. | E12: 0 | F12: 0 | G12: 0 | H12: 0 | I12: 0 | J12: 0 | K12: 0 | L12: 0 | M12: =SUM(E12:L12) -> 0 | O12: 0 | P12: 0 | Q12: 0 | R12: 0 | S12: 0 | T12: 0 | U12: 0 | V12: 0 | W12: 0 | X12: 0 | Y12: 0 | Z12: 0 | AA12: 0 | AB12: 0 | AC12: 0 | AD12: 0 | AE12: 0 | AF12: 0 | AG12: 0 | AH12: 0 | AI12: 0 | AJ12: 0 | AK12: 0 | AL12: 0 | AM12: 0 | AN12: 0 | AO12: 0 | AP12: 0 | AR12: 0 | AS12: 0 | AT12: 0 | AU12: 0 | AV12: 0 | AW12: 0 | AX12: 0 | AY12: 0 | AZ12: 0 | BA12: 0 | BB12: 0 | BC12: 0 | BD12: 0 | BE12: 0 | BF12: 0 | BG12: 0 | BH12: 0 | BI12: 0 | BJ12: 0 | BK12: 0 | BL12: 0 | BM12: 0 | BN12: 0 | BO12: 3 | BP12: 0 | BQ12: 0 | BR12: 0 | BS12: 0 | BT12: 0 | BU12: 0 | BV12: 0 | BX12: 2 | BY12: 0 | BZ12: 0 | CA12: 0 | CB12: 0 | CC12: 0 | CD12: 0 | CE12: 0 | CF12: 0 | CG12: 0 | CH12: 0 | CI12: 0 | CJ12: 0 | CK12: 0 | CL12: 0 | CM12: 0 | CN12: 0 | CO12: 0 | CP12: 0 | CQ12: 0 | CR12: 0 | CS12: 0 | CT12: 0 | CU12: 0 | CV12: 0 | CW12: 0 | CX12: 0 | CY12: 0 | CZ12: 0 | DA12: 5 | DB12: 0 | DC12: 0 | DD12: 0 | DE12: 0 | DF12: 0 | DG12: 0 | DH12: 0 | DI12: 0 | DJ12: 0 | DK12: 0 | DL12: 0 | DM12: 0 | DN12: 0 | DO12: 0 | DP12: 0 | DQ12: 0 | DR12: 0 | DS12: 0 | DT12: 0 | DU12: 0 | DV12: 0 | DW12: 0 | DX12: 0 | DY12: 0 | DZ12: 0 | EA12: 0 | EB12: 0 | EC12: 0 | ED12: 0 | EE12: 0 | EF12: 0 | EG12: 0 | EH12: 0 | EI12: 0 | EJ12: 0 | EK12: 0 | EL12: 0 | EM12: 0 | EN12: 0 | EO12: 0 | EP12: 0 | EQ12: 0 | ER12: 0 | ES12: 0 | ET12: 0 | EU12: 0 | EV12: 0 | EW12: 0 | EX12: 0 | EY12: 0 | EZ12: 0 | FA12: 0 | FB12: 0 | FC12: 0 | FD12: 0 | FE12: 0 | FF12: 0 | FG12: 0 | FH12: 0 | FI12: 0 | FJ12: 0 | FK12: 0 | FL12: 0 | FM12: 0 | FN12: 0 | FO12: 0 | FP12: 0 | FQ12: 0 | FR12: 0 | FS12: 0 | FT12: 0 | FU12: 0 | FV12: 0 | FW12: 0 | FX12: 0 | FY12: 0 | FZ12: 0 | GA12: 0 | GB12: 0 | GC12: 0 | GD12: 0 | GE12: 0 | GF12: 0 | GG12: 0 | GH12: 0 | GI12: 0 | GJ12: 0 | GK12: 0 | GL12: 0 | GM12: 0 | GN12: 0 | GO12: 0 | GP12: 0 | GQ12: 0 | GR12: 0 | GS12: 0 | GT12: 0 | GU12: 0 | GV12: 0 | GW12: 0 | GX12: 0 | GY12: 0 | GZ12: 0 | HA12: 0 | HB12: 0 | HC12: 0 | HD12: 0 | HE12: 0 | HF12: 0 | HG12: 0 | HH12: 0 | HU12: =SUM(O12:HT12) -> 10
A13: 6 | C13: Zone 6 | D13: Nos. | E13: 0 | F13: 0 | G13: 0 | H13: 0 | I13: 0 | J13: 0 | K13: 0 | L13: 0 | M13: =SUM(E13:L13) -> 0 | O13: 0 | P13: 0 | Q13: 0 | R13: 0 | S13: 0 | T13: 0 | U13: 0 | V13: 0 | W13: 0 | X13: 0 | Y13: 0 | Z13: 0 | AA13: 0 | AB13: 0 | AC13: 0 | AD13: 0 | AE13: 0 | AF13: 0 | AG13: 0 | AH13: 0 | AI13: 0 | AJ13: 0 | AK13: 0 | AL13: 0 | AM13: 0 | AN13: 0 | AO13: 0 | AP13: 0 | AR13: 0 | AS13: 0 | AT13: 0 | AU13: 0 | AV13: 0 | AW13: 0 | AX13: 0 | AY13: 0 | AZ13: 0 | BA13: 0 | BB13: 0 | BC13: 0 | BD13: 0 | BE13: 0 | BF13: 0 | BG13: 0 | BH13: 0 | BI13: 0 | BJ13: 0 | BK13: 0 | BL13: 0 | BM13: 0 | BN13: 0 | BO13: 0 | BP13: 0 | BQ13: 0 | BR13: 0 | BS13: 0 | BT13: 0 | BU13: 0 | BV13: 0 | BX13: 0 | BY13: 0 | BZ13: 0 | CA13: 0 | CB13: 0 | CC13: 0 | CD13: 0 | CE13: 0 | CF13: 0 | CG13: 0 | CH13: 0 | CI13: 0 | CJ13: 0 | CK13: 0 | CL13: 0 | CM13: 0 | CN13: 0 | CO13: 0 | CP13: 0 | CQ13: 0 | CR13: 0 | CS13: 0 | CT13: 0 | CU13: 0 | CV13: 0 | CW13: 0 | CX13: 0 | CY13: 0 | CZ13: 0 | DA13: 0 | DB13: 0 | DC13: 0 | DD13: 0 | DE13: 0 | DF13: 0 | DG13: 0 | DH13: 0 | DI13: 0 | DJ13: 0 | DK13: 0 | DL13: 0 | DM13: 0 | DN13: 0 | DO13: 0 | DP13: 0 | DQ13: 0 | DR13: 0 | DS13: 0 | DT13: 0 | DU13: 0 | DV13: 0 | DW13: 0 | DX13: 0 | DY13: 0 | DZ13: 0 | EA13: 0 | EB13: 0 | EC13: 0 | ED13: 0 | EE13: 0 | EF13: 0 | EG13: 0 | EH13: 0 | EI13: 0 | EJ13: 0 | EK13: 0 | EL13: 0 | EM13: 0 | EN13: 0 | EO13: 0 | EP13: 0 | EQ13: 0 | ER13: 0 | ES13: 0 | ET13: 0 | EU13: 0 | EV13: 0 | EW13: 0 | EX13: 0 | EY13: 0 | EZ13: 0 | FA13: 0 | FB13: 0 | FC13: 0 | FD13: 0 | FE13: 0 | FF13: 0 | FG13: 0 | FH13: 0 | FI13: 0 | FJ13: 0 | FK13: 0 | FL13: 0 | FM13: 0 | FN13: 0 | FO13: 0 | FP13: 0 | FQ13: 0 | FR13: 0 | FS13: 0 | FT13: 0 | FU13: 0 | FV13: 0 | FW13: 0 | FX13: 0 | FY13: 0 | FZ13: 0 | GA13: 0 | GB13: 0 | GC13: 0 | GD13: 0 | GE13: 0 | GF13: 0 | GG13: 0 | GH13: 0 | GI13: 0 | GJ13: 0 | GK13: 0 | GL13: 0 | GM13: 0 | GN13: 0 | GO13: 0 | GP13: 0 | GQ13: 0 | GR13: 0 | GS13: 0 | GT13: 0 | GU13: 0 | GV13: 0 | GW13: 0 | GX13: 0 | GY13: 0 | GZ13: 0 | HA13: 0 | HB13: 0 | HC13: 0 | HD13: 0 | HE13: 0 | HF13: 0 | HG13: 0 | HH13: 0 | HU13: =SUM(O13:HT13) -> 0
A14: 7 | C14: Zone 7 | D14: Nos. | E14: 0 | F14: 0 | G14: 0 | H14: 0 | I14: 0 | J14: 0 | K14: 0 | L14: 0 | M14: =SUM(E14:L14) -> 0 | O14: 0 | P14: 0 | Q14: 0 | R14: 0 | S14: 0 | T14: 0 | U14: 0 | V14: 0 | W14: 0 | X14: 0 | Y14: 0 | Z14: 0 | AA14: 0 | AB14: 0 | AC14: 0 | AD14: 0 | AE14: 0 | AF14: 0 | AG14: 0 | AH14: 0 | AI14: 0 | AJ14: 0 | AK14: 0 | AL14: 0 | AM14: 0 | AN14: 0 | AO14: 0 | AP14: 0 | AR14: 0 | AS14: 0 | AT14: 0 | AU14: 0 | AV14: 0 | AW14: 0 | AX14: 0 | AY14: 0 | AZ14: 0 | BA14: 0 | BB14: 0 | BC14: 0 | BD14: 0 | BE14: 0 | BF14: 0 | BG14: 0 | BH14: 0 | BI14: 0 | BJ14: 0 | BK14: 0 | BL14: 0 | BM14: 0 | BN14: 0 | BO14: 0 | BP14: 0 | BQ14: 0 | BR14: 0 | BS14: 0 | BT14: 0 | BU14: 0 | BV14: 0 | BX14: 0 | BY14: 0 | BZ14: 0 | CA14: 0 | CB14: 0 | CC14: 0 | CD14: 0 | CE14: 0 | CF14: 0 | CG14: 0 | CH14: 0 | CI14: 0 | CJ14: 0 | CK14: 0 | CL14: 0 | CM14: 0 | CN14: 0 | CO14: 0 | CP14: 0 | CQ14: 0 | CR14: 0 | CS14: 0 | CT14: 0 | CU14: 0 | CV14: 0 | CW14: 0 | CX14: 0 | CY14: 0 | CZ14: 0 | DA14: 0 | DB14: 0 | DC14: 0 | DD14: 0 | DE14: 0 | DF14: 0 | DG14: 0 | DH14: 0 | DI14: 0 | DJ14: 0 | DK14: 0 | DL14: 0 | DM14: 0 | DN14: 0 | DO14: 0 | DP14: 0 | DQ14: 0 | DR14: 0 | DS14: 0 | DT14: 0 | DU14: 0 | DV14: 0 | DW14: 0 | DX14: 0 | DY14: 0 | DZ14: 0 | EA14: 0 | EB14: 0 | EC14: 0 | ED14: 0 | EE14: 0 | EF14: 0 | EG14: 0 | EH14: 0 | EI14: 0 | EJ14: 0 | EK14: 0 | EL14: 0 | EM14: 0 | EN14: 0 | EO14: 0 | EP14: 0 | EQ14: 0 | ER14: 0 | ES14: 0 | ET14: 0 | EU14: 0 | EV14: 0 | EW14: 0 | EX14: 0 | EY14: 0 | EZ14: 0 | FA14: 0 | FB14: 0 | FC14: 0 | FD14: 0 | FE14: 0 | FF14: 0 | FG14: 0 | FH14: 0 | FI14: 0 | FJ14: 0 | FK14: 0 | FL14: 0 | FM14: 0 | FN14: 0 | FO14: 0 | FP14: 0 | FQ14: 0 | FR14: 0 | FS14: 0 | FT14: 0 | FU14: 0 | FV14: 0 | FW14: 0 | FX14: 0 | FY14: 0 | FZ14: 0 | GA14: 0 | GB14: 0 | GC14: 0 | GD14: 0 | GE14: 0 | GF14: 0 | GG14: 0 | GH14: 0 | GI14: 0 | GJ14: 0 | GK14: 0 | GL14: 0 | GM14: 0 | GN14: 0 | GO14: 0 | GP14: 0 | GQ14: 0 | GR14: 0 | GS14: 0 | GT14: 0 | GU14: 0 | GV14: 0 | GW14: 0 | GX14: 0 | GY14: 0 | GZ14: 0 | HA14: 0 | HB14: 0 | HC14: 0 | HD14: 0 | HE14: 0 | HF14: 0 | HG14: 0 | HH14: 0 | HU14: =SUM(O14:HT14) -> 0
A15: 8 | C15: Zone 8 | D15: Nos. | E15: 0 | F15: 0 | G15: 0 | H15: 0 | I15: 0 | J15: 0 | K15: 0 | L15: 0 | M15: =SUM(E15:L15) -> 0 | O15: 0 | P15: 0 | Q15: 0 | R15: 0 | S15: 0 | T15: 0 | U15: 0 | V15: 0 | W15: 0 | X15: 0 | Y15: 0 | Z15: 0 | AA15: 0 | AB15: 0 | AC15: 0 | AD15: 0 | AE15: 0 | AF15: 0 | AG15: 0 | AH15: 0 | AI15: 0 | AJ15: 0 | AK15: 0 | AL15: 0 | AM15: 0 | AN15: 0 | AO15: 0 | AP15: 0 | AR15: 0 | AS15: 0 | AT15: 0 | AU15: 0 | AV15: 0 | AW15: 0 | AX15: 0 | AY15: 0 | AZ15: 0 | BA15: 0 | BB15: 0 | BC15: 0 | BD15: 0 | BE15: 0 | BF15: 0 | BG15: 0 | BH15: 0 | BI15: 0 | BJ15: 0 | BK15: 0 | BL15: 0 | BM15: 0 | BN15: 0 | BO15: 0 | BP15: 0 | BQ15: 0 | BR15: 0 | BS15: 0 | BT15: 0 | BU15: 0 | BV15: 0 | BX15: 0 | BY15: 0 | BZ15: 0 | CA15: 0 | CB15: 0 | CC15: 0 | CD15: 0 | CE15: 0 | CF15: 0 | CG15: 0 | CH15: 0 | CI15: 0 | CJ15: 0 | CK15: 0 | CL15: 0 | CM15: 0 | CN15: 0 | CO15: 0 | CP15: 0 | CQ15: 0 | CR15: 0 | CS15: 0 | CT15: 0 | CU15: 0 | CV15: 0 | CW15: 0 | CX15: 0 | CY15: 0 | CZ15: 0 | DA15: 0 | DB15: 0 | DC15: 0 | DD15: 0 | DE15: 0 | DF15: 0 | DG15: 0 | DH15: 0 | DI15: 0 | DJ15: 0 | DK15: 0 | DL15: 0 | DM15: 0 | DN15: 0 | DO15: 0 | DP15: 0 | DQ15: 0 | DR15: 0 | DS15: 0 | DT15: 0 | DU15: 0 | DV15: 0 | DW15: 0 | DX15: 0 | DY15: 0 | DZ15: 0 | EA15: 0 | EB15: 0 | EC15: 0 | ED15: 0 | EE15: 0 | EF15: 0 | EG15: 0 | EH15: 0 | EI15: 0 | EJ15: 0 | EK15: 0 | EL15: 0 | EM15: 0 | EN15: 0 | EO15: 0 | EP15: 0 | EQ15: 0 | ER15: 0 | ES15: 0 | ET15: 0 | EU15: 0 | EV15: 0 | EW15: 0 | EX15: 0 | EY15: 0 | EZ15: 0 | FA15: 0 | FB15: 0 | FC15: 0 | FD15: 0 | FE15: 0 | FF15: 0 | FG15: 0 | FH15: 0 | FI15: 0 | FJ15: 0 | FK15: 0 | FL15: 0 | FM15: 0 | FN15: 0 | FO15: 0 | FP15: 0 | FQ15: 0 | FR15: 0 | FS15: 0 | FT15: 0 | FU15: 0 | FV15: 0 | FW15: 0 | FX15: 0 | FY15: 0 | FZ15: 0 | GA15: 0 | GB15: 0 | GC15: 0 | GD15: 0 | GE15: 0 | GF15: 0 | GG15: 0 | GH15: 0 | GI15: 0 | GJ15: 0 | GK15: 0 | GL15: 0 | GM15: 0 | GN15: 0 | GO15: 0 | GP15: 0 | GQ15: 0 | GR15: 0 | GS15: 0 | GT15: 0 | GU15: 0 | GV15: 0 | GW15: 0 | GX15: 0 | GY15: 0 | GZ15: 0 | HA15: 0 | HB15: 0 | HC15: 0 | HD15: 0 | HE15: 0 | HF15: 0 | HG15: 0 | HH15: 0 | HU15: =SUM(O15:HT15) -> 0
A16: 9 | C16: Zone 9 | D16: Nos. | E16: 0 | F16: 0 | G16: 0 | H16: 0 | I16: 0 | J16: 0 | K16: 0 | L16: 0 | M16: =SUM(E16:L16) -> 0 | O16: 1 | P16: 0 | Q16: 0 | R16: 0 | S16: 0 | T16: 0 | U16: 0 | V16: 0 | W16: 0 | X16: 0 | Y16: 0 | Z16: 0 | AA16: 0 | AB16: 0 | AC16: 0 | AD16: 0 | AE16: 0 | AF16: 0 | AG16: 0 | AH16: 0 | AI16: 0 | AJ16: 0 | AK16: 0 | AL16: 0 | AM16: 0 | AN16: 0 | AO16: 0 | AP16: 0 | AR16: 0 | AS16: 0 | AT16: 0 | AU16: 0 | AV16: 0 | AW16: 0 | AX16: 0 | AY16: 0 | AZ16: 0 | BA16: 0 | BB16: 0 | BC16: 0 | BD16: 0 | BE16: 0 | BF16: 0 | BG16: 0 | BH16: 0 | BI16: 0 | BJ16: 0 | BK16: 0 | BL16: 0 | BM16: 0 | BN16: 0 | BO16: 0 | BP16: 0 | BQ16: 0 | BR16: 0 | BS16: 0 | BT16: 0 | BU16: 0 | BV16: 0 | BX16: 0 | BY16: 0 | BZ16: 0 | CA16: 0 | CB16: 0 | CC16: 0 | CD16: 1 | CE16: 0 | CF16: 0 | CG16: 0 | CH16: 0 | CI16: 0 | CJ16: 0 | CK16: 0 | CL16: 0 | CM16: 0 | CN16: 0 | CO16: 0 | CP16: 0 | CQ16: 0 | CR16: 0 | CS16: 0 | CT16: 0 | CU16: 0 | CV16: 0 | CW16: 0 | CX16: 0 | CY16: 0 | CZ16: 0 | DA16: 0 | DB16: 0 | DC16: 0 | DD16: 0 | DE16: 0 | DF16: 0 | DG16: 0 | DH16: 0 | DI16: 0 | DJ16: 0 | DK16: 0 | DL16: 0 | DM16: 0 | DN16: 0 | DO16: 0 | DP16: 0 | DQ16: 0 | DR16: 0 | DS16: 0 | DT16: 0 | DU16: 0 | DV16: 0 | DW16: 0 | DX16: 0 | DY16: 0 | DZ16: 0 | EA16: 0 | EB16: 0 | EC16: 0 | ED16: 0 | EE16: 0 | EF16: 0 | EG16: 0 | EH16: 0 | EI16: 0 | EJ16: 0 | EK16: 0 | EL16: 0 | EM16: 0 | EN16: 0 | EO16: 0 | EP16: 0 | EQ16: 0 | ER16: 0 | ES16: 0 | ET16: 0 | EU16: 0 | EV16: 0 | EW16: 0 | EX16: 0 | EY16: 0 | EZ16: 0 | FA16: 0 | FB16: 0 | FC16: 0 | FD16: 0 | FE16: 0 | FF16: 0 | FG16: 0 | FH16: 0 | FI16: 0 | FJ16: 0 | FK16: 0 | FL16: 0 | FM16: 0 | FN16: 0 | FO16: 0 | FP16: 0 | FQ16: 0 | FR16: 0 | FS16: 0 | FT16: 0 | FU16: 0 | FV16: 0 | FW16: 0 | FX16: 0 | FY16: 0 | FZ16: 0 | GA16: 0 | GB16: 0 | GC16: 0 | GD16: 0 | GE16: 0 | GF16: 0 | GG16: 0 | GH16: 0 | GI16: 0 | GJ16: 0 | GK16: 0 | GL16: 0 | GM16: 0 | GN16: 0 | GO16: 0 | GP16: 0 | GQ16: 0 | GR16: 0 | GS16: 0 | GT16: 0 | GU16: 0 | GV16: 0 | GW16: 0 | GX16: 0 | GY16: 0 | GZ16: 0 | HA16: 0 | HB16: 0 | HC16: 0 | HD16: 0 | HE16: 0 | HF16: 0 | HG16: 0 | HH16: 0 | HU16: =SUM(O16:HT16) -> 2
A17: 10 | C17: Zone 10 | D17: Nos. | E17: 0 | F17: 0 | G17: 0 | H17: 0 | I17: 0 | J17: 0 | K17: 0 | L17: 0 | M17: =SUM(E17:L17) -> 0 | O17: 0 | P17: 0 | Q17: 0 | R17: 0 | S17: 0 | T17: 0 | U17: 0 | V17: 0 | W17: 0 | X17: 0 | Y17: 0 | Z17: 0 | AA17: 0 | AB17: 0 | AC17: 0 | AD17: 0 | AE17: 0 | AF17: 0 | AG17: 0 | AH17: 0 | AI17: 0 | AJ17: 0 | AK17: 0 | AL17: 0 | AM17: 0 | AN17: 0 | AO17: 0 | AP17: 0 | AR17: 0 | AS17: 0 | AT17: 0 | AU17: 0 | AV17: 0 | AW17: 0 | AX17: 0 | AY17: 0 | AZ17: 0 | BA17: 0 | BB17: 0 | BC17: 0 | BD17: 0 | BE17: 0 | BF17: 0 | BG17: 0 | BH17: 0 | BI17: 0 | BJ17: 0 | BK17: 0 | BL17: 0 | BM17: 0 | BN17: 0 | BO17: 0 | BP17: 0 | BQ17: 0 | BR17: 0 | BS17: 0 | BT17: 0 | BU17: 0 | BV17: 0 | BX17: 0 | BY17: 0 | BZ17: 0 | CA17: 0 | CB17: 0 | CC17: 0 | CD17: 0 | CE17: 0 | CF17: 0 | CG17: 0 | CH17: 0 | CI17: 0 | CJ17: 0 | CK17: 0 | CL17: 0 | CM17: 0 | CN17: 0 | CO17: 0 | CP17: 0 | CQ17: 0 | CR17: 0 | CS17: 0 | CT17: 0 | CU17: 0 | CV17: 0 | CW17: 0 | CX17: 0 | CY17: 0 | CZ17: 0 | DA17: 0 | DB17: 0 | DC17: 0 | DD17: 0 | DE17: 0 | DF17: 0 | DG17: 0 | DH17: 0 | DI17: 0 | DJ17: 0 | DK17: 0 | DL17: 0 | DM17: 0 | DN17: 0 | DO17: 0 | DP17: 0 | DQ17: 0 | DR17: 0 | DS17: 0 | DT17: 0 | DU17: 0 | DV17: 0 | DW17: 0 | DX17: 0 | DY17: 0 | DZ17: 0 | EA17: 0 | EB17: 0 | EC17: 0 | ED17: 0 | EE17: 0 | EF17: 0 | EG17: 0 | EH17: 0 | EI17: 0 | EJ17: 0 | EK17: 0 | EL17: 0 | EM17: 0 | EN17: 0 | EO17: 0 | EP17: 0 | EQ17: 0 | ER17: 0 | ES17: 0 | ET17: 0 | EU17: 0 | EV17: 0 | EW17: 0 | EX17: 0 | EY17: 0 | EZ17: 0 | FA17: 0 | FB17: 0 | FC17: 0 | FD17: 0 | FE17: 0 | FF17: 0 | FG17: 0 | FH17: 0 | FI17: 0 | FJ17: 0 | FK17: 0 | FL17: 0 | FM17: 0 | FN17: 0 | FO17: 0 | FP17: 0 | FQ17: 0 | FR17: 0 | FS17: 0 | FT17: 0 | FU17: 0 | FV17: 0 | FW17: 0 | FX17: 0 | FY17: 0 | FZ17: 0 | GA17: 0 | GB17: 0 | GC17: 0 | GD17: 0 | GE17: 0 | GF17: 0 | GG17: 0 | GH17: 0 | GI17: 0 | GJ17: 0 | GK17: 0 | GL17: 0 | GM17: 0 | GN17: 0 | GO17: 0 | GP17: 0 | GQ17: 0 | GR17: 0 | GS17: 0 | GT17: 0 | GU17: 0 | GV17: 0 | GW17: 0 | GX17: 0 | GY17: 0 | GZ17: 0 | HA17: 0 | HB17: 0 | HC17: 0 | HD17: 0 | HE17: 0 | HF17: 0 | HG17: 0 | HH17: 0 | HU17: =SUM(O17:HT17) -> 0
A18: 11 | C18: Zone 11 | D18: Nos. | E18: 0 | F18: 0 | G18: 0 | H18: 0 | I18: 0 | J18: 0 | K18: 0 | L18: 0 | M18: =SUM(E18:L18) -> 0 | O18: 0 | P18: 0 | Q18: 0 | R18: 0 | S18: 0 | T18: 0 | U18: 0 | V18: 0 | W18: 0 | X18: 0 | Y18: 0 | Z18: 0 | AA18: 0 | AB18: 0 | AC18: 0 | AD18: 0 | AE18: 0 | AF18: 0 | AG18: 0 | AH18: 0 | AI18: 0 | AJ18: 0 | AK18: 0 | AL18: 0 | AM18: 0 | AN18: 0 | AO18: 0 | AP18: 0 | AR18: 0 | AS18: 0 | AT18: 0 | AU18: 0 | AV18: 0 | AW18: 0 | AX18: 0 | AY18: 0 | AZ18: 0 | BA18: 0 | BB18: 0 | BC18: 0 | BD18: 0 | BE18: 0 | BF18: 0 | BG18: 0 | BH18: 0 | BI18: 0 | BJ18: 0 | BK18: 0 | BL18: 0 | BM18: 0 | BN18: 0 | BO18: 0 | BP18: 0 | BQ18: 0 | BR18: 0 | BS18: 0 | BT18: 0 | BU18: 0 | BV18: 0 | BX18: 0 | BY18: 0 | BZ18: 0 | CA18: 0 | CB18: 0 | CC18: 0 | CD18: 0 | CE18: 0 | CF18: 0 | CG18: 0 | CH18: 0 | CI18: 0 | CJ18: 0 | CK18: 0 | CL18: 0 | CM18: 0 | CN18: 0 | CO18: 0 | CP18: 0 | CQ18: 0 | CR18: 0 | CS18: 0 | CT18: 0 | CU18: 0 | CV18: 0 | CW18: 0 | CX18: 0 | CY18: 0 | CZ18: 0 | DA18: 0 | DB18: 0 | DC18: 0 | DD18: 0 | DE18: 0 | DF18: 0 | DG18: 0 | DH18: 0 | DI18: 0 | DJ18: 0 | DK18: 0 | DL18: 0 | DM18: 0 | DN18: 0 | DO18: 0 | DP18: 0 | DQ18: 0 | DR18: 0 | DS18: 0 | DT18: 0 | DU18: 0 | DV18: 0 | DW18: 0 | DX18: 0 | DY18: 0 | DZ18: 0 | EA18: 0 | EB18: 0 | EC18: 0 | ED18: 0 | EE18: 0 | EF18: 0 | EG18: 0 | EH18: 0 | EI18: 0 | EJ18: 0 | EK18: 0 | EL18: 0 | EM18: 0 | EN18: 0 | EO18: 0 | EP18: 0 | EQ18: 0 | ER18: 0 | ES18: 0 | ET18: 0 | EU18: 0 | EV18: 0 | EW18: 0 | EX18: 0 | EY18: 0 | EZ18: 0 | FA18: 0 | FB18: 0 | FC18: 0 | FD18: 0 | FE18: 0 | FF18: 0 | FG18: 0 | FH18: 0 | FI18: 0 | FJ18: 0 | FK18: 0 | FL18: 0 | FM18: 0 | FN18: 0 | FO18: 0 | FP18: 0 | FQ18: 0 | FR18: 0 | FS18: 0 | FT18: 0 | FU18: 0 | FV18: 0 | FW18: 0 | FX18: 0 | FY18: 0 | FZ18: 0 | GA18: 0 | GB18: 0 | GC18: 0 | GD18: 0 | GE18: 0 | GF18: 0 | GG18: 0 | GH18: 0 | GI18: 0 | GJ18: 0 | GK18: 0 | GL18: 0 | GM18: 0 | GN18: 0 | GO18: 0 | GP18: 0 | GQ18: 0 | GR18: 0 | GS18: 0 | GT18: 0 | GU18: 0 | GV18: 0 | GW18: 0 | GX18: 0 | GY18: 0 | GZ18: 0 | HA18: 0 | HB18: 0 | HC18: 0 | HD18: 0 | HE18: 0 | HF18: 0 | HG18: 0 | HH18: 0 | HU18: =SUM(O18:HT18) -> 0
C19: Sub Total | D19: Nos. | E19: =SUM(E8:E18) -> 0 | F19: =SUM(F8:F18) -> 0 | G19: =SUM(G8:G18) -> 0 | H19: =SUM(H8:H18) -> 0 | I19: =SUM(I8:I18) -> 0 | J19: =SUM(J8:J18) -> 2 | K19: =SUM(K8:K18) -> 0 | L19: =SUM(L8:L18) -> 0 | M19: =SUM(M8:M18) -> 2 | O19: =SUM(O8:O18) -> 1 | P19: =SUM(P8:P18) -> 0 | Q19: =SUM(Q8:Q18) -> 0 | R19: =SUM(R8:R18) -> 0 | S19: =SUM(S8:S18) -> 0 | T19: =SUM(T8:T18) -> 0 | U19: =SUM(U8:U18) -> 0 | V19: =SUM(V8:V18) -> 0 | ... AP19: =SUM(AP8:AP18) -> 0 | AR19: =SUM(AR8:AR18) -> 0 | AS19: =SUM(AS8:AS18) -> 0 | AT19: =SUM(AT8:AT18) -> 0 | AU19: =SUM(AU8:AU18) -> 0 | AV19: =SUM(AV8:AV18) -> 1 | AW19: =SUM(AW8:AW18) -> 0 | AX19: =SUM(AX8:AX18) -> 0 | AY19: =SUM(AY8:AY18) -> 0 | ... BV19: =SUM(BV8:BV18) -> 0 | BX19: =SUM(BX8:BX18) -> 2 | BY19: =SUM(BY8:BY18) -> 0 | BZ19: =SUM(BZ8:BZ18) -> 0 | CA19: =SUM(CA8:CA18) -> 0 | CB19: =SUM(CB8:CB18) -> 0 | CC19: =SUM(CC8:CC18) -> 0 | CD19: =SUM(CD8:CD18) -> 1 | CE19: =SUM(CE8:CE18) -> 0 | ... CG19: =SUM(CG8:CG18) -> 0 | CH19: 0 | CI19: =SUM(CI8:CI18) -> 0 | CJ19: =SUM(CJ8:CJ18) -> 0 | CK19: =SUM(CK8:CK18) -> 0 | CL19: =SUM(CL8:CL18) -> 0 | CM19: =SUM(CM8:CM18) -> 0 | CN19: =SUM(CN8:CN18) -> 0 | CO19: =SUM(CO8:CO18) -> 0 | CP19: =SUM(CP8:CP18) -> 0 | ... HH19: =SUM(HH8:HH18) -> 0 | HU19: =SUM(HU8:HU18) -> 26
A21: 1 | B21: B1 to GF | C21: Zone 1 | D21: Nos. | E21: 0 | F21: 0 | G21: 0 | H21: 0 | I21: 0 | J21: 0 | K21: 0 | L21: 0 | M21: =SUM(E21:L21) -> 0 | O21: 0 | P21: 0 | Q21: 0 | R21: 0 | S21: 0 | T21: 0 | U21: 0 | V21: 0 | W21: 0 | X21: 0 | Y21: 0 | Z21: 0 | AA21: 0 | AB21: 0 | AC21: 0 | AD21: 0 | AE21: 1 | AF21: 0 | AG21: 0 | AH21: 0 | AI21: 0 | AJ21: 0 | AK21: 0 | AL21: 0 | AM21: 0 | AN21: 0 | AO21: 0 | AP21: 0 | AR21: 0 | AS21: 0 | AT21: 0 | AU21: 0 | AV21: 0 | AW21: 0 | AX21: 0 | AY21: 0 | AZ21: 0 | BA21: 0 | BB21: 0 | BC21: 0 | BD21: 0 | BE21: 0 | BF21: 0 | BG21: 0 | BH21: 0 | BI21: 0 | BJ21: 0 | BK21: 0 | BL21: 0 | BM21: 0 | BN21: 0 | BO21: 0 | BP21: 0 | BQ21: 0 | BR21: 0 | BS21: 0 | BT21: 0 | BU21: 0 | BV21: 0 | BX21: 0 | BY21: 0 | BZ21: 0 | CA21: 0 | CB21: 0 | CC21: 0 | CD21: 1 | CE21: 0 | CF21: 0 | CG21: 0 | CH21: 0 | CI21: 0 | CJ21: 0 | CK21: 0 | CL21: 1 | CM21: 0 | CN21: 0 | CO21: 5 | CP21: 0 | CQ21: 0 | CR21: 0 | CS21: 0 | CT21: 0 | CU21: 0 | CV21: 0 | CW21: 4 | CX21: 3 | CY21: 0 | CZ21: 0 | DA21: 3 | DB21: 0 | DC21: 0 | DD21: 3 | DE21: 0 | DF21: 0 | DG21: 7 | DH21: 1 | DI21: 0 | DJ21: 0 | DK21: 0 | DL21: 4 | DM21: 0 | DN21: 1 | DO21: 0 | DP21: 0 | DQ21: 0 | DR21: 1 | DS21: 0 | DT21: 0 | DU21: 0 | DV21: 0 | DW21: 0 | DX21: 0 | DY21: 0 | DZ21: 0 | EA21: 0 | EB21: 0 | EC21: 0 | ED21: 0 | EE21: 0 | EF21: 0 | EG21: 0 | EH21: 0 | EI21: 0 | EJ21: 0 | EK21: 0 | EL21: 0 | EM21: 0 | EN21: 2 | EO21: 0 | EP21: 0 | EQ21: 0 | ER21: 0 | ES21: 0 | ET21: 0 | EU21: 0 | EV21: 0 | EW21: 0 | EX21: 0 | EY21: 0 | EZ21: 0 | FA21: 0 | FB21: 0 | FC21: 0 | FD21: 0 | FE21: 0 | FF21: 0 | FG21: 0 | FH21: 0 | FI21: 0 | FJ21: 0 | FK21: 0 | FL21: 0 | FM21: 0 | FN21: 0 | FO21: 0 | FP21: 0 | FQ21: 0 | FR21: 0 | FS21: 0 | FT21: 0 | FU21: 0 | FV21: 0 | FW21: 0 | FX21: 0 | FY21: 0 | FZ21: 0 | GA21: 0 | GB21: 0 | GC21: 0 | GD21: 0 | GE21: 0 | GF21: 0 | GG21: 0 | GH21: 0 | GI21: 0 | GJ21: 0 | GK21: 0 | GL21: 0 | GM21: 0 | GN21: 0 | GO21: 0 | GP21: 0 | GQ21: 0 | GR21: 0 | GS21: 0 | GT21: 0 | GU21: 0 | GV21: 0 | GW21: 0 | GX21: 0 | GY21: 0 | GZ21: 0 | HA21: 0 | HB21: 0 | HC21: 0 | HD21: 0 | HE21: 0 | HF21: 0 | HG21: 0 | HH21: 0 | HU21: =SUM(O21:HT21) -> 37
A22: 2 | C22: Zone 2 | D22: Nos. | E22: 0 | F22: 0 | G22: 0 | H22: 0 | I22: 0 | J22: 0 | K22: 0 | L22: 0 | M22: =SUM(E22:L22) -> 0 | O22: 0 | P22: 0 | Q22: 0 | R22: 0 | S22: 0 | T22: 0 | U22: 0 | V22: 0 | W22: 0 | X22: 0 | Y22: 0 | Z22: 0 | AA22: 0 | AB22: 0 | AC22: 0 | AD22: 0 | AE22: 0 | AF22: 0 | AG22: 0 | AH22: 0 | AI22: 0 | AJ22: 0 | AK22: 0 | AL22: 0 | AM22: 0 | AN22: 0 | AO22: 0 | AP22: 0 | AR22: 0 | AS22: 0 | AT22: 0 | AU22: 0 | AV22: 0 | AW22: 0 | AX22: 0 | AY22: 0 | AZ22: 0 | BA22: 0 | BB22: 0 | BC22: 0 | BD22: 0 | BE22: 0 | BF22: 0 | BG22: 0 | BH22: 0 | BI22: 0 | BJ22: 0 | BK22: 0 | BL22: 0 | BM22: 0 | BN22: 0 | BO22: 0 | BP22: 0 | BQ22: 0 | BR22: 0 | BS22: 0 | BT22: 0 | BU22: 0 | BV22: 0 | BX22: 0 | BY22: 0 | BZ22: 0 | CA22: 0 | CB22: 0 | CC22: 0 | CD22: 0 | CE22: 0 | CF22: 0 | CG22: 0 | CH22: 0 | CI22: 0 | CJ22: 0 | CK22: 0 | CL22: 0 | CM22: 0 | CN22: 0 | CO22: 0 | CP22: 0 | CQ22: 0 | CR22: 0 | CS22: 0 | CT22: 0 | CU22: 0 | CV22: 0 | CW22: 0 | CX22: 0 | CY22: 0 | CZ22: 0 | DA22: 0 | DB22: 0 | DC22: 0 | DD22: 0 | DE22: 0 | DF22: 0 | DG22: 0 | DH22: 0 | DI22: 0 | DJ22: 0 | DK22: 0 | DL22: 0 | DM22: 0 | DN22: 0 | DO22: 0 | DP22: 0 | DQ22: 0 | DR22: 0 | DS22: 0 | DT22: 0 | DU22: 0 | DV22: 0 | DW22: 0 | DX22: 0 | DY22: 0 | DZ22: 0 | EA22: 0 | EB22: 0 | EC22: 0 | ED22: 0 | EE22: 0 | EF22: 0 | EG22: 0 | EH22: 0 | EI22: 0 | EJ22: 0 | EK22: 0 | EL22: 0 | EM22: 0 | EN22: 0 | EO22: 0 | EP22: 0 | EQ22: 0 | ER22: 0 | ES22: 0 | ET22: 0 | EU22: 0 | EV22: 0 | EW22: 0 | EX22: 0 | EY22: 0 | EZ22: 0 | FA22: 0 | FB22: 0 | FC22: 0 | FD22: 0 | FE22: 0 | FF22: 0 | FG22: 0 | FH22: 0 | FI22: 0 | FJ22: 0 | FK22: 0 | FL22: 0 | FM22: 0 | FN22: 0 | FO22: 0 | FP22: 0 | FQ22: 0 | FR22: 0 | FS22: 0 | FT22: 0 | FU22: 0 | FV22: 0 | FW22: 0 | FX22: 0 | FY22: 0 | FZ22: 0 | GA22: 0 | GB22: 0 | GC22: 0 | GD22: 0 | GE22: 0 | GF22: 0 | GG22: 0 | GH22: 0 | GI22: 0 | GJ22: 0 | GK22: 0 | GL22: 0 | GM22: 0 | GN22: 0 | GO22: 0 | GP22: 0 | GQ22: 0 | GR22: 0 | GS22: 0 | GT22: 0 | GU22: 0 | GV22: 0 | GW22: 0 | GX22: 0 | GY22: 0 | GZ22: 0 | HA22: 0 | HB22: 0 | HC22: 0 | HD22: 0 | HE22: 0 | HF22: 0 | HG22: 0 | HH22: 0 | HU22: =SUM(O22:HT22) -> 0
A23: 3 | C23: Zone 3 | D23: Nos. | E23: 0 | F23: 0 | G23: 0 | H23: 2 | I23: 4 | J23: 0 | K23: 0 | L23: 4 | M23: =SUM(E23:L23) -> 10 | O23: 2 | P23: 2 | Q23: 0 | R23: 1 | S23: 1 | T23: 0 | U23: 0 | V23: 0 | W23: 0 | X23: 0 | Y23: 0 | Z23: 0 | AA23: 0 | AB23: 0 | AC23: 0 | AD23: 0 | AE23: 0 | AF23: 0 | AG23: 0 | AH23: 0 | AI23: 0 | AJ23: 0 | AK23: 0 | AL23: 0 | AM23: 0 | AN23: 0 | AO23: 0 | AP23: 0 | AR23: 0 | AS23: 0 | AT23: 0 | AU23: 0 | AV23: 0 | AW23: 0 | AX23: 1 | AY23: 0 | AZ23: 0 | BA23: 0 | BB23: 0 | BC23: 0 | BD23: 0 | BE23: 0 | BF23: 0 | BG23: 0 | BH23: 0 | BI23: 0 | BJ23: 0 | BK23: 0 | BL23: 0 | BM23: 0 | BN23: 0 | BO23: 0 | BP23: 0 | BQ23: 0 | BR23: 0 | BS23: 0 | BT23: 0 | BU23: 0 | BV23: 0 | BX23: 0 | BY23: 0 | BZ23: 0 | CA23: 0 | CB23: 0 | CC23: 0 | CD23: 0 | CE23: 0 | CF23: 0 | CG23: 0 | CH23: 0 | CI23: 0 | CJ23: 0 | CK23: 0 | CL23: 0 | CM23: 0 | CN23: 0 | CO23: 0 | CP23: 0 | CQ23: 0 | CR23: 0 | CS23: 0 | CT23: 0 | CU23: 0 | CV23: 0 | CW23: 0 | CX23: 0 | CY23: 0 | CZ23: 0 | DA23: 0 | DB23: 0 | DC23: 1 | DD23: 0 | DE23: 0 | DF23: 0 | DG23: 0 | DH23: 0 | DI23: 0 | DJ23: 0 | DK23: 0 | DL23: 0 | DM23: 0 | DN23: 0 | DO23: 0 | DP23: 0 | DQ23: 0 | DR23: 0 | DS23: 0 | DT23: 0 | DU23: 0 | DV23: 0 | DW23: 0 | DX23: 0 | DY23: 0 | DZ23: 0 | EA23: 0 | EB23: 0 | EC23: 0 | ED23: 0 | EE23: 0 | EF23: 0 | EG23: 0 | EH23: 0 | EI23: 0 | EJ23: 0 | EK23: 0 | EL23: 0 | EM23: 0 | EN23: 0 | EO23: 0 | EP23: 0 | EQ23: 0 | ER23: 0 | ES23: 0 | ET23: 0 | EU23: 0 | EV23: 0 | EW23: 0 | EX23: 0 | EY23: 0 | EZ23: 0 | FA23: 0 | FB23: 0 | FC23: 0 | FD23: 0 | FE23: 0 | FF23: 0 | FG23: 0 | FH23: 0 | FI23: 0 | FJ23: 0 | FK23: 0 | FL23: 0 | FM23: 0 | FN23: 0 | FO23: 0 | FP23: 0 | FQ23: 0 | FR23: 0 | FS23: 0 | FT23: 0 | FU23: 0 | FV23: 0 | FW23: 0 | FX23: 0 | FY23: 0 | FZ23: 0 | GA23: 0 | GB23: 0 | GC23: 0 | GD23: 0 | GE23: 0 | GF23: 0 | GG23: 0 | GH23: 0 | GI23: 0 | GJ23: 0 | GK23: 0 | GL23: 0 | GM23: 0 | GN23: 0 | GO23: 0 | GP23: 0 | GQ23: 0 | GR23: 0 | GS23: 0 | GT23: 0 | GU23: 0 | GV23: 0 | GW23: 0 | GX23: 0 | GY23: 0 | GZ23: 0 | HA23: 0 | HB23: 0 | HC23: 0 | HD23: 0 | HE23: 0 | HF23: 0 | HG23: 0 | HH23: 0 | HU23: =SUM(O23:HT23) -> 8
A24: 4 | C24: Zone 4 | D24: Nos. | E24: 0 | F24: 0 | G24: 0 | H24: 0 | I24: 0 | J24: 0 | K24: 0 | L24: 0 | M24: =SUM(E24:L24) -> 0 | O24: 0 | P24: 0 | Q24: 0 | R24: 0 | S24: 0 | T24: 0 | U24: 0 | V24: 0 | W24: 0 | X24: 0 | Y24: 0 | Z24: 0 | AA24: 0 | AB24: 0 | AC24: 0 | AD24: 0 | AE24: 0 | AF24: 6 | AG24: 0 | AH24: 0 | AI24: 0 | AJ24: 0 | AK24: 0 | AL24: 0 | AM24: 0 | AN24: 0 | AO24: 0 | AP24: 0 | AR24: 0 | AS24: 0 | AT24: 0 | AU24: 0 | AV24: 0 | AW24: 0 | AX24: 0 | AY24: 0 | AZ24: 0 | BA24: 4 | BB24: 0 | BC24: 0 | BD24: 0 | BE24: 0 | BF24: 0 | BG24: 0 | BH24: 0 | BI24: 0 | BJ24: 0 | BK24: 0 | BL24: 0 | BM24: 0 | BN24: 0 | BO24: 0 | BP24: 0 | BQ24: 0 | BR24: 0 | BS24: 0 | BT24: 0 | BU24: 0 | BV24: 0 | BX24: 0 | BY24: 0 | BZ24: 0 | CA24: 0 | CB24: 0 | CC24: 0 | CD24: 1 | CE24: 0 | CF24: 0 | CG24: 0 | CH24: 0 | CI24: 0 | CJ24: 0 | CK24: 0 | CL24: 1 | CM24: 0 | CN24: 0 | CO24: 0 | CP24: 0 | CQ24: 0 | CR24: 0 | CS24: 0 | CT24: 0 | CU24: 0 | CV24: 0 | CW24: 0 | CX24: 0 | CY24: 0 | CZ24: 0 | DA24: 0 | DB24: 0 | DC24: 0 | DD24: 0 | DE24: 0 | DF24: 0 | DG24: 0 | DH24: 0 | DI24: 0 | DJ24: 0 | DK24: 0 | DL24: 0 | DM24: 0 | DN24: 0 | DO24: 0 | DP24: 0 | DQ24: 0 | DR24: 0 | DS24: 0 | DT24: 0 | DU24: 0 | DV24: 0 | DW24: 0 | DX24: 0 | DY24: 0 | DZ24: 0 | EA24: 0 | EB24: 0 | EC24: 0 | ED24: 0 | EE24: 0 | EF24: 0 | EG24: 0 | EH24: 0 | EI24: 0 | EJ24: 0 | EK24: 0 | EL24: 0 | EM24: 0 | EN24: 0 | EO24: 0 | EP24: 0 | EQ24: 0 | ER24: 0 | ES24: 0 | ET24: 0 | EU24: 0 | EV24: 0 | EW24: 0 | EX24: 0 | EY24: 0 | EZ24: 0 | FA24: 0 | FB24: 0 | FC24: 0 | FD24: 0 | FE24: 0 | FF24: 0 | FG24: 0 | FH24: 0 | FI24: 0 | FJ24: 0 | FK24: 0 | FL24: 0 | FM24: 0 | FN24: 0 | FO24: 0 | FP24: 0 | FQ24: 0 | FR24: 0 | FS24: 0 | FT24: 0 | FU24: 0 | FV24: 0 | FW24: 0 | FX24: 0 | FY24: 0 | FZ24: 0 | GA24: 0 | GB24: 0 | GC24: 0 | GD24: 0 | GE24: 0 | GF24: 0 | GG24: 0 | GH24: 0 | GI24: 0 | GJ24: 0 | GK24: 0 | GL24: 0 | GM24: 0 | GN24: 0 | GO24: 0 | GP24: 0 | GQ24: 0 | GR24: 0 | GS24: 0 | GT24: 0 | GU24: 0 | GV24: 0 | GW24: 0 | GX24: 0 | GY24: 0 | GZ24: 0 | HA24: 0 | HB24: 0 | HC24: 0 | HD24: 0 | HE24: 0 | HF24: 0 | HG24: 0 | HH24: 0 | HU24: =SUM(O24:HT24) -> 12
A25: 5 | C25: Zone 5 | D25: Nos. | E25: 0 | F25: 0 | G25: 0 | H25: 0 | I25: 0 | J25: 0 | K25: 0 | L25: 0 | M25: =SUM(E25:L25) -> 0 | O25: 0 | P25: 0 | Q25: 0 | R25: 0 | S25: 0 | T25: 0 | U25: 0 | V25: 0 | W25: 0 | X25: 0 | Y25: 0 | Z25: 0 | AA25: 0 | AB25: 0 | AC25: 0 | AD25: 0 | AE25: 0 | AF25: 0 | AG25: 0 | AH25: 0 | AI25: 0 | AJ25: 0 | AK25: 0 | AL25: 0 | AM25: 0 | AN25: 0 | AO25: 0 | AP25: 0 | AR25: 0 | AS25: 0 | AT25: 0 | AU25: 0 | AV25: 0 | AW25: 0 | AX25: 0 | AY25: 0 | AZ25: 0 | BA25: 0 | BB25: 0 | BC25: 0 | BD25: 0 | BE25: 0 | BF25: 0 | BG25: 0 | BH25: 0 | BI25: 0 | BJ25: 0 | BK25: 0 | BL25: 0 | BM25: 0 | BN25: 0 | BO25: 0 | BP25: 0 | BQ25: 0 | BR25: 0 | BS25: 0 | BT25: 0 | BU25: 0 | BV25: 0 | BX25: 5 | BY25: 4 | BZ25: 0 | CA25: 1 | CB25: 2 | CC25: 0 | CD25: 0 | CE25: 0 | CF25: 0 | CG25: 0 | CH25: 0 | CI25: 4 | CJ25: 2 | CK25: 0 | CL25: 0 | CM25: 0 | CN25: 0 | CO25: 0 | CP25: 0 | CQ25: 0 | CR25: 0 | CS25: 0 | CT25: 0 | CU25: 0 | CV25: 0 | CW25: 0 | CX25: 0 | CY25: 0 | CZ25: 0 | DA25: 0 | DB25: 0 | DC25: 0 | DD25: 0 | DE25: 0 | DF25: 0 | DG25: 1 | DH25: 4 | DI25: 0 | DJ25: 9 | DK25: 5 | DL25: 1 | DM25: 4 | DN25: 0 | DO25: 1 | DP25: 0 | DQ25: 0 | DR25: 0 | DS25: 0 | DT25: 0 | DU25: 0 | DV25: 0 | DW25: 0 | DX25: 0 | DY25: 0 | DZ25: 0 | EA25: 0 | EB25: 0 | EC25: 0 | ED25: 0 | EE25: 0 | EF25: 0 | EG25: 0 | EH25: 0 | EI25: 0 | EJ25: 0 | EK25: 0 | EL25: 0 | EM25: 0 | EN25: 0 | EO25: 0 | EP25: 0 | EQ25: 0 | ER25: 0 | ES25: 0 | ET25: 0 | EU25: 0 | EV25: 0 | EW25: 0 | EX25: 0 | EY25: 0 | EZ25: 0 | FA25: 0 | FB25: 0 | FC25: 0 | FD25: 0 | FE25: 0 | FF25: 0 | FG25: 0 | FH25: 0 | FI25: 0 | FJ25: 0 | FK25: 0 | FL25: 0 | FM25: 0 | FN25: 0 | FO25: 0 | FP25: 0 | FQ25: 0 | FR25: 0 | FS25: 0 | FT25: 0 | FU25: 0 | FV25: 0 | FW25: 0 | FX25: 0 | FY25: 0 | FZ25: 0 | GA25: 0 | GB25: 0 | GC25: 0 | GD25: 0 | GE25: 0 | GF25: 0 | GG25: 0 | GH25: 0 | GI25: 0 | GJ25: 0 | GK25: 0 | GL25: 0 | GM25: 0 | GN25: 0 | GO25: 0 | GP25: 0 | GQ25: 0 | GR25: 0 | GS25: 0 | GT25: 0 | GU25: 0 | GV25: 0 | GW25: 0 | GX25: 0 | GY25: 0 | GZ25: 0 | HA25: 0 | HB25: 0 | HC25: 0 | HD25: 0 | HE25: 0 | HF25: 0 | HG25: 0 | HH25: 0 | HU25: =SUM(O25:HT25) -> 43
A26: 6 | C26: Zone 6 | D26: Nos. | E26: 0 | F26: 0 | G26: 0 | H26: 0 | I26: 0 | J26: 0 | K26: 0 | L26: 0 | M26: =SUM(E26:L26) -> 0 | O26: 0 | P26: 0 | Q26: 0 | R26: 0 | S26: 0 | T26: 0 | U26: 0 | V26: 0 | W26: 0 | X26: 0 | Y26: 0 | Z26: 0 | AA26: 0 | AB26: 0 | AC26: 0 | AD26: 0 | AE26: 0 | AF26: 0 | AG26: 0 | AH26: 0 | AI26: 0 | AJ26: 0 | AK26: 0 | AL26: 0 | AM26: 0 | AN26: 0 | AO26: 0 | AP26: 0 | AR26: 0 | AS26: 0 | AT26: 0 | AU26: 0 | AV26: 0 | AW26: 0 | AX26: 0 | AY26: 0 | AZ26: 5 | BA26: 2 | BB26: 3 | BC26: 2 | BD26: 0 | BE26: 2 | BF26: 0 | BG26: 2 | BH26: 2 | BI26: 0 | BJ26: 0 | BK26: 0 | BL26: 0 | BM26: 0 | BN26: 0 | BO26: 5 | BP26: 3 | BQ26: 0 | BR26: 0 | BS26: 0 | BT26: 0 | BU26: 0 | BV26: 0 | BX26: 0 | BY26: 0 | BZ26: 0 | CA26: 0 | CB26: 0 | CC26: 0 | CD26: 0 | CE26: 0 | CF26: 0 | CG26: 0 | CH26: 0 | CI26: 0 | CJ26: 0 | CK26: 0 | CL26: 0 | CM26: 0 | CN26: 0 | CO26: 0 | CP26: 0 | CQ26: 0 | CR26: 0 | CS26: 0 | CT26: 0 | CU26: 0 | CV26: 0 | CW26: 0 | CX26: 0 | CY26: 0 | CZ26: 0 | DA26: 0 | DB26: 0 | DC26: 0 | DD26: 0 | DE26: 0 | DF26: 0 | DG26: 0 | DH26: 0 | DI26: 0 | DJ26: 0 | DK26: 0 | DL26: 0 | DM26: 0 | DN26: 0 | DO26: 0 | DP26: 0 | DQ26: 0 | DR26: 0 | DS26: 0 | DT26: 0 | DU26: 0 | DV26: 0 | DW26: 0 | DX26: 0 | DY26: 0 | DZ26: 0 | EA26: 0 | EB26: 0 | EC26: 0 | ED26: 0 | EE26: 0 | EF26: 0 | EG26: 0 | EH26: 0 | EI26: 0 | EJ26: 0 | EK26: 0 | EL26: 0 | EM26: 0 | EN26: 0 | EO26: 0 | EP26: 0 | EQ26: 0 | ER26: 0 | ES26: 0 | ET26: 0 | EU26: 0 | EV26: 0 | EW26: 0 | EX26: 0 | EY26: 0 | EZ26: 0 | FA26: 0 | FB26: 0 | FC26: 0 | FD26: 0 | FE26: 0 | FF26: 0 | FG26: 0 | FH26: 0 | FI26: 0 | FJ26: 0 | FK26: 0 | FL26: 0 | FM26: 0 | FN26: 0 | FO26: 0 | FP26: 0 | FQ26: 0 | FR26: 0 | FS26: 0 | FT26: 0 | FU26: 0 | FV26: 0 | FW26: 0 | FX26: 0 | FY26: 0 | FZ26: 0 | GA26: 0 | GB26: 0 | GC26: 0 | GD26: 0 | GE26: 0 | GF26: 0 | GG26: 0 | GH26: 0 | GI26: 0 | GJ26: 0 | GK26: 0 | GL26: 0 | GM26: 0 | GN26: 0 | GO26: 0 | GP26: 0 | GQ26: 0 | GR26: 0 | GS26: 0 | GT26: 0 | GU26: 0 | GV26: 0 | GW26: 0 | GX26: 0 | GY26: 0 | GZ26: 0 | HA26: 0 | HB26: 0 | HC26: 0 | HD26: 0 | HE26: 0 | HF26: 0 | HG26: 0 | HH26: 0 | HU26: =SUM(O26:HT26) -> 26
A27: 7 | C27: Zone 7 | D27: Nos. | E27: 0 | F27: 0 | G27: 0 | H27: 0 | I27: 0 | J27: 0 | K27: 0 | L27: 0 | M27: =SUM(E27:L27) -> 0 | O27: 0 | P27: 0 | Q27: 0 | R27: 0 | S27: 0 | T27: 0 | U27: 0 | V27: 0 | W27: 0 | X27: 0 | Y27: 0 | Z27: 0 | AA27: 0 | AB27: 0 | AC27: 0 | AD27: 0 | AE27: 0 | AF27: 0 | AG27: 0 | AH27: 0 | AI27: 0 | AJ27: 0 | AK27: 0 | AL27: 0 | AM27: 0 | AN27: 0 | AO27: 0 | AP27: 0 | AR27: 0 | AS27: 0 | AT27: 0 | AU27: 0 | AV27: 0 | AW27: 0 | AX27: 0 | AY27: 0 | AZ27: 0 | BA27: 0 | BB27: 0 | BC27: 0 | BD27: 0 | BE27: 0 | BF27: 0 | BG27: 0 | BH27: 0 | BI27: 0 | BJ27: 0 | BK27: 0 | BL27: 0 | BM27: 0 | BN27: 0 | BO27: 0 | BP27: 0 | BQ27: 0 | BR27: 0 | BS27: 0 | BT27: 0 | BU27: 0 | BV27: 0 | BX27: 0 | BY27: 0 | BZ27: 0 | CA27: 0 | CB27: 0 | CC27: 0 | CD27: 0 | CE27: 0 | CF27: 0 | CG27: 0 | CH27: 0 | CI27: 0 | CJ27: 0 | CK27: 0 | CL27: 0 | CM27: 0 | CN27: 0 | CO27: 4 | CP27: 3 | CQ27: 4 | CR27: 1 | CS27: 1 | CT27: 0 | CU27: 0 | CV27: 0 | CW27: 0 | CX27: 0 | CY27: 0 | CZ27: 0 | DA27: 0 | DB27: 0 | DC27: 0 | DD27: 0 | DE27: 0 | DF27: 0 | DG27: 0 | DH27: 0 | DI27: 0 | DJ27: 0 | DK27: 0 | DL27: 0 | DM27: 0 | DN27: 0 | DO27: 0 | DP27: 0 | DQ27: 0 | DR27: 0 | DS27: 0 | DT27: 0 | DU27: 0 | DV27: 0 | DW27: 0 | DX27: 0 | DY27: 0 | DZ27: 0 | EA27: 0 | EB27: 0 | EC27: 0 | ED27: 0 | EE27: 0 | EF27: 0 | EG27: 0 | EH27: 0 | EI27: 0 | EJ27: 0 | EK27: 0 | EL27: 0 | EM27: 0 | EN27: 0 | EO27: 0 | EP27: 0 | EQ27: 0 | ER27: 0 | ES27: 0 | ET27: 0 | EU27: 0 | EV27: 0 | EW27: 0 | EX27: 0 | EY27: 0 | EZ27: 0 | FA27: 0 | FB27: 0 | FC27: 0 | FD27: 0 | FE27: 0 | FF27: 0 | FG27: 0 | FH27: 0 | FI27: 0 | FJ27: 0 | FK27: 0 | FL27: 0 | FM27: 0 | FN27: 0 | FO27: 0 | FP27: 0 | FQ27: 0 | FR27: 0 | FS27: 0 | FT27: 0 | FU27: 0 | FV27: 0 | FW27: 0 | FX27: 0 | FY27: 0 | FZ27: 0 | GA27: 0 | GB27: 0 | GC27: 0 | GD27: 0 | GE27: 0 | GF27: 0 | GG27: 0 | GH27: 0 | GI27: 0 | GJ27: 0 | GK27: 0 | GL27: 0 | GM27: 0 | GN27: 0 | GO27: 0 | GP27: 0 | GQ27: 0 | GR27: 0 | GS27: 0 | GT27: 0 | GU27: 0 | GV27: 0 | GW27: 0 | GX27: 0 | GY27: 0 | GZ27: 0 | HA27: 0 | HB27: 0 | HC27: 0 | HD27: 0 | HE27: 0 | HF27: 0 | HG27: 0 | HH27: 0 | HU27: =SUM(O27:HT27) -> 13
A28: 8 | C28: Zone 8 | D28: Nos. | E28: 0 | F28: 0 | G28: 0 | H28: 0 | I28: 0 | J28: 0 | K28: 0 | L28: 0 | M28: =SUM(E28:L28) -> 0 | O28: 0 | P28: 0 | Q28: 0 | R28: 0 | S28: 0 | T28: 0 | U28: 0 | V28: 0 | W28: 0 | X28: 0 | Y28: 8 | Z28: 0 | AA28: 0 | AB28: 5 | AC28: 6 | AD28: 0 | AE28: 0 | AF28: 0 | AG28: 0 | AH28: 0 | AI28: 0 | AJ28: 0 | AK28: 0 | AL28: 0 | AM28: 0 | AN28: 0 | AO28: 0 | AP28: 0 | AR28: 0 | AS28: 0 | AT28: 0 | AU28: 0 | AV28: 0 | AW28: 0 | AX28: 0 | AY28: 0 | AZ28: 0 | BA28: 4 | BB28: 0 | BC28: 0 | BD28: 0 | BE28: 0 | BF28: 0 | BG28: 0 | BH28: 0 | BI28: 0 | BJ28: 0 | BK28: 0 | BL28: 0 | BM28: 0 | BN28: 0 | BO28: 0 | BP28: 0 | BQ28: 3 | BR28: 0 | BS28: 0 | BT28: 0 | BU28: 0 | BV28: 0 | BX28: 0 | BY28: 0 | BZ28: 0 | CA28: 0 | CB28: 0 | CC28: 0 | CD28: 0 | CE28: 0 | CF28: 0 | CG28: 0 | CH28: 0 | CI28: 3.5 | CJ28: 0 | CK28: 0 | CL28: 0 | CM28: 0 | CN28: 0 | CO28: 0 | CP28: 0 | CQ28: 1 | CR28: 0 | CS28: 0 | CT28: 0 | CU28: 0 | CV28: 0 | CW28: 1 | CX28: 0 | CY28: 0 | CZ28: 1.5 | DA28: 0 | DB28: 0 | DC28: 0 | DD28: 4 | DE28: 0 | DF28: 0 | DG28: 0 | DH28: 0 | DI28: 0 | DJ28: 0 | DK28: 0 | DL28: 0 | DM28: 0 | DN28: 0 | DO28: 0 | DP28: 0 | DQ28: 0 | DR28: 0 | DS28: 0 | DT28: 0 | DU28: 3 | DV28: 0 | DW28: 0 | DX28: 0 | DY28: 0 | DZ28: 0 | EA28: 0 | EB28: 0 | EC28: 0 | ED28: 0 | EE28: 0 | EF28: 0 | EG28: 0 | EH28: 0 | EI28: 0 | EJ28: 0 | EK28: 0 | EL28: 0 | EM28: 0 | EN28: 0 | EO28: 0 | EP28: 0 | EQ28: 0 | ER28: 0 | ES28: 0 | ET28: 1 | EU28: 0 | EV28: 0 | EW28: 0 | EX28: 0 | EY28: 0 | EZ28: 0 | FA28: 0 | FB28: 0 | FC28: 0 | FD28: 0 | FE28: 0 | FF28: 0 | FG28: 0 | FH28: 0 | FI28: 0 | FJ28: 0 | FK28: 0 | FL28: 0 | FM28: 0 | FN28: 0 | FO28: 0 | FP28: 0 | FQ28: 0 | FR28: 0 | FS28: 0 | FT28: 0 | FU28: 0 | FV28: 0 | FW28: 0 | FX28: 0 | FY28: 0 | FZ28: 0 | GA28: 0 | GB28: 0 | GC28: 0 | GD28: 0 | GE28: 0 | GF28: 0 | GG28: 0 | GH28: 0 | GI28: 0 | GJ28: 0 | GK28: 0 | GL28: 0 | GM28: 0 | GN28: 0 | GO28: 0 | GP28: 0 | GQ28: 0 | GR28: 0 | GS28: 0 | GT28: 0 | GU28: 0 | GV28: 0 | GW28: 0 | GX28: 0 | GY28: 0 | GZ28: 0 | HA28: 0 | HB28: 0 | HC28: 0 | HD28: 0 | HE28: 0 | HF28: 0 | HG28: 0 | HH28: 0 | HU28: =SUM(O28:HT28) -> 41
A29: 9 | C29: Zone 9 | D29: Nos. | E29: 0 | F29: 0 | G29: 0 | H29: 0 | I29: 0 | J29: 0 | K29: 0 | L29: 0 | M29: =SUM(E29:L29) -> 0 | O29: 0 | P29: 0 | Q29: 0 | R29: 0 | S29: 0 | T29: 0 | U29: 0 | V29: 0 | W29: 0 | X29: 0 | Y29: 0 | Z29: 0 | AA29: 0 | AB29: 0 | AC29: 0 | AD29: 0 | AE29: 0 | AF29: 0 | AG29: 0 | AH29: 0 | AI29: 0 | AJ29: 0 | AK29: 0 | AL29: 0 | AM29: 0 | AN29: 0 | AO29: 0 | AP29: 0 | AR29: 0 | AS29: 0 | AT29: 0 | AU29: 0 | AV29: 0 | AW29: 0 | AX29: 0 | AY29: 0 | AZ29: 0 | BA29: 0 | BB29: 0 | BC29: 0 | BD29: 0 | BE29: 0 | BF29: 0 | BG29: 0 | BH29: 0 | BI29: 0 | BJ29: 0 | BK29: 0 | BL29: 0 | BM29: 0 | BN29: 0 | BO29: 0 | BP29: 0 | BQ29: 0 | BR29: 0 | BS29: 0 | BT29: 0 | BU29: 0 | BV29: 0 | BX29: 0 | BY29: 0 | BZ29: 0 | CA29: 0 | CB29: 0 | CC29: 0 | CD29: 0 | CE29: 0 | CF29: 0 | CG29: 0 | CH29: 0 | CI29: 0 | CJ29: 0 | CK29: 0 | CL29: 0 | CM29: 0 | CN29: 0 | CO29: 0 | CP29: 0 | CQ29: 0 | CR29: 0 | CS29: 0 | CT29: 0 | CU29: 0 | CV29: 0 | CW29: 0 | CX29: 0 | CY29: 0 | CZ29: 0 | DA29: 0 | DB29: 0 | DC29: 0 | DD29: 0 | DE29: 0 | DF29: 0 | DG29: 0 | DH29: 0 | DI29: 0 | DJ29: 0 | DK29: 0 | DL29: 0 | DM29: 0 | DN29: 0 | DO29: 0 | DP29: 0 | DQ29: 0 | DR29: 0 | DS29: 0 | DT29: 0 | DU29: 0 | DV29: 0 | DW29: 0 | DX29: 0 | DY29: 0 | DZ29: 0 | EA29: 0 | EB29: 0 | EC29: 0 | ED29: 0 | EE29: 0 | EF29: 0 | EG29: 0 | EH29: 0 | EI29: 0 | EJ29: 0 | EK29: 0 | EL29: 0 | EM29: 0 | EN29: 0 | EO29: 0 | EP29: 0 | EQ29: 0 | ER29: 0 | ES29: 0 | ET29: 0 | EU29: 0 | EV29: 0 | EW29: 0 | EX29: 0 | EY29: 0 | EZ29: 0 | FA29: 0 | FB29: 0 | FC29: 0 | FD29: 0 | FE29: 0 | FF29: 0 | FG29: 0 | FH29: 0 | FI29: 0 | FJ29: 0 | FK29: 0 | FL29: 0 | FM29: 0 | FN29: 0 | FO29: 0 | FP29: 0 | FQ29: 0 | FR29: 0 | FS29: 0 | FT29: 0 | FU29: 0 | FV29: 0 | FW29: 0 | FX29: 0 | FY29: 0 | FZ29: 0 | GA29: 0 | GB29: 0 | GC29: 0 | GD29: 0 | GE29: 0 | GF29: 0 | GG29: 0 | GH29: 0 | GI29: 0 | GJ29: 0 | GK29: 0 | GL29: 0 | GM29: 3 | GN29: 0 | GO29: 0 | GP29: 0 | GQ29: 0 | GR29: 0 | GS29: 0 | GT29: 0 | GU29: 0 | GV29: 0 | GW29: 0 | GX29: 0 | GY29: 0 | GZ29: 0 | HA29: 0 | HB29: 0 | HC29: 0 | HD29: 0 | HE29: 0 | HF29: 0 | HG29: 0 | HH29: 0 | HU29: =SUM(O29:HT29) -> 3
A30: 10 | C30: Zone 10 | D30: Nos. | E30: 0 | F30: 0 | G30: 0 | H30: 0 | I30: 0 | J30: 0 | K30: 0 | L30: 0 | M30: =SUM(E30:L30) -> 0 | O30: 0 | P30: 0 | Q30: 0 | R30: 0 | S30: 0 | T30: 0 | U30: 0 | V30: 0 | W30: 0 | X30: 0 | Y30: 0 | Z30: 0 | AA30: 0 | AB30: 0 | AC30: 0 | AD30: 0 | AE30: 0 | AF30: 0 | AG30: 0 | AH30: 0 | AI30: 0 | AJ30: 0 | AK30: 0 | AL30: 0 | AM30: 0 | AN30: 0 | AO30: 0 | AP30: 0 | AR30: 0 | AS30: 0 | AT30: 0 | AU30: 2 | AV30: 0 | AW30: 0 | AX30: 0 | AY30: 0 | AZ30: 0 | BA30: 0 | BB30: 0 | BC30: 0 | BD30: 0 | BE30: 0 | BF30: 0 | BG30: 0 | BH30: 0 | BI30: 0 | BJ30: 0 | BK30: 0 | BL30: 0 | BM30: 0 | BN30: 0 | BO30: 2 | BP30: 0 | BQ30: 0 | BR30: 0 | BS30: 2 | BT30: 0 | BU30: 0 | BV30: 0 | BX30: 0 | BY30: 0 | BZ30: 0 | CA30: 0 | CB30: 0 | CC30: 0 | CD30: 0 | CE30: 0 | CF30: 0 | CG30: 0 | CH30: 0 | CI30: 0 | CJ30: 0 | CK30: 0 | CL30: 0 | CM30: 0 | CN30: 0 | CO30: 0 | CP30: 0 | CQ30: 0 | CR30: 0 | CS30: 0 | CT30: 0 | CU30: 0 | CV30: 0 | CW30: 0 | CX30: 0 | CY30: 0 | CZ30: 0 | DA30: 0 | DB30: 0 | DC30: 0 | DD30: 0 | DE30: 0 | DF30: 0 | DG30: 0 | DH30: 0 | DI30: 0 | DJ30: 0 | DK30: 0 | DL30: 1 | DM30: 0 | DN30: 0 | DO30: 0 | DP30: 0 | DQ30: 0 | DR30: 0 | DS30: 0 | DT30: 0 | DU30: 0 | DV30: 0 | DW30: 0 | DX30: 0 | DY30: 0 | DZ30: 0 | EA30: 0 | EB30: 0 | EC30: 0 | ED30: 0 | EE30: 0 | EF30: 0 | EG30: 0 | EH30: 0 | EI30: 0 | EJ30: 0 | EK30: 0 | EL30: 0 | EM30: 0 | EN30: 0 | EO30: 0 | EP30: 0 | EQ30: 0 | ER30: 0 | ES30: 0 | ET30: 0 | EU30: 0 | EV30: 0 | EW30: 0 | EX30: 0 | EY30: 0 | EZ30: 0 | FA30: 0 | FB30: 0 | FC30: 0 | FD30: 0 | FE30: 0 | FF30: 0 | FG30: 0 | FH30: 0 | FI30: 0 | FJ30: 0 | FK30: 0 | FL30: 0 | FM30: 0 | FN30: 0 | FO30: 0 | FP30: 0 | FQ30: 0 | FR30: 0 | FS30: 0 | FT30: 0 | FU30: 0 | FV30: 0 | FW30: 0 | FX30: 0 | FY30: 0 | FZ30: 0 | GA30: 0 | GB30: 0 | GC30: 0 | GD30: 0 | GE30: 0 | GF30: 0 | GG30: 0 | GH30: 0 | GI30: 5 | GJ30: 0 | GK30: 0 | GL30: 0 | GM30: 0 | GN30: 0 | GO30: 0 | GP30: 0 | GQ30: 0 | GR30: 0 | GS30: 0 | GT30: 0 | GU30: 0 | GV30: 0 | GW30: 0 | GX30: 0 | GY30: 0 | GZ30: 0 | HA30: 0 | HB30: 0 | HC30: 0 | HD30: 0 | HE30: 0 | HF30: 0 | HG30: 0 | HH30: 0 | HU30: =SUM(O30:HT30) -> 12
A31: 11 | C31: Zone 11 | D31: Nos. | E31: 0 | F31: 0 | G31: 0 | H31: 0 | I31: 0 | J31: 0 | K31: 0 | L31: 0 | M31: =SUM(E31:L31) -> 0 | O31: 0 | P31: 0 | Q31: 0 | R31: 0 | S31: 0 | T31: 0 | U31: 0 | V31: 0 | W31: 0 | X31: 0 | Y31: 0 | Z31: 0 | AA31: 0 | AB31: 0 | AC31: 0 | AD31: 0 | AE31: 0 | AF31: 0 | AG31: 0 | AH31: 0 | AI31: 0 | AJ31: 0 | AK31: 0 | AL31: 0 | AM31: 0 | AN31: 0 | AO31: 0 | AP31: 0 | AR31: 0 | AS31: 0 | AT31: 0 | AU31: 0 | AV31: 0 | AW31: 0 | AX31: 0 | AY31: 0 | AZ31: 0 | BA31: 0 | BB31: 0 | BC31: 0 | BD31: 0 | BE31: 0 | BF31: 0 | BG31: 0 | BH31: 0 | BI31: 0 | BJ31: 0 | BK31: 0 | BL31: 0 | BM31: 0 | BN31: 0 | BO31: 0 | BP31: 0 | BQ31: 0 | BR31: 0 | BS31: 0 | BT31: 0 | BU31: 0 | BV31: 0 | BX31: 0 | BY31: 0 | BZ31: 0 | CA31: 0 | CB31: 0 | CC31: 0 | CD31: 0 | CE31: 0 | CF31: 0 | CG31: 0 | CH31: 0 | CI31: 0 | CJ31: 0 | CK31: 0 | CL31: 0 | CM31: 0 | CN31: 0 | CO31: 0 | CP31: 0 | CQ31: 0 | CR31: 0 | CS31: 0 | CT31: 0 | CU31: 0 | CV31: 0 | CW31: 0 | CX31: 0 | CY31: 0 | CZ31: 0 | DA31: 0 | DB31: 0 | DC31: 0 | DD31: 0 | DE31: 0 | DF31: 0 | DG31: 0 | DH31: 0 | DI31: 0 | DJ31: 0 | DK31: 0 | DL31: 0 | DM31: 0 | DN31: 0 | DO31: 0 | DP31: 0 | DQ31: 0 | DR31: 0 | DS31: 0 | DT31: 0 | DU31: 0 | DV31: 0 | DW31: 0 | DX31: 0 | DY31: 0 | DZ31: 0 | EA31: 0 | EB31: 0 | EC31: 0 | ED31: 0 | EE31: 0 | EF31: 0 | EG31: 0 | EH31: 0 | EI31: 0 | EJ31: 0 | EK31: 0 | EL31: 0 | EM31: 0 | EN31: 0 | EO31: 0 | EP31: 0 | EQ31: 0 | ER31: 0 | ES31: 0 | ET31: 0 | EU31: 0 | EV31: 0 | EW31: 0 | EX31: 0 | EY31: 0 | EZ31: 0 | FA31: 0 | FB31: 0 | FC31: 0 | FD31: 0 | FE31: 0 | FF31: 0 | FG31: 0 | FH31: 0 | FI31: 0 | FJ31: 0 | FK31: 0 | FL31: 0 | FM31: 0 | FN31: 0 | FO31: 0 | FP31: 0 | FQ31: 0 | FR31: 0 | FS31: 0 | FT31: 0 | FU31: 0 | FV31: 0 | FW31: 0 | FX31: 0 | FY31: 0 | FZ31: 0 | GA31: 0 | GB31: 0 | GC31: 0 | GD31: 0 | GE31: 0 | GF31: 0 | GG31: 0 | GH31: 0 | GI31: 0 | GJ31: 0 | GK31: 0 | GL31: 0 | GM31: 0 | GN31: 0 | GO31: 0 | GP31: 0 | GQ31: 0 | GR31: 0 | GS31: 0 | GT31: 0 | GU31: 0 | GV31: 0 | GW31: 0 | GX31: 0 | GY31: 0 | GZ31: 0 | HA31: 0 | HB31: 0 | HC31: 0 | HD31: 0 | HE31: 0 | HF31: 0 | HG31: 0 | HH31: 0 | HU31: =SUM(O31:HT31) -> 0
C32: Sub Total | D32: Nos. | E32: =SUM(E21:E31) -> 0 | F32: =SUM(F21:F31) -> 0 | G32: =SUM(G21:G31) -> 0 | H32: =SUM(H21:H31) -> 2 | I32: =SUM(I21:I31) -> 4 | J32: =SUM(J21:J31) -> 0 | K32: =SUM(K21:K31) -> 0 | L32: =SUM(L21:L31) -> 4 | M32: =SUM(M21:M31) -> 10 | O32: =SUM(O21:O31) -> 2 | P32: =SUM(P21:P31) -> 2 | Q32: =SUM(Q21:Q31) -> 0 | R32: =SUM(R21:R31) -> 1 | S32: =SUM(S21:S31) -> 1 | T32: =SUM(T21:T31) -> 0 | U32: =SUM(U21:U31) -> 0 | V32: =SUM(V21:V31) -> 0 | ... AP32: =SUM(AP21:AP31) -> 0 | AR32: =SUM(AR21:AR31) -> 0 | AS32: =SUM(AS21:AS31) -> 0 | AT32: =SUM(AT21:AT31) -> 0 | AU32: =SUM(AU21:AU31) -> 2 | AV32: =SUM(AV21:AV31) -> 0 | AW32: =SUM(AW21:AW31) -> 0 | AX32: =SUM(AX21:AX31) -> 1 | AY32: =SUM(AY21:AY31) -> 0 | ... BV32: =SUM(BV21:BV31) -> 0 | BX32: =SUM(BX21:BX31) -> 5 | BY32: =SUM(BY21:BY31) -> 4 | BZ32: =SUM(BZ21:BZ31) -> 0 | CA32: =SUM(CA21:CA31) -> 1 | CB32: =SUM(CB21:CB31) -> 2 | CC32: =SUM(CC21:CC31) -> 0 | CD32: =SUM(CD21:CD31) -> 2 | CE32: =SUM(CE21:CE31) -> 0 | ... HH32: =SUM(HH21:HH31) -> 0 | HU32: =SUM(HU21:HU31) -> 195
A34: 1 | B34: GF to L1 | C34: Zone 1 | D34: Nos. | M34: =SUM(E34:L34) -> 0 | BV34: 0 | BX34: 0 | BY34: 0 | BZ34: 0 | CA34: 0 | CB34: 0 | CC34: 0 | CD34: 0 | CE34: 0 | CF34: 0 | CG34: 0 | CH34: 0 | CI34: 0 | CJ34: 0 | CK34: 0 | CL34: 0 | CM34: 0 | CN34: 0 | CO34: 0 | CP34: 0 | CQ34: 0 | CR34: 0 | CS34: 0 | CT34: 0 | CU34: 0 | CV34: 0 | CW34: 0 | CX34: 0 | CY34: 0 | CZ34: 0 | DA34: 0 | DB34: 0 | DC34: 0 | DD34: 0 | DE34: 0 | DF34: 0 | DG34: 0 | DH34: 0 | DI34: 0 | DJ34: 0 | DK34: 0 | DL34: 0 | DM34: 0 | DN34: 0 | DO34: 0 | DP34: 0 | DQ34: 0 | DR34: 0 | DS34: 0 | DT34: 0 | DU34: 0 | DV34: 0 | DW34: 0 | DX34: 0 | DY34: 0 | DZ34: 0 | EA34: 0 | EB34: 0 | EC34: 0 | ED34: 0 | EE34: 0 | EF34: 0 | EG34: 0 | EH34: 0 | EI34: 0 | EJ34: 0 | EK34: 0 | EL34: 0 | EM34: 0 | EN34: 0 | EO34: 1 | EP34: 0 | EQ34: 0 | ER34: 0 | ES34: 0 | ET34: 0 | EU34: 0 | EV34: 0 | EW34: 0 | EX34: 0 | EY34: 0 | EZ34: 0 | FA34: 0 | FB34: 0 | FC34: 0 | FD34: 0 | FE34: 0 | FF34: 0 | FG34: 0 | FH34: 0 | FI34: 0 | FJ34: 0 | FK34: 0 | FL34: 0 | FM34: 0 | FN34: 0 | FO34: 0 | FP34: 0 | FQ34: 0 | FR34: 0 | FS34: 0 | FT34: 0 | FU34: 0 | FV34: 0 | FW34: 0 | FX34: 0 | FY34: 0 | FZ34: 0 | GA34: 0 | GB34: 2 | GC34: 0 | GD34: 0 | GE34: 0 | GF34: 0 | GG34: 1 | GH34: 0 | GI34: 0 | GJ34: 0 | GK34: 0 | GL34: 0 | GM34: 0 | GN34: 0 | GO34: 0 | GP34: 0 | GQ34: 0 | GR34: 0 | GS34: 0 | GT34: 0 | GU34: 0 | GV34: 0 | GW34: 0 | GX34: 0 | GY34: 0 | GZ34: 0 | HA34: 0 | HB34: 0 | HC34: 0 | HD34: 0 | HE34: 0 | HF34: 0 | HG34: 0 | HH34: 0 | HU34: =SUM(O34:HT34) -> 4
A35: 2 | C35: Zone 2 | D35: Nos. | M35: =SUM(E35:L35) -> 0 | BV35: 1 | BX35: 0 | BY35: 0 | BZ35: 0 | CA35: 0 | CB35: 0 | CC35: 0 | CD35: 0 | CE35: 0 | CF35: 0 | CG35: 0 | CH35: 0 | CI35: 0 | CJ35: 0 | CK35: 0 | CL35: 0 | CM35: 0 | CN35: 0 | CO35: 0 | CP35: 0 | CQ35: 0 | CR35: 0 | CS35: 0 | CT35: 0 | CU35: 0 | CV35: 0 | CW35: 0 | CX35: 0 | CY35: 0 | CZ35: 0 | DA35: 0 | DB35: 0 | DC35: 0 | DD35: 0 | DE35: 0 | DF35: 0 | DG35: 0 | DH35: 0 | DI35: 0 | DJ35: 0 | DK35: 0 | DL35: 0 | DM35: 0 | DN35: 0 | DO35: 0 | DP35: 0 | DQ35: 0 | DR35: 0 | DS35: 0 | DT35: 0 | DU35: 0 | DV35: 0 | DW35: 0 | DX35: 0 | DY35: 0 | DZ35: 0 | EA35: 0 | EB35: 0 | EC35: 0 | ED35: 0 | EE35: 0 | EF35: 0 | EG35: 0 | EH35: 0 | EI35: 0 | EJ35: 0 | EK35: 0 | EL35: 0 | EM35: 0 | EN35: 0 | EO35: 0 | EP35: 0 | EQ35: 0 | ER35: 0 | ES35: 0 | ET35: 0 | EU35: 0 | EV35: 0 | EW35: 0 | EX35: 0 | EY35: 0 | EZ35: 0 | FA35: 0 | FB35: 0 | FC35: 0 | FD35: 0 | FE35: 0 | FF35: 0 | FG35: 0 | FH35: 0 | FI35: 0 | FJ35: 0 | FK35: 0 | FL35: 0 | FM35: 0 | FN35: 0 | FO35: 0 | FP35: 0 | FQ35: 0 | FR35: 0 | FS35: 0 | FT35: 0 | FU35: 0 | FV35: 0 | FW35: 0 | FX35: 0 | FY35: 0 | FZ35: 0 | GA35: 0 | GB35: 0 | GC35: 0 | GD35: 0 | GE35: 0 | GF35: 0 | GG35: 0 | GH35: 0 | GI35: 0 | GJ35: 0 | GK35: 0 | GL35: 0 | GM35: 0 | GN35: 0 | GO35: 0 | GP35: 0 | GQ35: 0 | GR35: 0 | GS35: 0 | GT35: 0 | GU35: 0 | GV35: 0 | GW35: 0 | GX35: 0 | GY35: 0 | GZ35: 0 | HA35: 0 | HB35: 0 | HC35: 0 | HD35: 0 | HE35: 0 | HF35: 0 | HG35: 0 | HH35: 0 | HU35: =SUM(O35:HT35) -> 1
A36: 3 | C36: Zone 3 | D36: Nos. | M36: =SUM(E36:L36) -> 0 | BV36: 0 | BX36: 0 | BY36: 0 | BZ36: 0 | CA36: 0 | CB36: 0 | CC36: 0 | CD36: 0 | CE36: 0 | CF36: 0 | CG36: 0 | CH36: 0 | CI36: 0 | CJ36: 0 | CK36: 0 | CL36: 0 | CM36: 0 | CN36: 0 | CO36: 0 | CP36: 0 | CQ36: 0 | CR36: 0 | CS36: 0 | CT36: 0 | CU36: 0 | CV36: 0 | CW36: 0 | CX36: 0 | CY36: 0 | CZ36: 0 | DA36: 0 | DB36: 0 | DC36: 1 | DD36: 0 | DE36: 0 | DF36: 0 | DG36: 0 | DH36: 0 | DI36: 0 | DJ36: 0 | DK36: 0 | DL36: 0 | DM36: 0 | DN36: 0 | DO36: 0 | DP36: 0 | DQ36: 0 | DR36: 0 | DS36: 0 | DT36: 0 | DU36: 0 | DV36: 0 | DW36: 0 | DX36: 0 | DY36: 0 | DZ36: 0 | EA36: 0 | EB36: 0 | EC36: 0 | ED36: 0 | EE36: 0 | EF36: 0 | EG36: 0 | EH36: 0 | EI36: 0 | EJ36: 0 | EK36: 0 | EL36: 0 | EM36: 0 | EN36: 0 | EO36: 0 | EP36: 0 | EQ36: 0 | ER36: 0 | ES36: 0 | ET36: 0 | EU36: 0 | EV36: 0 | EW36: 0 | EX36: 0 | EY36: 0 | EZ36: 0 | FA36: 0 | FB36: 0 | FC36: 0 | FD36: 0 | FE36: 0 | FF36: 0 | FG36: 0 | FH36: 0 | FI36: 0 | FJ36: 0 | FK36: 0 | FL36: 0 | FM36: 0 | FN36: 0 | FO36: 0 | FP36: 0 | FQ36: 0 | FR36: 0 | FS36: 0 | FT36: 0 | FU36: 0 | FV36: 0 | FW36: 0 | FX36: 0 | FY36: 0 | FZ36: 0 | GA36: 0 | GB36: 0 | GC36: 0 | GD36: 0 | GE36: 0 | GF36: 0 | GG36: 0 | GH36: 0 | GI36: 0 | GJ36: 0 | GK36: 0 | GL36: 0 | GM36: 0 | GN36: 0 | GO36: 0 | GP36: 0 | GQ36: 0 | GR36: 0 | GS36: 0 | GT36: 0 | GU36: 0 | GV36: 0 | GW36: 0 | GX36: 0 | GY36: 0 | GZ36: 0 | HA36: 0 | HB36: 0 | HC36: 0 | HD36: 0 | HE36: 0 | HF36: 0 | HG36: 0 | HH36: 0 | HU36: =SUM(O36:HT36) -> 1
A37: 4 | C37: Zone 4 | D37: Nos. | M37: =SUM(E37:L37) -> 0 | BV37: 0 | BX37: 0 | BY37: 0 | BZ37: 0 | CA37: 0 | CB37: 0 | CC37: 0 | CD37: 0 | CE37: 0 | CF37: 0 | CG37: 0 | CH37: 0 | CI37: 0 | CJ37: 0 | CK37: 0 | CL37: 0 | CM37: 0 | CN37: 0 | CO37: 0 | CP37: 0 | CQ37: 0 | CR37: 0 | CS37: 0 | CT37: 0 | CU37: 0 | CV37: 0 | CW37: 0 | CX37: 0 | CY37: 0 | CZ37: 0 | DA37: 0 | DB37: 0 | DC37: 0 | DD37: 0 | DE37: 0 | DF37: 0 | DG37: 0 | DH37: 0 | DI37: 0 | DJ37: 0 | DK37: 0 | DL37: 0 | DM37: 0 | DN37: 0 | DO37: 0 | DP37: 0 | DQ37: 0 | DR37: 0 | DS37: 0 | DT37: 0 | DU37: 0 | DV37: 0 | DW37: 0 | DX37: 0 | DY37: 0 | DZ37: 0 | EA37: 0 | EB37: 0 | EC37: 0 | ED37: 0 | EE37: 0 | EF37: 0 | EG37: 0 | EH37: 0 | EI37: 0 | EJ37: 0 | EK37: 0 | EL37: 0 | EM37: 0 | EN37: 0 | EO37: 0 | EP37: 0 | EQ37: 0 | ER37: 0 | ES37: 0 | ET37: 0 | EU37: 0 | EV37: 0 | EW37: 0 | EX37: 0 | EY37: 0 | EZ37: 0 | FA37: 0 | FB37: 0 | FC37: 0 | FD37: 0 | FE37: 0 | FF37: 0 | FG37: 0 | FH37: 0 | FI37: 0 | FJ37: 0 | FK37: 0 | FL37: 0 | FM37: 0 | FN37: 0 | FO37: 0 | FP37: 0 | FQ37: 0 | FR37: 0 | FS37: 0 | FT37: 0 | FU37: 0 | FV37: 0 | FW37: 0 | FX37: 0 | FY37: 0 | FZ37: 0 | GA37: 0 | GB37: 0 | GC37: 0 | GD37: 0 | GE37: 0 | GF37: 0 | GG37: 0 | GH37: 0 | GI37: 0 | GJ37: 0 | GK37: 0 | GL37: 0 | GM37: 0 | GN37: 0 | GO37: 0 | GP37: 0 | GQ37: 0 | GR37: 0 | GS37: 0 | GT37: 0 | GU37: 0 | GV37: 0 | GW37: 0 | GX37: 0 | GY37: 0 | GZ37: 0 | HA37: 0 | HB37: 0 | HC37: 0 | HD37: 0 | HE37: 0 | HF37: 0 | HG37: 0 | HH37: 0 | HU37: =SUM(O37:HT37) -> 0
A38: 5 | C38: Zone 5 | D38: Nos. | M38: =SUM(E38:L38) -> 0 | BV38: 0 | BX38: 0 | BY38: 0 | BZ38: 0 | CA38: 0 | CB38: 0 | CC38: 0 | CD38: 0 | CE38: 0 | CF38: 0 | CG38: 0 | CH38: 0 | CI38: 0 | CJ38: 0 | CK38: 0 | CL38: 0 | CM38: 0 | CN38: 0 | CO38: 0 | CP38: 0 | CQ38: 0 | CR38: 0 | CS38: 0 | CT38: 0 | CU38: 0 | CV38: 0 | CW38: 0 | CX38: 0 | CY38: 0 | CZ38: 0 | DA38: 0 | DB38: 0 | DC38: 0 | DD38: 0 | DE38: 0 | DF38: 0 | DG38: 0 | DH38: 0 | DI38: 0 | DJ38: 0 | DK38: 0 | DL38: 0 | DM38: 0 | DN38: 0 | DO38: 0 | DP38: 0 | DQ38: 0 | DR38: 0 | DS38: 0 | DT38: 0 | DU38: 0 | DV38: 0 | DW38: 0 | DX38: 0 | DY38: 0 | DZ38: 0 | EA38: 0 | EB38: 0 | EC38: 0 | ED38: 0 | EE38: 0 | EF38: 0 | EG38: 0 | EH38: 0 | EI38: 4 | EJ38: 4 | EK38: 0 | EL38: 3 | EM38: 3 | EN38: 5 | EO38: 0 | EP38: 0 | EQ38: 4 | ER38: 0 | ES38: 2 | ET38: 0 | EU38: 1 | EV38: 1 | EW38: 1 | EX38: 0 | EY38: 0 | EZ38: 1 | FA38: 0 | FB38: 0 | FC38: 0 | FD38: 5 | FE38: 0 | FF38: 0 | FG38: 2 | FH38: 0 | FI38: 0 | FJ38: 0 | FK38: 0 | FL38: 0 | FM38: 0 | FN38: 0 | FO38: 0 | FP38: 0 | FQ38: 0 | FR38: 0 | FS38: 0 | FT38: 0 | FU38: 0 | FV38: 0 | FW38: 0 | FX38: 0 | FY38: 0 | FZ38: 0 | GA38: 0 | GB38: 0 | GC38: 0 | GD38: 0 | GE38: 0 | GF38: 0 | GG38: 0 | GH38: 0 | GI38: 0 | GJ38: 0 | GK38: 0 | GL38: 0 | GM38: 0 | GN38: 0 | GO38: 0 | GP38: 0 | GQ38: 0 | GR38: 0 | GS38: 0 | GT38: 0 | GU38: 0 | GV38: 0 | GW38: 0 | GX38: 0 | GY38: 0 | GZ38: 0 | HA38: 0 | HB38: 0 | HC38: 0 | HD38: 0 | HE38: 0 | HF38: 0 | HG38: 0 | HH38: 0 | HU38: =SUM(O38:HT38) -> 36
A39: 6 | C39: Zone 6 | D39: Nos. | M39: =SUM(E39:L39) -> 0 | BV39: 0 | BX39: 0 | BY39: 0 | BZ39: 0 | CA39: 0 | CB39: 0 | CC39: 0 | CD39: 0 | CE39: 0 | CF39: 0 | CG39: 0 | CH39: 0 | CI39: 0 | CJ39: 0 | CK39: 0 | CL39: 0 | CM39: 0 | CN39: 0 | CO39: 0 | CP39: 0 | CQ39: 0 | CR39: 0 | CS39: 0 | CT39: 0 | CU39: 0 | CV39: 0 | CW39: 0 | CX39: 0 | CY39: 2 | CZ39: 0 | DA39: 4 | DB39: 0 | DC39: 0 | DD39: 0 | DE39: 0 | DF39: 1 | DG39: 2 | DH39: 1 | DI39: 0 | DJ39: 0 | DK39: 1 | DL39: 0 | DM39: 0 | DN39: 0 | DO39: 0 | DP39: 0 | DQ39: 0 | DR39: 0 | DS39: 0 | DT39: 0 | DU39: 0 | DV39: 0 | DW39: 0 | DX39: 0 | DY39: 0 | DZ39: 0 | EA39: 0 | EB39: 0 | EC39: 0 | ED39: 0 | EE39: 0 | EF39: 0 | EG39: 0 | EH39: 0 | EI39: 0 | EJ39: 0 | EK39: 0 | EL39: 0 | EM39: 0 | EN39: 0 | EO39: 0 | EP39: 0 | EQ39: 0 | ER39: 0 | ES39: 0 | ET39: 0 | EU39: 0 | EV39: 0 | EW39: 0 | EX39: 0 | EY39: 0 | EZ39: 0 | FA39: 0 | FB39: 0 | FC39: 0 | FD39: 0 | FE39: 0 | FF39: 0 | FG39: 0 | FH39: 0 | FI39: 0 | FJ39: 0 | FK39: 0 | FL39: 0 | FM39: 0 | FN39: 0 | FO39: 0 | FP39: 0 | FQ39: 0 | FR39: 0 | FS39: 0 | FT39: 0 | FU39: 0 | FV39: 0 | FW39: 0 | FX39: 0 | FY39: 0 | FZ39: 0 | GA39: 0 | GB39: 0 | GC39: 0 | GD39: 0 | GE39: 0 | GF39: 0 | GG39: 0 | GH39: 0 | GI39: 0 | GJ39: 0 | GK39: 0 | GL39: 0 | GM39: 0 | GN39: 0 | GO39: 0 | GP39: 0 | GQ39: 0 | GR39: 0 | GS39: 0 | GT39: 0 | GU39: 0 | GV39: 0 | GW39: 0 | GX39: 0 | GY39: 0 | GZ39: 0 | HA39: 0 | HB39: 0 | HC39: 0 | HD39: 0 | HE39: 0 | HF39: 0 | HG39: 0 | HH39: 0 | HU39: =SUM(O39:HT39) -> 11
A40: 7 | C40: Zone 7 | D40: Nos. | M40: =SUM(E40:L40) -> 0 | BV40: 0 | BX40: 0 | BY40: 0 | BZ40: 0 | CA40: 0 | CB40: 0 | CC40: 0 | CD40: 0 | CE40: 0 | CF40: 0 | CG40: 0 | CH40: 0 | CI40: 0 | CJ40: 0 | CK40: 0 | CL40: 0 | CM40: 0 | CN40: 0 | CO40: 0 | CP40: 0 | CQ40: 0 | CR40: 0 | CS40: 0 | CT40: 0 | CU40: 0 | CV40: 0 | CW40: 0 | CX40: 0 | CY40: 0 | CZ40: 0 | DA40: 0 | DB40: 0 | DC40: 0 | DD40: 0 | DE40: 0 | DF40: 0 | DG40: 0 | DH40: 0 | DI40: 0 | DJ40: 0 | DK40: 0 | DL40: 0 | DM40: 0 | DN40: 0 | DO40: 0 | DP40: 0 | DQ40: 0 | DR40: 0 | DS40: 0 | DT40: 0 | DU40: 0 | DV40: 0 | DW40: 0 | DX40: 0 | DY40: 0 | DZ40: 0 | EA40: 0 | EB40: 0 | EC40: 0 | ED40: 0 | EE40: 0 | EF40: 6 | EG40: 3 | EH40: 4 | EI40: 0 | EJ40: 0 | EK40: 0 | EL40: 0 | EM40: 0 | EN40: 0 | EO40: 0 | EP40: 0 | EQ40: 0 | ER40: 0 | ES40: 0 | ET40: 0 | EU40: 0 | EV40: 0 | EW40: 0 | EX40: 0 | EY40: 0 | EZ40: 0 | FA40: 0 | FB40: 0 | FC40: 0 | FD40: 0 | FE40: 0 | FF40: 0 | FG40: 0 | FH40: 0 | FI40: 0 | FJ40: 0 | FK40: 0 | FL40: 0 | FM40: 0 | FN40: 0 | FO40: 0 | FP40: 0 | FQ40: 0 | FR40: 0 | FS40: 0 | FT40: 0 | FU40: 0 | FV40: 0 | FW40: 0 | FX40: 0 | FY40: 0 | FZ40: 0 | GA40: 0 | GB40: 0 | GC40: 0 | GD40: 0 | GE40: 0 | GF40: 0 | GG40: 0 | GH40: 0 | GI40: 0 | GJ40: 0 | GK40: 0 | GL40: 0 | GM40: 0 | GN40: 0 | GO40: 0 | GP40: 0 | GQ40: 0 | GR40: 0 | GS40: 0 | GT40: 0 | GU40: 0 | GV40: 0 | GW40: 0 | GX40: 0 | GY40: 0 | GZ40: 0 | HA40: 0 | HB40: 0 | HC40: 0 | HD40: 0 | HE40: 0 | HF40: 0 | HG40: 0 | HH40: 0 | HU40: =SUM(O40:HT40) -> 13
A41: 8 | C41: Zone 8 | D41: Nos. | M41: =SUM(E41:L41) -> 0 | BV41: 0 | BX41: 0 | BY41: 0 | BZ41: 0 | CA41: 0 | CB41: 0 | CC41: 0 | CD41: 0 | CE41: 0 | CF41: 0 | CG41: 0 | CH41: 0 | CI41: 0 | CJ41: 0 | CK41: 0 | CL41: 0 | CM41: 0 | CN41: 0 | CO41: 0 | CP41: 0 | CQ41: 0 | CR41: 0 | CS41: 0 | CT41: 0 | CU41: 0 | CV41: 0 | CW41: 0 | CX41: 0 | CY41: 0 | CZ41: 0 | DA41: 0 | DB41: 0 | DC41: 0 | DD41: 0 | DE41: 0 | DF41: 0 | DG41: 0 | DH41: 0 | DI41: 0 | DJ41: 0 | DK41: 0 | DL41: 0 | DM41: 0 | DN41: 0 | DO41: 0 | DP41: 0 | DQ41: 0 | DR41: 0 | DS41: 0 | DT41: 0 | DU41: 0 | DV41: 0 | DW41: 0 | DX41: 0 | DY41: 0 | DZ41: 0 | EA41: 0 | EB41: 0 | EC41: 0 | ED41: 0 | EE41: 0 | EF41: 0 | EG41: 0 | EH41: 0 | EI41: 0 | EJ41: 0 | EK41: 0 | EL41: 0 | EM41: 0 | EN41: 0 | EO41: 0 | EP41: 0 | EQ41: 0 | ER41: 0 | ES41: 0 | ET41: 0 | EU41: 0 | EV41: 0 | EW41: 0 | EX41: 0 | EY41: 0 | EZ41: 0 | FA41: 0 | FB41: 0 | FC41: 0 | FD41: 0 | FE41: 0 | FF41: 0 | FG41: 0 | FH41: 0 | FI41: 0 | FJ41: 0 | FK41: 0 | FL41: 0 | FM41: 0 | FN41: 0 | FO41: 0 | FP41: 0 | FQ41: 0 | FR41: 0 | FS41: 0 | FT41: 0 | FU41: 0 | FV41: 0 | FW41: 0 | FX41: 0 | FY41: 0 | FZ41: 0 | GA41: 0 | GB41: 0 | GC41: 0 | GD41: 0 | GE41: 0 | GF41: 0 | GG41: 0 | GH41: 0 | GI41: 0 | GJ41: 0 | GK41: 0 | GL41: 0 | GM41: 0 | GN41: 0 | GO41: 0 | GP41: 0 | GQ41: 0 | GR41: 0 | GS41: 0 | GT41: 0 | GU41: 0 | GV41: 0 | GW41: 0 | GX41: 0 | GY41: 0 | GZ41: 0 | HA41: 0 | HB41: 0 | HC41: 0 | HD41: 0 | HE41: 0 | HF41: 0 | HG41: 0 | HH41: 0 | HU41: =SUM(O41:HT41) -> 0
A42: 9 | C42: Zone 9 | D42: Nos. | M42: =SUM(E42:L42) -> 0 | BV42: 0 | BX42: 0 | BY42: 0 | BZ42: 0 | CA42: 0 | CB42: 0 | CC42: 0 | CD42: 0 | CE42: 0 | CF42: 0 | CG42: 0 | CH42: 0 | CI42: 0 | CJ42: 0 | CK42: 0 | CL42: 0 | CM42: 0 | CN42: 0 | CO42: 0 | CP42: 0 | CQ42: 0 | CR42: 0 | CS42: 0 | CT42: 0 | CU42: 0 | CV42: 0 | CW42: 0 | CX42: 0 | CY42: 0 | CZ42: 0 | DA42: 0 | DB42: 0 | DC42: 0 | DD42: 0 | DE42: 0 | DF42: 0 | DG42: 0 | DH42: 0 | DI42: 0 | DJ42: 0 | DK42: 0 | DL42: 0 | DM42: 0 | DN42: 0 | DO42: 0 | DP42: 0 | DQ42: 0 | DR42: 0 | DS42: 0 | DT42: 0 | DU42: 0 | DV42: 0 | DW42: 0 | DX42: 0 | DY42: 0 | DZ42: 0 | EA42: 0 | EB42: 0 | EC42: 0 | ED42: 0 | EE42: 0 | EF42: 0 | EG42: 0 | EH42: 0 | EI42: 0 | EJ42: 0 | EK42: 0 | EL42: 0 | EM42: 0 | EN42: 0 | EO42: 0 | EP42: 0 | EQ42: 0 | ER42: 0 | ES42: 0 | ET42: 0 | EU42: 0 | EV42: 0 | EW42: 0 | EX42: 0 | EY42: 0 | EZ42: 0 | FA42: 0 | FB42: 0 | FC42: 0 | FD42: 0 | FE42: 0 | FF42: 0 | FG42: 0 | FH42: 0 | FI42: 0 | FJ42: 0 | FK42: 0 | FL42: 0 | FM42: 0 | FN42: 0 | FO42: 0 | FP42: 0 | FQ42: 0 | FR42: 0 | FS42: 0 | FT42: 0 | FU42: 0 | FV42: 0 | FW42: 0 | FX42: 0 | FY42: 0 | FZ42: 0 | GA42: 0 | GB42: 0 | GC42: 0 | GD42: 0 | GE42: 0 | GF42: 0 | GG42: 0 | GH42: 0 | GI42: 0 | GJ42: 0 | GK42: 0 | GL42: 0 | GM42: 0 | GN42: 0 | GO42: 0 | GP42: 0 | GQ42: 0 | GR42: 0 | GS42: 0 | GT42: 0 | GU42: 0 | GV42: 0 | GW42: 0 | GX42: 0 | GY42: 0 | GZ42: 0 | HA42: 0 | HB42: 0 | HC42: 0 | HD42: 0 | HE42: 0 | HF42: 0 | HG42: 0 | HH42: 0 | HU42: =SUM(O42:HT42) -> 0
A43: 10 | C43: Zone 10 | D43: Nos. | M43: =SUM(E43:L43) -> 0 | BV43: 0 | BX43: 0 | BY43: 0 | BZ43: 0 | CA43: 0 | CB43: 0 | CC43: 0 | CD43: 0 | CE43: 0 | CF43: 0 | CG43: 0 | CH43: 0 | CI43: 0 | CJ43: 0 | CK43: 0 | CL43: 0 | CM43: 0 | CN43: 0 | CO43: 0 | CP43: 0 | CQ43: 0 | CR43: 0 | CS43: 0 | CT43: 0 | CU43: 0 | CV43: 0 | CW43: 0 | CX43: 0 | CY43: 0 | CZ43: 0 | DA43: 0 | DB43: 0 | DC43: 0 | DD43: 0 | DE43: 0 | DF43: 0 | DG43: 0 | DH43: 0 | DI43: 0 | DJ43: 0 | DK43: 0 | DL43: 0 | DM43: 0 | DN43: 0 | DO43: 0 | DP43: 0 | DQ43: 0 | DR43: 0 | DS43: 0 | DT43: 0 | DU43: 0 | DV43: 0 | DW43: 0 | DX43: 0 | DY43: 0 | DZ43: 0 | EA43: 0 | EB43: 0 | EC43: 0 | ED43: 0 | EE43: 0 | EF43: 0 | EG43: 0 | EH43: 0 | EI43: 0 | EJ43: 0 | EK43: 0 | EL43: 0 | EM43: 0 | EN43: 0 | EO43: 0 | EP43: 0 | EQ43: 0 | ER43: 0 | ES43: 0 | ET43: 0 | EU43: 0 | EV43: 0 | EW43: 0 | EX43: 0 | EY43: 0 | EZ43: 0 | FA43: 0 | FB43: 0 | FC43: 0 | FD43: 0 | FE43: 0 | FF43: 0 | FG43: 0 | FH43: 0 | FI43: 0 | FJ43: 0 | FK43: 0 | FL43: 0 | FM43: 0 | FN43: 0 | FO43: 0 | FP43: 0 | FQ43: 0 | FR43: 0 | FS43: 0 | FT43: 0 | FU43: 0 | FV43: 0 | FW43: 0 | FX43: 0 | FY43: 0 | FZ43: 0 | GA43: 0 | GB43: 0 | GC43: 0 | GD43: 0 | GE43: 0 | GF43: 0 | GG43: 0 | GH43: 0 | GI43: 0 | GJ43: 0 | GK43: 0 | GL43: 0 | GM43: 0 | GN43: 0 | GO43: 0 | GP43: 0 | GQ43: 0 | GR43: 0 | GS43: 0 | GT43: 0 | GU43: 0 | GV43: 0 | GW43: 0 | GX43: 0 | GY43: 0 | GZ43: 0 | HA43: 0 | HB43: 0 | HC43: 0 | HD43: 0 | HE43: 0 | HF43: 0 | HG43: 0 | HH43: 0 | HU43: =SUM(O43:HT43) -> 0
A44: 11 | C44: Zone 11 | D44: Nos. | M44: =SUM(E44:L44) -> 0 | BV44: 0 | BX44: 0 | BY44: 0 | BZ44: 0 | CA44: 0 | CB44: 0 | CC44: 0 | CD44: 0 | CE44: 0 | CF44: 0 | CG44: 0 | CH44: 0 | CI44: 0 | CJ44: 0 | CK44: 0 | CL44: 0 | CM44: 0 | CN44: 0 | CO44: 0 | CP44: 0 | CQ44: 0 | CR44: 0 | CS44: 0 | CT44: 0 | CU44: 0 | CV44: 0 | CW44: 0 | CX44: 0 | CY44: 0 | CZ44: 0 | DA44: 0 | DB44: 0 | DC44: 0 | DD44: 0 | DE44: 0 | DF44: 0 | DG44: 0 | DH44: 0 | DI44: 0 | DJ44: 0 | DK44: 0 | DL44: 0 | DM44: 0 | DN44: 0 | DO44: 0 | DP44: 0 | DQ44: 0 | DR44: 0 | DS44: 0 | DT44: 0 | DU44: 0 | DV44: 0 | DW44: 0 | DX44: 0 | DY44: 0 | DZ44: 0 | EA44: 0 | EB44: 0 | EC44: 0 | ED44: 0 | EE44: 0 | EF44: 0 | EG44: 0 | EH44: 0 | EI44: 0 | EJ44: 0 | EK44: 0 | EL44: 0 | EM44: 0 | EN44: 0 | EO44: 0 | EP44: 0 | EQ44: 0 | ER44: 0 | ES44: 0 | ET44: 0 | EU44: 0 | EV44: 0 | EW44: 0 | EX44: 0 | EY44: 0 | EZ44: 0 | FA44: 0 | FB44: 0 | FC44: 0 | FD44: 0 | FE44: 0 | FF44: 0 | FG44: 0 | FH44: 0 | FI44: 0 | FJ44: 0 | FK44: 0 | FL44: 0 | FM44: 0 | FN44: 0 | FO44: 0 | FP44: 0 | FQ44: 0 | FR44: 0 | FS44: 0 | FT44: 0 | FU44: 0 | FV44: 0 | FW44: 0 | FX44: 0 | FY44: 0 | FZ44: 0 | GA44: 0 | GB44: 0 | GC44: 0 | GD44: 0 | GE44: 0 | GF44: 0 | GG44: 0 | GH44: 0 | GI44: 0 | GJ44: 0 | GK44: 0 | GL44: 0 | GM44: 0 | GN44: 0 | GO44: 0 | GP44: 0 | GQ44: 0 | GR44: 0 | GS44: 0 | GT44: 0 | GU44: 0 | GV44: 0 | GW44: 0 | GX44: 0 | GY44: 0 | GZ44: 0 | HA44: 0 | HB44: 0 | HC44: 0 | HD44: 0 | HE44: 0 | HF44: 0 | HG44: 0 | HH44: 0 | HU44: =SUM(O44:HT44) -> 0
C45: Sub Total | D45: Nos. | E45: =SUM(E34:E44) -> 0 | F45: =SUM(F34:F44) -> 0 | G45: =SUM(G34:G44) -> 0 | H45: =SUM(H34:H44) -> 0 | I45: =SUM(I34:I44) -> 0 | J45: =SUM(J34:J44) -> 0 | K45: =SUM(K34:K44) -> 0 | L45: =SUM(L34:L44) -> 0 | M45: =SUM(M34:M44) -> 0 | O45: =SUM(O34:O44) -> 0 | P45: =SUM(P34:P44) -> 0 | Q45: =SUM(Q34:Q44) -> 0 | R45: =SUM(R34:R44) -> 0 | S45: =SUM(S34:S44) -> 0 | T45: =SUM(T34:T44) -> 0 | U45: =SUM(U34:U44) -> 0 | V45: =SUM(V34:V44) -> 0 | ... AP45: =SUM(AP34:AP44) -> 0 | AR45: =SUM(AR34:AR44) -> 0 | AS45: =SUM(AS34:AS44) -> 0 | AT45: =SUM(AT34:AT44) -> 0 | AU45: =SUM(AU34:AU44) -> 0 | AV45: =SUM(AV34:AV44) -> 0 | AW45: =SUM(AW34:AW44) -> 0 | AX45: =SUM(AX34:AX44) -> 0 | AY45: =SUM(AY34:AY44) -> 0 | ... BV45: =SUM(BV34:BV44) -> 1 | BX45: =SUM(BX34:BX44) -> 0 | BY45: =SUM(BY34:BY44) -> 0 | BZ45: =SUM(BZ34:BZ44) -> 0 | CA45: =SUM(CA34:CA44) -> 0 | CB45: =SUM(CB34:CB44) -> 0 | CC45: 0 | CD45: =SUM(CD34:CD44) -> 0 | CE45: 0 | CF45: =SUM(CF34:CF44) -> 0 | CG45: =SUM(CG34:CG44) -> 0 | CH45: 0 | CI45: =SUM(CI34:CI44) -> 0 | CJ45: 0 | CK45: =SUM(CK34:CK44) -> 0 | CL45: =SUM(CL34:CL44) -> 0 | CM45: =SUM(CM34:CM44) -> 0 | CN45: =SUM(CN34:CN44) -> 0 | CO45: =SUM(CO34:CO44) -> 0 | CP45: =SUM(CP34:CP44) -> 0 | CQ45: =SUM(CQ34:CQ44) -> 0 | CR45: =SUM(CR34:CR44) -> 0 | CS45: =SUM(CS34:CS44) -> 0 | CT45: 0 | CU45: 0 | CV45: 0 | CW45: =SUM(CW34:CW44) -> 0 | CX45: =SUM(CX34:CX44) -> 0 | CY45: =SUM(CY34:CY44) -> 2 | CZ45: =SUM(CZ34:CZ44) -> 0 | DA45: =SUM(DA34:DA44) -> 4 | DB45: =SUM(DB34:DB44) -> 0 | DC45: =SUM(DC34:DC44) -> 1 | DD45: =SUM(DD34:DD44) -> 0 | ... HH45: =SUM(HH34:HH44) -> 0 | HU45: =SUM(HU34:HU44) -> 66
A47: 1 | B47: L1 to L2 | C47: Zone 1 | D47: Nos. | M47: =SUM(E47:L47) -> 0 | EU47: 0 | EV47: 0 | EW47: 0 | EX47: 0 | EY47: 0 | EZ47: 0 | FA47: 0 | FB47: 0 | FC47: 0 | FD47: 0 | FE47: 0 | FF47: 0 | FG47: 0 | FH47: 0 | FI47: 0 | FJ47: 0 | FK47: 0 | FL47: 0 | FM47: 0 | FN47: 0 | FO47: 0 | FP47: 0 | FQ47: 0 | FR47: 0 | FS47: 0 | FT47: 0 | FU47: 0 | FV47: 0 | FW47: 0 | FX47: 0 | FY47: 0 | FZ47: 0 | GA47: 0 | GB47: 0 | GC47: 0 | GD47: 0 | GE47: 0 | GF47: 0 | GG47: 0 | GH47: 0 | GI47: 0 | GJ47: 0 | GK47: 0 | GL47: 0 | GM47: 0 | GN47: 0 | GO47: 0 | GP47: 0 | GQ47: 0 | GR47: 0 | GS47: 0 | GT47: 0 | GU47: 0 | GV47: 0 | GW47: 0 | GX47: 0 | GY47: 0 | GZ47: 0 | HA47: 0 | HB47: 0 | HC47: 0 | HD47: 2 | HE47: 0 | HF47: 0 | HG47: 0 | HH47: 0 | HU47: =SUM(O47:HT47) -> 2
A48: 2 | C48: Zone 2 | D48: Nos. | M48: =SUM(E48:L48) -> 0 | EU48: 1 | EV48: 0 | EW48: 0 | EX48: 0 | EY48: 0 | EZ48: 0 | FA48: 0 | FB48: 0 | FC48: 0 | FD48: 0 | FE48: 0 | FF48: 0 | FG48: 0 | FH48: 0 | FI48: 0 | FJ48: 0 | FK48: 0 | FL48: 0 | FM48: 0 | FN48: 0 | FO48: 0 | FP48: 0 | FQ48: 0 | FR48: 0 | FS48: 0 | FT48: 0 | FU48: 0 | FV48: 0 | FW48: 0 | FX48: 0 | FY48: 0 | FZ48: 0 | GA48: 0 | GB48: 0 | GC48: 0 | GD48: 0 | GE48: 0 | GF48: 0 | GG48: 0 | GH48: 0 | GI48: 0 | GJ48: 0 | GK48: 0 | GL48: 0 | GM48: 0 | GN48: 0 | GO48: 0 | GP48: 0 | GQ48: 0 | GR48: 0 | GS48: 0 | GT48: 0 | GU48: 0 | GV48: 0 | GW48: 0 | GX48: 0 | GY48: 0 | GZ48: 0 | HA48: 0 | HB48: 0 | HC48: 0 | HD48: 0 | HE48: 0 | HF48: 0 | HG48: 0 | HH48: 0 | HU48: =SUM(O48:HT48) -> 1
A49: 3 | C49: Zone 3 | D49: Nos. | M49: =SUM(E49:L49) -> 0 | EU49: 0 | EV49: 0 | EW49: 0 | EX49: 0 | EY49: 0 | EZ49: 0 | FA49: 0 | FB49: 0 | FC49: 0 | FD49: 0 | FE49: 0 | FF49: 0 | FG49: 0 | FH49: 0 | FI49: 0 | FJ49: 0 | FK49: 0 | FL49: 0 | FM49: 0 | FN49: 0 | FO49: 0 | FP49: 0 | FQ49: 0 | FR49: 0 | FS49: 0 | FT49: 0 | FU49: 0 | FV49: 0 | FW49: 0 | FX49: 0 | FY49: 0 | FZ49: 0 | GA49: 0 | GB49: 0 | GC49: 0 | GD49: 0 | GE49: 0 | GF49: 0 | GG49: 0 | GH49: 0 | GI49: 0 | GJ49: 0 | GK49: 0 | GL49: 0 | GM49: 0 | GN49: 0 | GO49: 0 | GP49: 0 | GQ49: 0 | GR49: 0 | GS49: 0 | GT49: 0 | GU49: 0 | GV49: 0 | GW49: 0 | GX49: 0 | GY49: 0 | GZ49: 0 | HA49: 0 | HB49: 0 | HC49: 0 | HD49: 0 | HE49: 0 | HF49: 0 | HG49: 0 | HH49: 0 | HU49: =SUM(O49:HT49) -> 0
A50: 4 | C50: Zone 4 | D50: Nos. | M50: =SUM(E50:L50) -> 0 | EU50: 0 | EV50: 0 | EW50: 0 | EX50: 0 | EY50: 0 | EZ50: 0 | FA50: 0 | FB50: 0 | FC50: 0 | FD50: 0 | FE50: 0 | FF50: 0 | FG50: 0 | FH50: 0 | FI50: 0 | FJ50: 0 | FK50: 0 | FL50: 0 | FM50: 0 | FN50: 0 | FO50: 0 | FP50: 0 | FQ50: 0 | FR50: 0 | FS50: 0 | FT50: 0 | FU50: 0 | FV50: 0 | FW50: 0 | FX50: 0 | FY50: 0 | FZ50: 0 | GA50: 0 | GB50: 0 | GC50: 0 | GD50: 0 | GE50: 0 | GF50: 0 | GG50: 0 | GH50: 0 | GI50: 0 | GJ50: 0 | GK50: 0 | GL50: 0 | GM50: 0 | GN50: 0 | GO50: 0 | GP50: 0 | GQ50: 0 | GR50: 0 | GS50: 0 | GT50: 0 | GU50: 0 | GV50: 0 | GW50: 0 | GX50: 0 | GY50: 0 | GZ50: 0 | HA50: 0 | HB50: 0 | HC50: 0 | HD50: 0 | HE50: 0 | HF50: 0 | HG50: 0 | HH50: 0 | HU50: =SUM(O50:HT50) -> 0
A51: 5 | C51: Zone 5 | D51: Nos. | M51: =SUM(E51:L51) -> 0 | EU51: 0 | EV51: 0 | EW51: 0 | EX51: 0 | EY51: 0 | EZ51: 0 | FA51: 0 | FB51: 0 | FC51: 0 | FD51: 0 | FE51: 0 | FF51: 0 | FG51: 0 | FH51: 0 | FI51: 0 | FJ51: 0 | FK51: 0 | FL51: 0 | FM51: 0 | FN51: 0 | FO51: 0 | FP51: 0 | FQ51: 0 | FR51: 0 | FS51: 0 | FT51: 0 | FU51: 0 | FV51: 0 | FW51: 0 | FX51: 0 | FY51: 0 | FZ51: 0 | GA51: 0 | GB51: 0 | GC51: 0 | GD51: 2 | GE51: 0 | GF51: 4 | GG51: 0 | GH51: 0 | GI51: 0 | GJ51: 3 | GK51: 0 | GL51: 0 | GM51: 2 | GN51: 3 | GO51: 0 | GP51: 0 | GQ51: 0 | GR51: 0 | GS51: 0 | GT51: 0 | GU51: 0 | GV51: 0 | GW51: 3 | GX51: 0 | GY51: 0 | GZ51: 0 | HA51: 0 | HB51: 0 | HC51: 0 | HD51: 0 | HE51: 0 | HF51: 0 | HG51: 0 | HH51: 0 | HU51: =SUM(O51:HT51) -> 17
A52: 6 | C52: Zone 6 | D52: Nos. | M52: =SUM(E52:L52) -> 0 | EU52: 0 | EV52: 0 | EW52: 0 | EX52: 0 | EY52: 0 | EZ52: 1 | FA52: 0 | FB52: 0 | FC52: 0 | FD52: 0 | FE52: 3 | FF52: 0 | FG52: 3 | FH52: 0 | FI52: 2 | FJ52: 0 | FK52: 0 | FL52: 0 | FM52: 0 | FN52: 0 | FO52: 0 | FP52: 0 | FQ52: 0 | FR52: 0 | FS52: 0 | FT52: 0 | FU52: 0 | FV52: 0 | FW52: 0 | FX52: 0 | FY52: 0 | FZ52: 0 | GA52: 0 | GB52: 0 | GC52: 0 | GD52: 0 | GE52: 0 | GF52: 0 | GG52: 1 | GH52: 0 | GI52: 0 | GJ52: 0 | GK52: 0 | GL52: 0 | GM52: 0 | GN52: 0 | GO52: 0 | GP52: 0 | GQ52: 0 | GR52: 0 | GS52: 0 | GT52: 0 | GU52: 0 | GV52: 0 | GW52: 0 | GX52: 0 | GY52: 0 | GZ52: 0 | HA52: 0 | HB52: 0 | HC52: 0 | HD52: 2 | HE52: 0 | HF52: 0 | HG52: 0 | HH52: 0 | HU52: =SUM(O52:HT52) -> 12
A53: 7 | C53: Zone 7 | D53: Nos. | M53: =SUM(E53:L53) -> 0 | EU53: 0 | EV53: 0 | EW53: 0 | EX53: 0 | EY53: 0 | EZ53: 0 | FA53: 0 | FB53: 0 | FC53: 0 | FD53: 0 | FE53: 0 | FF53: 0 | FG53: 0 | FH53: 1 | FI53: 0 | FJ53: 0 | FK53: 0 | FL53: 0 | FM53: 0 | FN53: 0 | FO53: 0 | FP53: 0 | FQ53: 0 | FR53: 0 | FS53: 0 | FT53: 0 | FU53: 0 | FV53: 0 | FW53: 0 | FX53: 0 | FY53: 0 | FZ53: 0 | GA53: 0 | GB53: 0 | GC53: 1 | GD53: 0 | GE53: 0 | GF53: 0 | GG53: 0 | GH53: 0 | GI53: 0 | GJ53: 0 | GK53: 0 | GL53: 0 | GM53: 0 | GN53: 0 | GO53: 0 | GP53: 0 | GQ53: 0 | GR53: 0 | GS53: 0 | GT53: 0 | GU53: 0 | GV53: 0 | GW53: 0 | GX53: 0 | GY53: 0 | GZ53: 0 | HA53: 2 | HB53: 0 | HC53: 0 | HD53: 0 | HE53: 0 | HF53: 0 | HG53: 0 | HH53: 0 | HU53: =SUM(O53:HT53) -> 4
A54: 8 | C54: Zone 8 | D54: Nos. | M54: =SUM(E54:L54) -> 0 | EU54: 0 | EV54: 0 | EW54: 0 | EX54: 0 | EY54: 0 | EZ54: 0 | FA54: 0 | FB54: 0 | FC54: 0 | FD54: 0 | FE54: 0 | FF54: 0 | FG54: 0 | FH54: 0 | FI54: 0 | FJ54: 0 | FK54: 0 | FL54: 0 | FM54: 0 | FN54: 0 | FO54: 0 | FP54: 0 | FQ54: 0 | FR54: 0 | FS54: 0 | FT54: 0 | FU54: 0 | FV54: 0 | FW54: 0 | FX54: 0 | FY54: 0 | FZ54: 0 | GA54: 0 | GB54: 0 | GC54: 0 | GD54: 0 | GE54: 0 | GF54: 0 | GG54: 0 | GH54: 0 | GI54: 0 | GJ54: 0 | GK54: 0 | GL54: 0 | GM54: 0 | GN54: 0 | GO54: 0 | GP54: 0 | GQ54: 0 | GR54: 0 | GS54: 0 | GT54: 0 | GU54: 0 | GV54: 0 | GW54: 0 | GX54: 0 | GY54: 0 | GZ54: 0 | HA54: 0 | HB54: 0 | HC54: 0 | HD54: 0 | HE54: 0 | HF54: 0 | HG54: 0 | HH54: 0 | HU54: =SUM(O54:HT54) -> 0
A55: 9 | C55: Zone 9 | D55: Nos. | M55: =SUM(E55:L55) -> 0 | EU55: 0 | EV55: 0 | EW55: 0 | EX55: 0 | EY55: 0 | EZ55: 0 | FA55: 0 | FB55: 0 | FC55: 0 | FD55: 0 | FE55: 0 | FF55: 0 | FG55: 0 | FH55: 0 | FI55: 0 | FJ55: 0 | FK55: 0 | FL55: 0 | FM55: 0 | FN55: 0 | FO55: 0 | FP55: 0 | FQ55: 0 | FR55: 0 | FS55: 0 | FT55: 0 | FU55: 0 | FV55: 0 | FW55: 0 | FX55: 0 | FY55: 0 | FZ55: 0 | GA55: 0 | GB55: 0 | GC55: 0 | GD55: 0 | GE55: 0 | GF55: 0 | GG55: 0 | GH55: 0 | GI55: 0 | GJ55: 0 | GK55: 0 | GL55: 0 | GM55: 0 | GN55: 0 | GO55: 0 | GP55: 0 | GQ55: 0 | GR55: 0 | GS55: 0 | GT55: 0 | GU55: 0 | GV55: 0 | GW55: 0 | GX55: 0 | GY55: 0 | GZ55: 0 | HA55: 0 | HB55: 0 | HC55: 0 | HD55: 0 | HE55: 0 | HF55: 0 | HG55: 0 | HH55: 0 | HU55: =SUM(O55:HT55) -> 0
A56: 10 | C56: Zone 10 | D56: Nos. | M56: =SUM(E56:L56) -> 0 | EU56: 0 | EV56: 0 | EW56: 0 | EX56: 0 | EY56: 0 | EZ56: 0 | FA56: 0 | FB56: 0 | FC56: 0 | FD56: 0 | FE56: 0 | FF56: 0 | FG56: 0 | FH56: 0 | FI56: 0 | FJ56: 0 | FK56: 0 | FL56: 0 | FM56: 0 | FN56: 0 | FO56: 0 | FP56: 0 | FQ56: 0 | FR56: 0 | FS56: 0 | FT56: 0 | FU56: 0 | FV56: 0 | FW56: 0 | FX56: 0 | FY56: 0 | FZ56: 0 | GA56: 0 | GB56: 0 | GC56: 0 | GD56: 0 | GE56: 0 | GF56: 0 | GG56: 0 | GH56: 0 | GI56: 0 | GJ56: 0 | GK56: 0 | GL56: 0 | GM56: 0 | GN56: 0 | GO56: 0 | GP56: 0 | GQ56: 0 | GR56: 0 | GS56: 0 | GT56: 0 | GU56: 0 | GV56: 0 | GW56: 0 | GX56: 0 | GY56: 0 | GZ56: 0 | HA56: 0 | HB56: 0 | HC56: 0 | HD56: 0 | HE56: 0 | HF56: 0 | HG56: 0 | HH56: 0 | HU56: =SUM(O56:HT56) -> 0
A57: 11 | C57: Zone 11 | D57: Nos. | M57: =SUM(E57:L57) -> 0 | EU57: 0 | EV57: 0 | EW57: 0 | EX57: 0 | EY57: 0 | EZ57: 0 | FA57: 0 | FB57: 0 | FC57: 0 | FD57: 0 | FE57: 0 | FF57: 0 | FG57: 0 | FH57: 0 | FI57: 0 | FJ57: 0 | FK57: 0 | FL57: 0 | FM57: 0 | FN57: 0 | FO57: 0 | FP57: 0 | FQ57: 0 | FR57: 0 | FS57: 0 | FT57: 0 | FU57: 0 | FV57: 0 | FW57: 0 | FX57: 0 | FY57: 0 | FZ57: 0 | GA57: 0 | GB57: 0 | GC57: 0 | GD57: 0 | GE57: 0 | GF57: 0 | GG57: 0 | GH57: 0 | GI57: 0 | GJ57: 0 | GK57: 0 | GL57: 0 | GM57: 0 | GN57: 0 | GO57: 0 | GP57: 0 | GQ57: 0 | GR57: 0 | GS57: 0 | GT57: 0 | GU57: 0 | GV57: 0 | GW57: 0 | GX57: 0 | GY57: 0 | GZ57: 0 | HA57: 0 | HB57: 0 | HC57: 0 | HD57: 0 | HE57: 0 | HF57: 0 | HG57: 0 | HH57: 0 | HU57: =SUM(O57:HT57) -> 0
C58: Sub Total | D58: Nos. | E58: =SUM(E47:E57) -> 0 | F58: =SUM(F47:F57) -> 0 | G58: =SUM(G47:G57) -> 0 | H58: =SUM(H47:H57) -> 0 | I58: =SUM(I47:I57) -> 0 | J58: =SUM(J47:J57) -> 0 | K58: =SUM(K47:K57) -> 0 | L58: =SUM(L47:L57) -> 0 | M58: =SUM(M47:M57) -> 0 | O58: =SUM(O47:O57) -> 0 | P58: =SUM(P47:P57) -> 0 | Q58: =SUM(Q47:Q57) -> 0 | R58: =SUM(R47:R57) -> 0 | S58: =SUM(S47:S57) -> 0 | T58: =SUM(T47:T57) -> 0 | U58: =SUM(U47:U57) -> 0 | V58: =SUM(V47:V57) -> 0 | ... AP58: =SUM(AP47:AP57) -> 0 | AR58: =SUM(AR47:AR57) -> 0 | AS58: =SUM(AS47:AS57) -> 0 | AT58: =SUM(AT47:AT57) -> 0 | AU58: =SUM(AU47:AU57) -> 0 | AV58: =SUM(AV47:AV57) -> 0 | AW58: =SUM(AW47:AW57) -> 0 | AX58: =SUM(AX47:AX57) -> 0 | AY58: =SUM(AY47:AY57) -> 0 | ... BV58: =SUM(BV47:BV57) -> 0 | BX58: =SUM(BX47:BX57) -> 0 | BY58: =SUM(BY47:BY57) -> 0 | BZ58: =SUM(BZ47:BZ57) -> 0 | CA58: =SUM(CA47:CA57) -> 0 | CB58: =SUM(CB47:CB57) -> 0 | CC58: 0 | CD58: =SUM(CD47:CD57) -> 0 | CE58: 0 | CF58: =SUM(CF47:CF57) -> 0 | CG58: =SUM(CG47:CG57) -> 0 | CH58: 0 | CI58: =SUM(CI47:CI57) -> 0 | CJ58: 0 | CK58: =SUM(CK47:CK57) -> 0 | CL58: =SUM(CL47:CL57) -> 0 | CM58: =SUM(CM47:CM57) -> 0 | CN58: =SUM(CN47:CN57) -> 0 | CO58: =SUM(CO47:CO57) -> 0 | CP58: =SUM(CP47:CP57) -> 0 | CQ58: =SUM(CQ47:CQ57) -> 0 | CR58: =SUM(CR47:CR57) -> 0 | CS58: =SUM(CS47:CS57) -> 0 | CT58: 0 | CU58: 0 | CV58: 0 | CW58: =SUM(CW47:CW57) -> 0 | CX58: =SUM(CX47:CX57) -> 0 | CY58: =SUM(CY47:CY57) -> 0 | CZ58: =SUM(CZ47:CZ57) -> 0 | DA58: =SUM(DA47:DA57) -> 0 | DB58: =SUM(DB47:DB57) -> 0 | DC58: =SUM(DC47:DC57) -> 0 | DD58: =SUM(DD47:DD57) -> 0 | ... HH58: =SUM(HH47:HH57) -> 0 | HU58: =SUM(HU47:HU57) -> 36
A60: 1 | B60: L2 to L3 | C60: Zone 1 | D60: Nos. | M60: =SUM(E60:L60) -> 0 | HA60: 0 | HB60: 0 | HC60: 0 | HD60: 0 | HE60: 0 | HF60: 0 | HG60: 0 | HH60: 0 | HU60: =SUM(O60:HT60) -> 0
A61: 2 | C61: Zone 2 | D61: Nos. | M61: =SUM(E61:L61) -> 0 | HA61: 1 | HB61: 0 | HC61: 0 | HD61: 0 | HE61: 0 | HF61: 0 | HG61: 0 | HH61: 0 | HU61: =SUM(O61:HT61) -> 1
A62: 3 | C62: Zone 3 | D62: Nos. | M62: =SUM(E62:L62) -> 0 | HA62: 0 | HB62: 0 | HC62: 0 | HD62: 0 | HE62: 0 | HF62: 0 | HG62: 0 | HH62: 0 | HU62: =SUM(O62:HT62) -> 0
A63: 4 | C63: Zone 4 | D63: Nos. | M63: =SUM(E63:L63) -> 0 | HA63: 0 | HB63: 0 | HC63: 0 | HD63: 0 | HE63: 0 | HF63: 0 | HG63: 0 | HH63: 0 | HU63: =SUM(O63:HT63) -> 0
A64: 5 | C64: Zone 5 | D64: Nos. | M64: =SUM(E64:L64) -> 0 | HA64: 0 | HB64: 0 | HC64: 0 | HD64: 0 | HE64: 0 | HF64: 0 | HG64: 0 | HH64: 0 | HU64: =SUM(O64:HT64) -> 0
A65: 6 | C65: Zone 6 | D65: Nos. | M65: =SUM(E65:L65) -> 0 | HA65: 0 | HB65: 0 | HC65: 0 | HD65: 0 | HE65: 0 | HF65: 0 | HG65: 0 | HH65: 0 | HU65: =SUM(O65:HT65) -> 0
A66: 7 | C66: Zone 7 | D66: Nos. | M66: =SUM(E66:L66) -> 0 | HA66: 0 | HB66: 0 | HC66: 0 | HD66: 0 | HE66: 0 | HF66: 0 | HG66: 0 | HH66: 0 | HU66: =SUM(O66:HT66) -> 0
A67: 8 | C67: Zone 8 | D67: Nos. | M67: =SUM(E67:L67) -> 0 | HA67: 0 | HB67: 0 | HC67: 0 | HD67: 0 | HE67: 0 | HF67: 0 | HG67: 0 | HH67: 0 | HU67: =SUM(O67:HT67) -> 0
A68: 9 | C68: Zone 9 | D68: Nos. | M68: =SUM(E68:L68) -> 0 | HA68: 0 | HB68: 0 | HC68: 0 | HD68: 0 | HE68: 0 | HF68: 0 | HG68: 0 | HH68: 0 | HU68: =SUM(O68:HT68) -> 0
A69: 10 | C69: Zone 10 | D69: Nos. | M69: =SUM(E69:L69) -> 0 | HA69: 0 | HB69: 0 | HC69: 0 | HD69: 0 | HE69: 0 | HF69: 0 | HG69: 0 | HH69: 0 | HU69: =SUM(O69:HT69) -> 0
A70: 11 | C70: Zone 11 | D70: Nos. | M70: =SUM(E70:L70) -> 0 | HA70: 0 | HB70: 0 | HC70: 0 | HD70: 0 | HE70: 0 | HF70: 0 | HG70: 0 | HH70: 0 | HU70: =SUM(O70:HT70) -> 0
C71: Sub Total | D71: Nos. | E71: =SUM(E60:E70) -> 0 | F71: =SUM(F60:F70) -> 0 | G71: =SUM(G60:G70) -> 0 | H71: =SUM(H60:H70) -> 0 | I71: =SUM(I60:I70) -> 0 | J71: =SUM(J60:J70) -> 0 | K71: =SUM(K60:K70) -> 0 | L71: =SUM(L60:L70) -> 0 | M71: =SUM(M60:M70) -> 0 | O71: =SUM(O60:O70) -> 0 | P71: =SUM(P60:P70) -> 0 | Q71: =SUM(Q60:Q70) -> 0 | R71: =SUM(R60:R70) -> 0 | S71: =SUM(S60:S70) -> 0 | T71: =SUM(T60:T70) -> 0 | U71: =SUM(U60:U70) -> 0 | V71: =SUM(V60:V70) -> 0 | ... AP71: =SUM(AP60:AP70) -> 0 | AR71: =SUM(AR60:AR70) -> 0 | AS71: =SUM(AS60:AS70) -> 0 | AT71: =SUM(AT60:AT70) -> 0 | AU71: =SUM(AU60:AU70) -> 0 | AV71: =SUM(AV60:AV70) -> 0 | AW71: =SUM(AW60:AW70) -> 0 | AX71: =SUM(AX60:AX70) -> 0 | AY71: =SUM(AY60:AY70) -> 0 | ... BV71: =SUM(BV60:BV70) -> 0 | BX71: =SUM(BX60:BX70) -> 0 | BY71: =SUM(BY60:BY70) -> 0 | BZ71: =SUM(BZ60:BZ70) -> 0 | CA71: =SUM(CA60:CA70) -> 0 | CB71: =SUM(CB60:CB70) -> 0 | CC71: 0 | CD71: =SUM(CD60:CD70) -> 0 | CE71: 0 | CF71: =SUM(CF60:CF70) -> 0 | CG71: =SUM(CG60:CG70) -> 0 | CH71: 0 | CI71: =SUM(CI60:CI70) -> 0 | CJ71: 0 | CK71: =SUM(CK60:CK70) -> 0 | CL71: =SUM(CL60:CL70) -> 0 | CM71: =SUM(CM60:CM70) -> 0 | CN71: =SUM(CN60:CN70) -> 0 | CO71: =SUM(CO60:CO70) -> 0 | CP71: =SUM(CP60:CP70) -> 0 | CQ71: =SUM(CQ60:CQ70) -> 0 | CR71: =SUM(CR60:CR70) -> 0 | CS71: =SUM(CS60:CS70) -> 0 | CT71: 0 | CU71: 0 | CV71: 0 | CW71: =SUM(CW60:CW70) -> 0 | CX71: =SUM(CX60:CX70) -> 0 | CY71: =SUM(CY60:CY70) -> 0 | CZ71: =SUM(CZ60:CZ70) -> 0 | DA71: =SUM(DA60:DA70) -> 0 | DB71: =SUM(DB60:DB70) -> 0 | DC71: =SUM(DC60:DC70) -> 0 | DD71: =SUM(DD60:DD70) -> 0 | ... HH71: =SUM(HH60:HH70) -> 0 | HU71: =SUM(HU60:HU70) -> 1
A72: Concrete Quantity | D72: m3 | E72: 0 | F72: 0 | G72: 0 | H72: 5 | I72: 8 | J72: 4 | K72: 0 | L72: 8 | M72: =SUM(E72:L72) -> 25 | O72: 6 | P72: 4 | Q72: 0 | R72: 2 | S72: 2 | T72: 0 | U72: 0 | V72: 0 | W72: 2 | X72: 0 | Y72: 10 | Z72: 12 | AA72: 0 | AB72: 11 | AC72: 10 | AD72: 0 | AE72: 4 | AF72: 11 | AG72: 0 | AH72: 0 | AI72: 0 | AJ72: 0 | AK72: 0 | AL72: 0 | AM72: 0 | AN72: 0 | AO72: 0 | AP72: 0 | AR72: 0 | AS72: 0 | AT72: 0 | AU72: 4 | AV72: 2 | AW72: 0 | AX72: 2 | AY72: 0 | AZ72: 8 | BA72: 12 | BB72: 6 | BC72: 4 | BD72: 0 | BE72: 4 | BF72: 0 | BG72: 4 | BH72: 4 | BI72: 0 | BJ72: 0 | BK72: 0 | BL72: 0 | BM72: 0 | BN72: 0 | BO72: 15 | BP72: 6 | BQ72: 6 | BR72: 0 | BS72: 10 | BT72: 0 | BU72: 0 | BV72: 2 | BX72: 14 | BY72: 8 | BZ72: 0 | CA72: 2 | CB72: 4 | CC72: 0 | CD72: 6 | CE72: 0 | CF72: 0 | CG72: 0 | CH72: 0 | CI72: 15 | CJ72: 4 | CK72: 0 | CL72: 4 | CM72: 0 | CN72: 0 | CO72: 18 | CP72: 6 | CQ72: 10 | CR72: 2 | CS72: 2 | CT72: 0 | CU72: 0 | CV72: 2 | CW72: 10 | CX72: 6 | CY72: 3 | CZ72: 3 | DA72: 24 | DB72: 0 | DC72: 4 | DD72: 14 | DE72: 0 | DF72: 2 | DG72: 20 | DH72: 12 | DI72: 0 | DJ72: 18 | DK72: 12 | DL72: 9 | DM72: 8 | DN72: 2 | DO72: 2 | DP72: 0 | DQ72: 0 | DR72: 2 | DS72: 0 | DT72: 0 | DU72: 5 | DV72: 0 | DW72: 0 | DX72: 0 | DY72: 0 | DZ72: 0 | EA72: 0 | EB72: 0 | EC72: 0 | ED72: 0 | EE72: 0 | EF72: 12 | EG72: 4 | EH72: 8 | EI72: 10 | EJ72: 8 | EK72: 0 | EL72: 6 | EM72: 6 | EN72: 14 | EO72: 2 | EP72: 0 | EQ72: 7 | ER72: 0 | ES72: 4 | ET72: 2 | EU72: 4 | EV72: 2 | EW72: 2 | EX72: 0 | EY72: 0 | EZ72: 4 | FA72: 0 | FB72: 0 | FC72: 0 | FD72: 10 | FE72: 6 | FF72: 0 | FG72: 10 | FH72: 2 | FI72: 5 | FJ72: 0 | FK72: 0 | FL72: 0 | FM72: 0 | FN72: 0 | FO72: 0 | FP72: 0 | FQ72: 0 | FR72: 0 | FS72: 0 | FT72: 0 | FU72: 0 | FV72: 0 | FW72: 0 | FX72: 0 | FY72: 0 | FZ72: 0 | GA72: 0 | GB72: 4 | GC72: 2 | GD72: 4 | GE72: 0 | GF72: 10 | GG72: 3 | GH72: 0 | GI72: 8 | GJ72: 6 | GK72: 0 | GL72: 0 | GM72: 10 | GN72: 4 | GO72: 0 | GP72: 0 | GQ72: 0 | GR72: 0 | GS72: 0 | GT72: 0 | GU72: 0 | GV72: 0 | GW72: 6 | GX72: 0 | GY72: 0 | GZ72: 0 | HA72: 8 | HB72: 0 | HC72: 0 | HD72: 8 | HE72: 0 | HF72: 0 | HG72: 0 | HH72: 0 | HU72: =SUM(O72:HT72) -> 617
B75: B2 to B1 | C75: Team 1 | E75: =E9+E10+E12+E13+E14 -> 0 | F75: =F9+F10+F12+F13+F14 -> 0 | G75: =G9+G10+G12+G13+G14 -> 0 | H75: =H9+H10+H12+H13+H14 -> 0 | I75: =I9+I10+I12+I13+I14 -> 0 | J75: =J9+J10+J12+J13+J14 -> 0 | K75: =K9+K10+K12+K13+K14 -> 0 | L75: =L9+L10+L12+L13+L14 -> 0 | ... BV75: =BV9+BV10+BV12+BV13+BV14 -> 0 | BX75: =BX9+BX10+BX12+BX13+BX14 -> 2 | BY75: =BY9+BY10+BY12+BY13+BY14 -> 0 | BZ75: =BZ9+BZ10+BZ12+BZ13+BZ14 -> 0 | CA75: =CA9+CA10+CA12+CA13+CA14 -> 0 | CB75: =CB9+CB10+CB12+CB13+CB14 -> 0 | CC75: =CC9+CC10+CC12+CC13+CC14 -> 0 | CD75: =CD9+CD10+CD12+CD13+CD14 -> 0 | CE75: =CE9+CE10+CE12+CE13+CE14 -> 0 | ... HT75: =HT9+HT10+HT12+HT13+HT14 -> 0
C76: Team 2 | E76: =E8/2+E11+E16+E17 -> 0 | F76: =F8/2+F11+F16+F17 -> 0 | G76: =G8/2+G11+G16+G17 -> 0 | H76: =H8/2+H11+H16+H17 -> 0 | I76: =I8/2+I11+I16+I17 -> 0 | J76: =J8/2+J11+J16+J17 -> 1 | K76: =K8/2+K11+K16+K17 -> 0 | L76: =L8/2+L11+L16+L17 -> 0 | ... BV76: =BV8/2+BV11+BV16+BV17 -> 0 | BX76: =BX8/2+BX11+BX16+BX17 -> 0 | BY76: =BY8/2+BY11+BY16+BY17 -> 0 | BZ76: =BZ8/2+BZ11+BZ16+BZ17 -> 0 | CA76: =CA8/2+CA11+CA16+CA17 -> 0 | CB76: =CB8/2+CB11+CB16+CB17 -> 0 | CC76: =CC8/2+CC11+CC16+CC17 -> 0 | CD76: =CD8/2+CD11+CD16+CD17 -> 1 | CE76: =CE8/2+CE11+CE16+CE17 -> 0 | ... HT76: =HT8/2+HT11+HT16+HT17 -> 0
C77: Team 3 | E77: =E8/2+E15+E18 -> 0 | F77: =F8/2+F15+F18 -> 0 | G77: =G8/2+G15+G18 -> 0 | H77: =H8/2+H15+H18 -> 0 | I77: =I8/2+I15+I18 -> 0 | J77: =J8/2+J15+J18 -> 1 | K77: =K8/2+K15+K18 -> 0 | L77: =L8/2+L15+L18 -> 0 | ... BV77: =BV8/2+BV15+BV18 -> 0 | BX77: =BX8/2+BX15+BX18 -> 0 | BY77: =BY8/2+BY15+BY18 -> 0 | BZ77: =BZ8/2+BZ15+BZ18 -> 0 | CA77: =CA8/2+CA15+CA18 -> 0 | CB77: =CB8/2+CB15+CB18 -> 0 | CC77: =CC8/2+CC15+CC18 -> 0 | CD77: =CD8/2+CD15+CD18 -> 0 | CE77: =CE8/2+CE15+CE18 -> 0 | ... HT77: =HT8/2+HT15+HT18 -> 0
B79: B1 to GF | C79: Team 1 | E79: =E22+E23+E25+E26+E27 -> 0 | F79: =F22+F23+F25+F26+F27 -> 0 | G79: =G22+G23+G25+G26+G27 -> 0 | H79: =H22+H23+H25+H26+H27 -> 2 | I79: =I22+I23+I25+I26+I27 -> 4 | J79: =J22+J23+J25+J26+J27 -> 0 | K79: =K22+K23+K25+K26+K27 -> 0 | L79: =L22+L23+L25+L26+L27 -> 4 | ... BV79: =BV22+BV23+BV25+BV26+BV27 -> 0 | BX79: =BX22+BX23+BX25+BX26+BX27 -> 5 | BY79: =BY22+BY23+BY25+BY26+BY27 -> 4 | BZ79: =BZ22+BZ23+BZ25+BZ26+BZ27 -> 0 | CA79: =CA22+CA23+CA25+CA26+CA27 -> 1 | CB79: =CB22+CB23+CB25+CB26+CB27 -> 2 | CC79: =CC22+CC23+CC25+CC26+CC27 -> 0 | CD79: =CD22+CD23+CD25+CD26+CD27 -> 0 | CE79: =CE22+CE23+CE25+CE26+CE27 -> 0 | ... HT79: =HT22+HT23+HT25+HT26+HT27 -> 0
C80: Team 2 | E80: =E21/2+E24+E29+E30 -> 0 | F80: =F21/2+F24+F29+F30 -> 0 | G80: =G21/2+G24+G29+G30 -> 0 | H80: =H21/2+H24+H29+H30 -> 0 | I80: =I21/2+I24+I29+I30 -> 0 | J80: =J21/2+J24+J29+J30 -> 0 | K80: =K21/2+K24+K29+K30 -> 0 | L80: =L21/2+L24+L29+L30 -> 0 | ... BV80: =BV21/2+BV24+BV29+BV30 -> 0 | BX80: =BX21/2+BX24+BX29+BX30 -> 0 | BY80: =BY21/2+BY24+BY29+BY30 -> 0 | BZ80: =BZ21/2+BZ24+BZ29+BZ30 -> 0 | CA80: =CA21/2+CA24+CA29+CA30 -> 0 | CB80: =CB21/2+CB24+CB29+CB30 -> 0 | CC80: =CC21/2+CC24+CC29+CC30 -> 0 | CD80: =CD21/2+CD24+CD29+CD30 -> 1.5 | CE80: =CE21/2+CE24+CE29+CE30 -> 0 | ... HT80: =HT21/2+HT24+HT29+HT30 -> 0
C81: Team 3 | E81: =E21/2+E28+E31 -> 0 | F81: =F21/2+F28+F31 -> 0 | G81: =G21/2+G28+G31 -> 0 | H81: =H21/2+H28+H31 -> 0 | I81: =I21/2+I28+I31 -> 0 | J81: =J21/2+J28+J31 -> 0 | K81: =K21/2+K28+K31 -> 0 | L81: =L21/2+L28+L31 -> 0 | ... BV81: =BV21/2+BV28+BV31 -> 0 | BX81: =BX21/2+BX28+BX31 -> 0 | BY81: =BY21/2+BY28+BY31 -> 0 | BZ81: =BZ21/2+BZ28+BZ31 -> 0 | CA81: =CA21/2+CA28+CA31 -> 0 | CB81: =CB21/2+CB28+CB31 -> 0 | CC81: =CC21/2+CC28+CC31 -> 0 | CD81: =CD21/2+CD28+CD31 -> 0.5 | CE81: =CE21/2+CE28+CE31 -> 0 | ... HT81: =HT21/2+HT28+HT31 -> 0

Sheet External Wall
A1: #VALUE! | D1: Diriyah II Management Contracting – Opera House Cncrete Updates External Wall Works
A7: S/No. | B7: Levels | C7: Zone | D7: Unit | E7: January | O7: February | AR7: March | BX7: April | DB7: May | EG7: June | FK7: July | GP7: August
E8: 24 | F8: 46047 | G8: 46048 | H8: 46049 | I8: 46050 | J8: 46051 | K8: 46052 | L8: 46053 | M8: Total | O8: 46054 | P8: 46055 | Q8: 46056 | R8: 46057 | S8: 46058 | T8: 46059 | U8: 46060 | V8: 46061 | W8: 46062 | X8: 46063 | Y8: 46064 | Z8: 46065 | AA8: 46066 | AB8: 46067 | AC8: 46068 | AD8: 46069 | AE8: 46070 | AF8: 46071 | AG8: 46072 | AH8: 46073 | AI8: 46074 | AJ8: 46075 | AK8: 46076 | AL8: 46077 | AM8: 46078 | AN8: 46079 | AO8: 46080 | AP8: 46081 | AR8: 46082 | AS8: 46083 | AT8: 46084 | AU8: 46085 | AV8: 46086 | AW8: 46087 | AX8: 46088 | AY8: 46089 | AZ8: 46090 | BA8: 46091 | BB8: 46092 | BC8: 46093 | BD8: 46094 | BE8: 46095 | BF8: 46096 | BG8: 46097 | BH8: 46098 | BI8: 46099 | BJ8: 46100 | BK8: 46101 | BL8: 46102 | BM8: 46103 | BN8: 46104 | BO8: 46105 | BP8: 46106 | BQ8: 46107 | BR8: 46108 | BS8: 46109 | BT8: 46110 | BU8: 46111 | BV8: 46112 | BX8: 46113 | BY8: 46114 | BZ8: 46115 | CA8: 46116 | CB8: 46117 | CC8: 46118 | CD8: 46119 | CE8: 46120 | CF8: 46121 | CG8: 46122 | CH8: 46123 | CI8: 46124 | CJ8: 46125 | CK8: 46126 | CL8: 46127 | CM8: 46128 | CN8: 46129 | CO8: 46130 | CP8: 46131 | CQ8: 46132 | CR8: 46133 | CS8: 46134 | CT8: 46135 | CU8: 46136 | CV8: 46137 | CW8: 46138 | CX8: 46139 | CY8: 46140 | CZ8: 46141 | DA8: 46142 | DB8: 46143 | DC8: 46144 | DD8: 46145 | DE8: 46146 | DF8: 46147 | DG8: 46148 | DH8: 46149 | DI8: 46150 | DJ8: 46151 | DK8: 46152 | DL8: 46153 | DM8: 46154 | DN8: 46155 | DO8: 46156 | DP8: 46157 | DQ8: 46158 | DR8: 46159 | DS8: 46160 | DT8: 46161 | DU8: 46162 | DV8: 46163 | DW8: 46164 | DX8: 46165 | DY8: 46166 | DZ8: 46167 | EA8: 46168 | EB8: 46169 | EC8: 46170 | ED8: 46171 | EE8: 46172 | EF8: 46173 | EG8: 46174 | EH8: 46175 | EI8: 46176 | EJ8: 46177 | EK8: 46178 | EL8: 46179 | EM8: 46180 | EN8: 46181 | EO8: 46182 | EP8: 46183 | EQ8: 46184 | ER8: 46185 | ES8: 46186 | ET8: 46187 | EU8: 46188 | EV8: 46189 | EW8: 46190 | EX8: 46191 | EY8: 46192 | EZ8: 46193 | FA8: 46194 | FB8: 46195 | FC8: 46196 | FD8: 46197 | FE8: 46198 | FF8: 46199 | FG8: 46200 | FH8: 46201 | FI8: 46202 | FJ8: 46203 | FK8: 46204 | FL8: 46205 | FM8: 46206 | FN8: 46207 | FO8: 46208 | FP8: 46209 | FQ8: 46210 | FR8: 46211 | FS8: 46212 | FT8: 46213 | FU8: 46214 | FV8: 46215 | FW8: 46216 | FX8: 46217 | FY8: 46218 | FZ8: 46219 | GA8: 46220 | GB8: 46221 | GC8: 46222 | GD8: 46223 | GE8: 46224 | GF8: 46225 | GG8: 46226 | GH8: 46227 | GI8: 46228 | GJ8: 46229 | GK8: 46230 | GL8: 46231 | GM8: 46232 | GN8: 46233 | GO8: 46234 | GP8: 46235 | GQ8: 46236 | GR8: 46237 | GS8: 46238 | GT8: 46239 | GU8: 46240 | GV8: 46241 | GW8: 46242 | GX8: 46243 | GY8: 46244 | GZ8: 46245 | HA8: 46246 | HB8: 46247 | HC8: 46248 | HD8: 46249 | HE8: 46250 | HF8: 46251 | HG8: 46252 | HH8: 46253 | HI8: 46254 | HJ8: 46255 | HK8: 46256 | HL8: 46257 | HM8: 46258 | HN8: 46259 | HO8: 46260 | HP8: 46261 | HQ8: 46262 | HR8: 46263 | HS8: 46264 | HT8: 46265 | HU8: Total
A9: 1 | B9: B2 t oB1 | C9: Zone 1 | D9: Lm. | E9: 0 | F9: 0 | G9: 0 | H9: 0 | I9: 0 | J9: 0 | K9: 0 | L9: 0 | M9: =SUM(E9:L9) -> 0 | O9: 0 | P9: 0 | Q9: 0 | R9: 0 | S9: 0 | T9: 0 | U9: 0 | V9: 0 | W9: 0 | X9: 0 | Y9: 0 | Z9: 0 | AA9: 0 | AB9: 0 | AC9: 0 | AD9: 0 | AE9: 0 | AF9: 0 | AG9: 0 | AH9: 0 | AI9: 0 | AJ9: 0 | AK9: 0 | AL9: 0 | AM9: 0 | AN9: 0 | AO9: 0 | AP9: 0 | AR9: 0 | AS9: 0 | AT9: 0 | AU9: 0 | AV9: 0 | AW9: 0 | AX9: 0 | AY9: 0 | AZ9: 0 | BA9: 0 | BB9: 0 | BC9: 0 | BD9: 0 | BE9: 0 | BF9: 0 | BG9: 0 | BH9: 0 | BI9: 0 | BJ9: 0 | BK9: 0 | BL9: 0 | BM9: 0 | BN9: 0 | BO9: 0 | BP9: 0 | BQ9: 0 | BR9: 0 | BS9: 0 | BT9: 0 | BU9: 0 | BV9: 0 | BX9: 0 | BY9: 0 | BZ9: 0 | CA9: 0 | CB9: 0 | CC9: 0 | CD9: 0 | CE9: 0 | CF9: 0 | CG9: 0 | CH9: 0 | CI9: 0 | CJ9: 0 | CK9: 0 | CL9: 0 | CM9: 0 | CN9: 0 | CO9: 0 | CP9: 0 | CQ9: 0 | CR9: 0 | CS9: 0 | CT9: 0 | CU9: 0 | CV9: 0 | CW9: 0 | CX9: 0 | CY9: 0 | CZ9: 0 | DA9: 0 | DB9: 0 | DC9: 0 | DD9: 0 | DE9: 0 | DF9: 0 | DG9: 0 | DH9: 0 | DI9: 0 | DJ9: 0 | DK9: 0 | DL9: 0 | DM9: 0 | DN9: 0 | DO9: 0 | DP9: 0 | DQ9: 0 | DR9: 0 | DS9: 0 | DT9: 0 | DU9: 0 | DV9: 0 | DW9: 0 | DX9: 0 | DY9: 0 | DZ9: 0 | EA9: 0 | EB9: 0 | EC9: 0 | ED9: 0 | EE9: 0 | EF9: 0 | EG9: 0 | EH9: 0 | EI9: 0 | EJ9: 0 | EK9: 0 | EL9: 0 | EM9: 0 | EN9: 0 | EO9: 0 | EP9: 0 | EQ9: 0 | ER9: 0 | ES9: 0 | ET9: 0 | EU9: 0 | EV9: 0 | EW9: 0 | EX9: 0 | EY9: 0 | EZ9: 0 | FA9: 0 | FB9: 0 | FC9: 0 | FD9: 0 | FE9: 0 | FF9: 0 | FG9: 0 | FH9: 0 | FI9: 0 | FJ9: 0 | FK9: 0 | FL9: 0 | FM9: 0 | FN9: 0 | FO9: 0 | FP9: 0 | FQ9: 0 | FR9: 0 | FS9: 0 | FT9: 0 | FU9: 0 | FV9: 0 | FW9: 0 | FX9: 0 | FY9: 0 | FZ9: 0 | GA9: 0 | GB9: 0 | GC9: 0 | GD9: 0 | GE9: 0 | GF9: 0 | GG9: 0 | GH9: 0 | GI9: 0 | GJ9: 0 | GK9: 0 | GL9: 0 | GM9: 0 | GN9: 0 | GO9: 0 | GP9: 0 | GQ9: 0 | GR9: 0 | GS9: 0 | GT9: 0 | GU9: 0 | GV9: 0 | GW9: 0 | GX9: 0 | GY9: 0 | GZ9: 0 | HA9: 0 | HB9: 0 | HC9: 0 | HD9: 0 | HE9: 0 | HF9: 0 | HG9: 0 | HH9: 0 | HU9: =SUM(O9:HT9) -> 0
A10: 2 | C10: Zone 2 | D10: Lm. | E10: 0 | F10: 0 | G10: 0 | H10: 0 | I10: 0 | J10: 0 | K10: 0 | L10: 0 | M10: =SUM(E10:L10) -> 0 | O10: 0 | P10: 0 | Q10: 0 | R10: 0 | S10: 0 | T10: 0 | U10: 0 | V10: 0 | W10: 0 | X10: 0 | Y10: 0 | Z10: 0 | AA10: 0 | AB10: 0 | AC10: 0 | AD10: 0 | AE10: 0 | AF10: 0 | AG10: 0 | AH10: 0 | AI10: 0 | AJ10: 0 | AK10: 0 | AL10: 0 | AM10: 0 | AN10: 0 | AO10: 0 | AP10: 0 | AR10: 0 | AS10: 0 | AT10: 0 | AU10: 0 | AV10: 0 | AW10: 0 | AX10: 0 | AY10: 0 | AZ10: 0 | BA10: 0 | BB10: 0 | BC10: 0 | BD10: 0 | BE10: 0 | BF10: 0 | BG10: 0 | BH10: 0 | BI10: 0 | BJ10: 0 | BK10: 0 | BL10: 0 | BM10: 0 | BN10: 0 | BO10: 0 | BP10: 0 | BQ10: 0 | BR10: 0 | BS10: 0 | BT10: 0 | BU10: 0 | BV10: 0 | BX10: 0 | BY10: 0 | BZ10: 0 | CA10: 0 | CB10: 0 | CC10: 0 | CD10: 0 | CE10: 0 | CF10: 0 | CG10: 0 | CH10: 0 | CI10: 0 | CJ10: 0 | CK10: 0 | CL10: 0 | CM10: 0 | CN10: 0 | CO10: 0 | CP10: 0 | CQ10: 0 | CR10: 0 | CS10: 0 | CT10: 0 | CU10: 0 | CV10: 0 | CW10: 0 | CX10: 0 | CY10: 0 | CZ10: 0 | DA10: 0 | DB10: 0 | DC10: 0 | DD10: 0 | DE10: 0 | DF10: 0 | DG10: 0 | DH10: 0 | DI10: 0 | DJ10: 0 | DK10: 0 | DL10: 0 | DM10: 0 | DN10: 0 | DO10: 0 | DP10: 0 | DQ10: 0 | DR10: 0 | DS10: 0 | DT10: 0 | DU10: 0 | DV10: 0 | DW10: 0 | DX10: 0 | DY10: 0 | DZ10: 0 | EA10: 0 | EB10: 0 | EC10: 0 | ED10: 0 | EE10: 0 | EF10: 0 | EG10: 0 | EH10: 0 | EI10: 0 | EJ10: 0 | EK10: 0 | EL10: 0 | EM10: 0 | EN10: 0 | EO10: 0 | EP10: 0 | EQ10: 0 | ER10: 0 | ES10: 0 | ET10: 0 | EU10: 0 | EV10: 0 | EW10: 0 | EX10: 0 | EY10: 0 | EZ10: 0 | FA10: 0 | FB10: 0 | FC10: 0 | FD10: 0 | FE10: 0 | FF10: 0 | FG10: 0 | FH10: 0 | FI10: 0 | FJ10: 0 | FK10: 0 | FL10: 0 | FM10: 0 | FN10: 0 | FO10: 0 | FP10: 0 | FQ10: 0 | FR10: 0 | FS10: 0 | FT10: 0 | FU10: 0 | FV10: 0 | FW10: 0 | FX10: 0 | FY10: 0 | FZ10: 0 | GA10: 0 | GB10: 0 | GC10: 0 | GD10: 0 | GE10: 0 | GF10: 0 | GG10: 0 | GH10: 0 | GI10: 0 | GJ10: 0 | GK10: 0 | GL10: 0 | GM10: 0 | GN10: 0 | GO10: 0 | GP10: 0 | GQ10: 0 | GR10: 0 | GS10: 0 | GT10: 0 | GU10: 0 | GV10: 0 | GW10: 0 | GX10: 0 | GY10: 0 | GZ10: 0 | HA10: 0 | HB10: 0 | HC10: 0 | HD10: 0 | HE10: 0 | HF10: 0 | HG10: 0 | HH10: 0 | HU10: =SUM(O10:HT10) -> 0
A11: 3 | C11: Zone 3 | D11: Lm. | E11: 0 | F11: 0 | G11: 0 | H11: 0 | I11: 0 | J11: 0 | K11: 0 | L11: 0 | M11: =SUM(E11:L11) -> 0 | O11: 0 | P11: 0 | Q11: 0 | R11: 0 | S11: 0 | T11: 0 | U11: 0 | V11: 0 | W11: 0 | X11: 0 | Y11: 0 | Z11: 0 | AA11: 0 | AB11: 0 | AC11: 0 | AD11: 0 | AE11: 0 | AF11: 0 | AG11: 0 | AH11: 0 | AI11: 0 | AJ11: 0 | AK11: 0 | AL11: 0 | AM11: 0 | AN11: 0 | AO11: 0 | AP11: 0 | AR11: 0 | AS11: 0 | AT11: 0 | AU11: 0 | AV11: 0 | AW11: 0 | AX11: 0 | AY11: 0 | AZ11: 0 | BA11: 0 | BB11: 0 | BC11: 0 | BD11: 0 | BE11: 0 | BF11: 0 | BG11: 0 | BH11: 0 | BI11: 0 | BJ11: 0 | BK11: 0 | BL11: 0 | BM11: 0 | BN11: 0 | BO11: 0 | BP11: 0 | BQ11: 0 | BR11: 0 | BS11: 0 | BT11: 0 | BU11: 0 | BV11: 0 | BX11: 0 | BY11: 0 | BZ11: 0 | CA11: 0 | CB11: 0 | CC11: 0 | CD11: 0 | CE11: 0 | CF11: 0 | CG11: 0 | CH11: 0 | CI11: 0 | CJ11: 0 | CK11: 0 | CL11: 0 | CM11: 0 | CN11: 0 | CO11: 0 | CP11: 0 | CQ11: 0 | CR11: 0 | CS11: 0 | CT11: 0 | CU11: 0 | CV11: 0 | CW11: 0 | CX11: 0 | CY11: 0 | CZ11: 0 | DA11: 0 | DB11: 0 | DC11: 0 | DD11: 0 | DE11: 0 | DF11: 0 | DG11: 0 | DH11: 0 | DI11: 0 | DJ11: 0 | DK11: 0 | DL11: 0 | DM11: 0 | DN11: 0 | DO11: 0 | DP11: 0 | DQ11: 0 | DR11: 0 | DS11: 0 | DT11: 0 | DU11: 0 | DV11: 0 | DW11: 0 | DX11: 0 | DY11: 0 | DZ11: 0 | EA11: 0 | EB11: 0 | EC11: 0 | ED11: 0 | EE11: 0 | EF11: 0 | EG11: 0 | EH11: 0 | EI11: 0 | EJ11: 0 | EK11: 0 | EL11: 0 | EM11: 0 | EN11: 0 | EO11: 0 | EP11: 0 | EQ11: 0 | ER11: 0 | ES11: 0 | ET11: 0 | EU11: 0 | EV11: 0 | EW11: 0 | EX11: 0 | EY11: 0 | EZ11: 0 | FA11: 0 | FB11: 0 | FC11: 0 | FD11: 0 | FE11: 0 | FF11: 0 | FG11: 0 | FH11: 0 | FI11: 0 | FJ11: 0 | FK11: 0 | FL11: 0 | FM11: 0 | FN11: 0 | FO11: 0 | FP11: 0 | FQ11: 0 | FR11: 0 | FS11: 0 | FT11: 0 | FU11: 0 | FV11: 0 | FW11: 0 | FX11: 0 | FY11: 0 | FZ11: 0 | GA11: 0 | GB11: 0 | GC11: 0 | GD11: 0 | GE11: 0 | GF11: 0 | GG11: 0 | GH11: 0 | GI11: 0 | GJ11: 0 | GK11: 0 | GL11: 0 | GM11: 0 | GN11: 0 | GO11: 0 | GP11: 0 | GQ11: 0 | GR11: 0 | GS11: 0 | GT11: 0 | GU11: 0 | GV11: 0 | GW11: 0 | GX11: 0 | GY11: 0 | GZ11: 0 | HA11: 0 | HB11: 0 | HC11: 0 | HD11: 0 | HE11: 0 | HF11: 0 | HG11: 0 | HH11: 0 | HU11: =SUM(O11:HT11) -> 0
A12: 4 | C12: Zone 4 | D12: Lm. | E12: 0 | F12: 0 | G12: 0 | H12: 0 | I12: 0 | J12: 0 | K12: 0 | L12: 0 | M12: =SUM(E12:L12) -> 0 | O12: 0 | P12: 0 | Q12: 0 | R12: 0 | S12: 0 | T12: 0 | U12: 0 | V12: 0 | W12: 0 | X12: 0 | Y12: 0 | Z12: 0 | AA12: 0 | AB12: 0 | AC12: 0 | AD12: 0 | AE12: 0 | AF12: 0 | AG12: 0 | AH12: 0 | AI12: 0 | AJ12: 0 | AK12: 0 | AL12: 0 | AM12: 0 | AN12: 0 | AO12: 0 | AP12: 0 | AR12: 0 | AS12: 0 | AT12: 0 | AU12: 0 | AV12: 0 | AW12: 0 | AX12: 0 | AY12: 0 | AZ12: 0 | BA12: 0 | BB12: 0 | BC12: 0 | BD12: 0 | BE12: 0 | BF12: 0 | BG12: 0 | BH12: 0 | BI12: 0 | BJ12: 0 | BK12: 0 | BL12: 0 | BM12: 0 | BN12: 0 | BO12: 0 | BP12: 0 | BQ12: 0 | BR12: 0 | BS12: 0 | BT12: 0 | BU12: 0 | BV12: 0 | BX12: 0 | BY12: 0 | BZ12: 0 | CA12: 0 | CB12: 0 | CC12: 0 | CD12: 0 | CE12: 0 | CF12: 0 | CG12: 0 | CH12: 0 | CI12: 0 | CJ12: 0 | CK12: 0 | CL12: 0 | CM12: 0 | CN12: 0 | CO12: 0 | CP12: 0 | CQ12: 0 | CR12: 0 | CS12: 0 | CT12: 0 | CU12: 0 | CV12: 0 | CW12: 0 | CX12: 0 | CY12: 0 | CZ12: 0 | DA12: 0 | DB12: 0 | DC12: 0 | DD12: 0 | DE12: 0 | DF12: 0 | DG12: 0 | DH12: 0 | DI12: 0 | DJ12: 0 | DK12: 0 | DL12: 0 | DM12: 0 | DN12: 0 | DO12: 0 | DP12: 0 | DQ12: 0 | DR12: 0 | DS12: 0 | DT12: 0 | DU12: 0 | DV12: 0 | DW12: 0 | DX12: 0 | DY12: 0 | DZ12: 0 | EA12: 0 | EB12: 0 | EC12: 0 | ED12: 0 | EE12: 0 | EF12: 0 | EG12: 0 | EH12: 0 | EI12: 0 | EJ12: 0 | EK12: 0 | EL12: 0 | EM12: 0 | EN12: 0 | EO12: 0 | EP12: 0 | EQ12: 0 | ER12: 0 | ES12: 0 | ET12: 0 | EU12: 0 | EV12: 0 | EW12: 0 | EX12: 0 | EY12: 0 | EZ12: 0 | FA12: 0 | FB12: 0 | FC12: 0 | FD12: 0 | FE12: 0 | FF12: 0 | FG12: 0 | FH12: 0 | FI12: 0 | FJ12: 0 | FK12: 0 | FL12: 0 | FM12: 0 | FN12: 0 | FO12: 0 | FP12: 0 | FQ12: 0 | FR12: 0 | FS12: 0 | FT12: 0 | FU12: 0 | FV12: 0 | FW12: 0 | FX12: 0 | FY12: 0 | FZ12: 0 | GA12: 0 | GB12: 0 | GC12: 0 | GD12: 0 | GE12: 0 | GF12: 0 | GG12: 0 | GH12: 0 | GI12: 0 | GJ12: 0 | GK12: 0 | GL12: 0 | GM12: 0 | GN12: 0 | GO12: 0 | GP12: 0 | GQ12: 0 | GR12: 0 | GS12: 0 | GT12: 0 | GU12: 0 | GV12: 0 | GW12: 0 | GX12: 0 | GY12: 0 | GZ12: 0 | HA12: 0 | HB12: 0 | HC12: 0 | HD12: 0 | HE12: 0 | HF12: 0 | HG12: 0 | HH12: 0 | HU12: =SUM(O12:HT12) -> 0
A13: 5 | C13: Zone 5 | D13: Lm. | E13: 0 | F13: 0 | G13: 0 | H13: 19.5 | I13: 0 | J13: 24 | K13: 0 | L13: 0 | M13: =SUM(E13:L13) -> 43.5 | O13: 16 | P13: 26 | Q13: 0 | R13: 0 | S13: 0 | T13: 0 | U13: 7.6 | V13: 0 | W13: 17.5 | X13: 0 | Y13: 0 | Z13: 11 | AA13: 0 | AB13: 0 | AC13: 0 | AD13: 0 | AE13: 10.5 | AF13: 0 | AG13: 0 | AH13: 0 | AI13: 0 | AJ13: 0 | AK13: 0 | AL13: 0 | AM13: 0 | AN13: 0 | AO13: 0 | AP13: 0 | AR13: 0 | AS13: 0 | AT13: 0 | AU13: 2.5 | AV13: 0 | AW13: 0 | AX13: 0 | AY13: 0 | AZ13: 0 | BA13: 0 | BB13: 0 | BC13: 0 | BD13: 0 | BE13: 25 | BF13: 0 | BG13: 0 | BH13: 21.8 | BI13: 0 | BJ13: 0 | BK13: 0 | BL13: 0 | BM13: 0 | BN13: 0 | BO13: 19.5 | BP13: 0 | BQ13: 0 | BR13: 0 | BS13: 0 | BT13: 0 | BU13: 0 | BV13: 0 | BX13: 0 | BY13: 0 | BZ13: 0 | CA13: 0 | CB13: 0 | CC13: 27 | CD13: 0 | CE13: 0 | CF13: 0 | CG13: 0 | CH13: 0 | CI13: 0 | CJ13: 0 | CK13: 0 | CL13: 0 | CM13: 0 | CN13: 0 | CO13: 0 | CP13: 0 | CQ13: 0 | CR13: 0 | CS13: 0 | CT13: 0 | CU13: 0 | CV13: 0 | CW13: 0 | CX13: 0 | CY13: 0 | CZ13: 0 | DA13: 0 | DB13: 0 | DC13: 0 | DD13: 0 | DE13: 0 | DF13: 0 | DG13: 0 | DH13: 0 | DI13: 0 | DJ13: 0 | DK13: 0 | DL13: 0 | DM13: 0 | DN13: 0 | DO13: 0 | DP13: 0 | DQ13: 0 | DR13: 0 | DS13: 0 | DT13: 0 | DU13: 0 | DV13: 0 | DW13: 0 | DX13: 0 | DY13: 0 | DZ13: 0 | EA13: 0 | EB13: 0 | EC13: 0 | ED13: 0 | EE13: 0 | EF13: 0 | EG13: 0 | EH13: 0 | EI13: 0 | EJ13: 0 | EK13: 0 | EL13: 0 | EM13: 0 | EN13: 0 | EO13: 0 | EP13: 0 | EQ13: 0 | ER13: 0 | ES13: 0 | ET13: 0 | EU13: 0 | EV13: 0 | EW13: 0 | EX13: 0 | EY13: 0 | EZ13: 0 | FA13: 0 | FB13: 0 | FC13: 0 | FD13: 0 | FE13: 0 | FF13: 0 | FG13: 0 | FH13: 0 | FI13: 0 | FJ13: 0 | FK13: 0 | FL13: 0 | FM13: 0 | FN13: 0 | FO13: 0 | FP13: 0 | FQ13: 0 | FR13: 0 | FS13: 0 | FT13: 0 | FU13: 0 | FV13: 0 | FW13: 0 | FX13: 0 | FY13: 0 | FZ13: 0 | GA13: 0 | GB13: 0 | GC13: 0 | GD13: 0 | GE13: 0 | GF13: 0 | GG13: 0 | GH13: 0 | GI13: 0 | GJ13: 0 | GK13: 0 | GL13: 0 | GM13: 0 | GN13: 0 | GO13: 0 | GP13: 0 | GQ13: 0 | GR13: 0 | GS13: 0 | GT13: 0 | GU13: 0 | GV13: 0 | GW13: 0 | GX13: 0 | GY13: 0 | GZ13: 0 | HA13: 0 | HB13: 0 | HC13: 0 | HD13: 0 | HE13: 0 | HF13: 0 | HG13: 0 | HH13: 0 | HU13: =SUM(O13:HT13) -> 184.4
A14: 6 | C14: Zone 6 | D14: Lm. | E14: 0 | F14: 0 | G14: 0 | H14: 0 | I14: 0 | J14: 0 | K14: 0 | L14: 0 | M14: =SUM(E14:L14) -> 0 | O14: 0 | P14: 0 | Q14: 0 | R14: 0 | S14: 0 | T14: 0 | U14: 0 | V14: 0 | W14: 0 | X14: 0 | Y14: 0 | Z14: 0 | AA14: 0 | AB14: 0 | AC14: 3 | AD14: 0 | AE14: 0 | AF14: 0 | AG14: 0 | AH14: 0 | AI14: 0 | AJ14: 0 | AK14: 0 | AL14: 0 | AM14: 0 | AN14: 0 | AO14: 0 | AP14: 0 | AR14: 0 | AS14: 0 | AT14: 0 | AU14: 0 | AV14: 0 | AW14: 0 | AX14: 0 | AY14: 0 | AZ14: 0 | BA14: 0 | BB14: 0 | BC14: 0 | BD14: 0 | BE14: 0 | BF14: 0 | BG14: 0 | BH14: 0 | BI14: 0 | BJ14: 0 | BK14: 0 | BL14: 0 | BM14: 0 | BN14: 0 | BO14: 0 | BP14: 0 | BQ14: 0 | BR14: 0 | BS14: 0 | BT14: 27 | BU14: 0 | BV14: 0 | BX14: 0 | BY14: 0 | BZ14: 0 | CA14: 0 | CB14: 0 | CC14: 0 | CD14: 0 | CE14: 0 | CF14: 0 | CG14: 0 | CH14: 0 | CI14: 0 | CJ14: 0 | CK14: 0 | CL14: 0 | CM14: 0 | CN14: 0 | CO14: 0 | CP14: 0 | CQ14: 0 | CR14: 0 | CS14: 0 | CT14: 0 | CU14: 0 | CV14: 0 | CW14: 0 | CX14: 0 | CY14: 0 | CZ14: 0 | DA14: 0 | DB14: 0 | DC14: 0 | DD14: 0 | DE14: 0 | DF14: 0 | DG14: 0 | DH14: 0 | DI14: 0 | DJ14: 0 | DK14: 0 | DL14: 0 | DM14: 0 | DN14: 0 | DO14: 0 | DP14: 0 | DQ14: 0 | DR14: 0 | DS14: 0 | DT14: 0 | DU14: 0 | DV14: 0 | DW14: 0 | DX14: 0 | DY14: 0 | DZ14: 0 | EA14: 0 | EB14: 0 | EC14: 0 | ED14: 0 | EE14: 0 | EF14: 0 | EG14: 0 | EH14: 0 | EI14: 0 | EJ14: 0 | EK14: 0 | EL14: 0 | EM14: 0 | EN14: 0 | EO14: 0 | EP14: 0 | EQ14: 0 | ER14: 0 | ES14: 0 | ET14: 0 | EU14: 0 | EV14: 0 | EW14: 0 | EX14: 0 | EY14: 0 | EZ14: 0 | FA14: 0 | FB14: 0 | FC14: 0 | FD14: 0 | FE14: 0 | FF14: 0 | FG14: 0 | FH14: 0 | FI14: 0 | FJ14: 0 | FK14: 0 | FL14: 0 | FM14: 0 | FN14: 0 | FO14: 0 | FP14: 0 | FQ14: 0 | FR14: 0 | FS14: 0 | FT14: 0 | FU14: 0 | FV14: 0 | FW14: 0 | FX14: 0 | FY14: 0 | FZ14: 0 | GA14: 0 | GB14: 0 | GC14: 0 | GD14: 0 | GE14: 0 | GF14: 0 | GG14: 0 | GH14: 0 | GI14: 0 | GJ14: 0 | GK14: 0 | GL14: 0 | GM14: 0 | GN14: 0 | GO14: 0 | GP14: 0 | GQ14: 0 | GR14: 0 | GS14: 0 | GT14: 0 | GU14: 0 | GV14: 0 | GW14: 0 | GX14: 0 | GY14: 0 | GZ14: 0 | HA14: 0 | HB14: 0 | HC14: 0 | HD14: 0 | HE14: 0 | HF14: 0 | HG14: 0 | HH14: 0 | HU14: =SUM(O14:HT14) -> 30
A15: 7 | C15: Zone 7 | D15: Lm. | E15: 0 | F15: 0 | G15: 0 | H15: 0 | I15: 0 | J15: 0 | K15: 0 | L15: 0 | M15: =SUM(E15:L15) -> 0 | O15: 0 | P15: 0 | Q15: 0 | R15: 0 | S15: 0 | T15: 0 | U15: 0 | V15: 0 | W15: 0 | X15: 0 | Y15: 0 | Z15: 0 | AA15: 0 | AB15: 0 | AC15: 0 | AD15: 0 | AE15: 0 | AF15: 0 | AG15: 0 | AH15: 0 | AI15: 0 | AJ15: 0 | AK15: 0 | AL15: 0 | AM15: 21.5 | AN15: 0 | AO15: 0 | AP15: 0 | AR15: 0 | AS15: 0 | AT15: 10.5 | AU15: 0 | AV15: 0 | AW15: 0 | AX15: 8 | AY15: 0 | AZ15: 0 | BA15: 0 | BB15: 0 | BC15: 0 | BD15: 0 | BE15: 0 | BF15: 0 | BG15: 0 | BH15: 0 | BI15: 0 | BJ15: 0 | BK15: 0 | BL15: 0 | BM15: 0 | BN15: 0 | BO15: 0 | BP15: 0 | BQ15: 0 | BR15: 0 | BS15: 0 | BT15: 0 | BU15: 0 | BV15: 0 | BX15: 0 | BY15: 0 | BZ15: 0 | CA15: 0 | CB15: 0 | CC15: 0 | CD15: 0 | CE15: 0 | CF15: 0 | CG15: 0 | CH15: 0 | CI15: 0 | CJ15: 0 | CK15: 0 | CL15: 0 | CM15: 0 | CN15: 0 | CO15: 0 | CP15: 0 | CQ15: 0 | CR15: 0 | CS15: 0 | CT15: 0 | CU15: 0 | CV15: 0 | CW15: 0 | CX15: 0 | CY15: 0 | CZ15: 0 | DA15: 0 | DB15: 0 | DC15: 0 | DD15: 0 | DE15: 0 | DF15: 0 | DG15: 0 | DH15: 0 | DI15: 0 | DJ15: 0 | DK15: 0 | DL15: 0 | DM15: 0 | DN15: 0 | DO15: 0 | DP15: 0 | DQ15: 0 | DR15: 0 | DS15: 0 | DT15: 0 | DU15: 0 | DV15: 0 | DW15: 0 | DX15: 0 | DY15: 0 | DZ15: 0 | EA15: 0 | EB15: 0 | EC15: 0 | ED15: 0 | EE15: 0 | EF15: 0 | EG15: 0 | EH15: 0 | EI15: 0 | EJ15: 0 | EK15: 0 | EL15: 0 | EM15: 0 | EN15: 0 | EO15: 0 | EP15: 0 | EQ15: 0 | ER15: 0 | ES15: 0 | ET15: 0 | EU15: 0 | EV15: 0 | EW15: 0 | EX15: 0 | EY15: 0 | EZ15: 0 | FA15: 0 | FB15: 0 | FC15: 0 | FD15: 0 | FE15: 0 | FF15: 0 | FG15: 0 | FH15: 0 | FI15: 0 | FJ15: 0 | FK15: 0 | FL15: 0 | FM15: 0 | FN15: 0 | FO15: 0 | FP15: 0 | FQ15: 0 | FR15: 0 | FS15: 0 | FT15: 0 | FU15: 0 | FV15: 0 | FW15: 0 | FX15: 0 | FY15: 0 | FZ15: 0 | GA15: 0 | GB15: 0 | GC15: 0 | GD15: 0 | GE15: 0 | GF15: 0 | GG15: 0 | GH15: 0 | GI15: 0 | GJ15: 0 | GK15: 0 | GL15: 0 | GM15: 0 | GN15: 0 | GO15: 0 | GP15: 0 | GQ15: 0 | GR15: 0 | GS15: 0 | GT15: 0 | GU15: 0 | GV15: 0 | GW15: 0 | GX15: 0 | GY15: 0 | GZ15: 0 | HA15: 0 | HB15: 0 | HC15: 0 | HD15: 0 | HE15: 0 | HF15: 0 | HG15: 0 | HH15: 0 | HU15: =SUM(O15:HT15) -> 40
A16: 8 | C16: Zone 8 | D16: Lm. | E16: 0 | F16: 0 | G16: 0 | H16: 0 | I16: 0 | J16: 0 | K16: 0 | L16: 0 | M16: =SUM(E16:L16) -> 0 | O16: 0 | P16: 0 | Q16: 0 | R16: 0 | S16: 0 | T16: 0 | U16: 0 | V16: 0 | W16: 0 | X16: 0 | Y16: 0 | Z16: 0 | AA16: 0 | AB16: 0 | AC16: 0 | AD16: 0 | AE16: 0 | AF16: 0 | AG16: 35 | AH16: 0 | AI16: 0 | AJ16: 0 | AK16: 0 | AL16: 0 | AM16: 0 | AN16: 0 | AO16: 0 | AP16: 0 | AR16: 0 | AS16: 0 | AT16: 0 | AU16: 0 | AV16: 0 | AW16: 0 | AX16: 0 | AY16: 0 | AZ16: 0 | BA16: 0 | BB16: 0 | BC16: 0 | BD16: 0 | BE16: 0 | BF16: 0 | BG16: 0 | BH16: 3 | BI16: 0 | BJ16: 0 | BK16: 0 | BL16: 0 | BM16: 0 | BN16: 0 | BO16: 0 | BP16: 0 | BQ16: 0 | BR16: 0 | BS16: 0 | BT16: 0 | BU16: 0 | BV16: 0 | BX16: 0 | BY16: 0 | BZ16: 0 | CA16: 0 | CB16: 0 | CC16: 0 | CD16: 0 | CE16: 0 | CF16: 0 | CG16: 0 | CH16: 0 | CI16: 0 | CJ16: 0 | CK16: 0 | CL16: 0 | CM16: 0 | CN16: 0 | CO16: 0 | CP16: 0 | CQ16: 0 | CR16: 0 | CS16: 0 | CT16: 0 | CU16: 0 | CV16: 0 | CW16: 0 | CX16: 0 | CY16: 0 | CZ16: 0 | DA16: 0 | DB16: 0 | DC16: 0 | DD16: 0 | DE16: 0 | DF16: 0 | DG16: 0 | DH16: 0 | DI16: 0 | DJ16: 0 | DK16: 0 | DL16: 0 | DM16: 0 | DN16: 0 | DO16: 0 | DP16: 0 | DQ16: 0 | DR16: 0 | DS16: 0 | DT16: 0 | DU16: 0 | DV16: 0 | DW16: 0 | DX16: 0 | DY16: 0 | DZ16: 0 | EA16: 0 | EB16: 0 | EC16: 0 | ED16: 0 | EE16: 0 | EF16: 0 | EG16: 0 | EH16: 0 | EI16: 0 | EJ16: 0 | EK16: 0 | EL16: 0 | EM16: 0 | EN16: 0 | EO16: 0 | EP16: 0 | EQ16: 0 | ER16: 0 | ES16: 0 | ET16: 0 | EU16: 0 | EV16: 0 | EW16: 0 | EX16: 0 | EY16: 0 | EZ16: 0 | FA16: 0 | FB16: 0 | FC16: 0 | FD16: 0 | FE16: 0 | FF16: 0 | FG16: 0 | FH16: 0 | FI16: 0 | FJ16: 0 | FK16: 0 | FL16: 0 | FM16: 0 | FN16: 0 | FO16: 0 | FP16: 0 | FQ16: 0 | FR16: 0 | FS16: 0 | FT16: 0 | FU16: 0 | FV16: 0 | FW16: 0 | FX16: 0 | FY16: 0 | FZ16: 0 | GA16: 0 | GB16: 0 | GC16: 0 | GD16: 0 | GE16: 0 | GF16: 0 | GG16: 0 | GH16: 0 | GI16: 0 | GJ16: 0 | GK16: 0 | GL16: 0 | GM16: 0 | GN16: 0 | GO16: 0 | GP16: 0 | GQ16: 0 | GR16: 0 | GS16: 0 | GT16: 0 | GU16: 0 | GV16: 0 | GW16: 0 | GX16: 0 | GY16: 0 | GZ16: 0 | HA16: 0 | HB16: 0 | HC16: 0 | HD16: 0 | HE16: 0 | HF16: 0 | HG16: 0 | HH16: 0 | HU16: =SUM(O16:HT16) -> 38
A17: 9 | C17: Zone 9 | D17: Lm. | E17: 0 | F17: 0 | G17: 0 | H17: 0 | I17: 0 | J17: 0 | K17: 0 | L17: 0 | M17: =SUM(E17:L17) -> 0 | O17: 0 | P17: 9 | Q17: 0 | R17: 0 | S17: 0 | T17: 0 | U17: 0 | V17: 0 | W17: 0 | X17: 0 | Y17: 0 | Z17: 0 | AA17: 0 | AB17: 0 | AC17: 0 | AD17: 0 | AE17: 0 | AF17: 0 | AG17: 0 | AH17: 0 | AI17: 0 | AJ17: 0 | AK17: 0 | AL17: 0 | AM17: 0 | AN17: 0 | AO17: 0 | AP17: 0 | AR17: 0 | AS17: 0 | AT17: 0 | AU17: 0 | AV17: 0 | AW17: 0 | AX17: 0 | AY17: 0 | AZ17: 0 | BA17: 0 | BB17: 0 | BC17: 0 | BD17: 0 | BE17: 0 | BF17: 0 | BG17: 0 | BH17: 0 | BI17: 0 | BJ17: 0 | BK17: 0 | BL17: 0 | BM17: 0 | BN17: 0 | BO17: 0 | BP17: 0 | BQ17: 0 | BR17: 0 | BS17: 0 | BT17: 0 | BU17: 0 | BV17: 0 | BX17: 0 | BY17: 0 | BZ17: 0 | CA17: 0 | CB17: 0 | CC17: 0 | CD17: 0 | CE17: 0 | CF17: 0 | CG17: 0 | CH17: 0 | CI17: 0 | CJ17: 0 | CK17: 0 | CL17: 0 | CM17: 0 | CN17: 0 | CO17: 0 | CP17: 0 | CQ17: 0 | CR17: 0 | CS17: 0 | CT17: 0 | CU17: 0 | CV17: 0 | CW17: 0 | CX17: 0 | CY17: 0 | CZ17: 0 | DA17: 0 | DB17: 0 | DC17: 0 | DD17: 0 | DE17: 0 | DF17: 0 | DG17: 0 | DH17: 0 | DI17: 0 | DJ17: 0 | DK17: 0 | DL17: 0 | DM17: 0 | DN17: 0 | DO17: 0 | DP17: 0 | DQ17: 0 | DR17: 0 | DS17: 0 | DT17: 0 | DU17: 0 | DV17: 0 | DW17: 0 | DX17: 0 | DY17: 0 | DZ17: 0 | EA17: 0 | EB17: 0 | EC17: 0 | ED17: 0 | EE17: 0 | EF17: 0 | EG17: 0 | EH17: 0 | EI17: 0 | EJ17: 0 | EK17: 0 | EL17: 0 | EM17: 0 | EN17: 0 | EO17: 0 | EP17: 0 | EQ17: 0 | ER17: 0 | ES17: 0 | ET17: 0 | EU17: 0 | EV17: 0 | EW17: 0 | EX17: 0 | EY17: 0 | EZ17: 0 | FA17: 0 | FB17: 0 | FC17: 0 | FD17: 0 | FE17: 0 | FF17: 0 | FG17: 0 | FH17: 0 | FI17: 0 | FJ17: 0 | FK17: 0 | FL17: 0 | FM17: 0 | FN17: 0 | FO17: 0 | FP17: 0 | FQ17: 0 | FR17: 0 | FS17: 0 | FT17: 0 | FU17: 0 | FV17: 0 | FW17: 0 | FX17: 0 | FY17: 0 | FZ17: 0 | GA17: 0 | GB17: 0 | GC17: 0 | GD17: 0 | GE17: 0 | GF17: 0 | GG17: 0 | GH17: 0 | GI17: 0 | GJ17: 0 | GK17: 0 | GL17: 0 | GM17: 0 | GN17: 0 | GO17: 0 | GP17: 0 | GQ17: 0 | GR17: 0 | GS17: 0 | GT17: 0 | GU17: 0 | GV17: 0 | GW17: 0 | GX17: 0 | GY17: 0 | GZ17: 0 | HA17: 0 | HB17: 0 | HC17: 0 | HD17: 0 | HE17: 0 | HF17: 0 | HG17: 0 | HH17: 0 | HU17: =SUM(O17:HT17) -> 9
A18: 10 | C18: Zone 10 | D18: Lm. | E18: 0 | F18: 0 | G18: 35.1 | H18: 0 | I18: 27 | J18: 0 | K18: 0 | L18: 0 | M18: =SUM(E18:L18) -> 62.1 | O18: 5.1 | P18: 0 | Q18: 0 | R18: 0 | S18: 0 | T18: 0 | U18: 0 | V18: 0 | W18: 0 | X18: 0 | Y18: 0 | Z18: 0 | AA18: 0 | AB18: 0 | AC18: 0 | AD18: 0 | AE18: 9.7 | AF18: 0 | AG18: 0 | AH18: 0 | AI18: 0 | AJ18: 0 | AK18: 0 | AL18: 0 | AM18: 0 | AN18: 0 | AO18: 0 | AP18: 0 | AR18: 0 | AS18: 0 | AT18: 0 | AU18: 0 | AV18: 0 | AW18: 0 | AX18: 0 | AY18: 0 | AZ18: 0 | BA18: 0 | BB18: 0 | BC18: 0 | BD18: 0 | BE18: 0 | BF18: 0 | BG18: 0 | BH18: 0 | BI18: 0 | BJ18: 0 | BK18: 0 | BL18: 0 | BM18: 0 | BN18: 0 | BO18: 0 | BP18: 0 | BQ18: 0 | BR18: 0 | BS18: 0 | BT18: 0 | BU18: 0 | BV18: 0 | BX18: 0 | BY18: 0 | BZ18: 0 | CA18: 0 | CB18: 0 | CC18: 0 | CD18: 0 | CE18: 0 | CF18: 0 | CG18: 0 | CH18: 0 | CI18: 0 | CJ18: 0 | CK18: 0 | CL18: 0 | CM18: 0 | CN18: 0 | CO18: 0 | CP18: 0 | CQ18: 0 | CR18: 0 | CS18: 0 | CT18: 0 | CU18: 0 | CV18: 0 | CW18: 0 | CX18: 0 | CY18: 0 | CZ18: 0 | DA18: 0 | DB18: 0 | DC18: 0 | DD18: 0 | DE18: 0 | DF18: 0 | DG18: 0 | DH18: 0 | DI18: 0 | DJ18: 0 | DK18: 0 | DL18: 0 | DM18: 0 | DN18: 0 | DO18: 0 | DP18: 0 | DQ18: 0 | DR18: 0 | DS18: 0 | DT18: 0 | DU18: 0 | DV18: 0 | DW18: 0 | DX18: 0 | DY18: 0 | DZ18: 0 | EA18: 0 | EB18: 0 | EC18: 0 | ED18: 0 | EE18: 0 | EF18: 0 | EG18: 0 | EH18: 0 | EI18: 0 | EJ18: 0 | EK18: 0 | EL18: 0 | EM18: 0 | EN18: 0 | EO18: 0 | EP18: 0 | EQ18: 0 | ER18: 0 | ES18: 0 | ET18: 0 | EU18: 0 | EV18: 0 | EW18: 0 | EX18: 0 | EY18: 0 | EZ18: 0 | FA18: 0 | FB18: 0 | FC18: 0 | FD18: 0 | FE18: 0 | FF18: 0 | FG18: 0 | FH18: 0 | FI18: 0 | FJ18: 0 | FK18: 0 | FL18: 0 | FM18: 0 | FN18: 0 | FO18: 0 | FP18: 21.7 | FQ18: 0 | FR18: 0 | FS18: 0 | FT18: 0 | FU18: 0 | FV18: 0 | FW18: 0 | FX18: 0 | FY18: 0 | FZ18: 0 | GA18: 0 | GB18: 0 | GC18: 0 | GD18: 0 | GE18: 0 | GF18: 0 | GG18: 0 | GH18: 0 | GI18: 0 | GJ18: 0 | GK18: 0 | GL18: 0 | GM18: 0 | GN18: 0 | GO18: 0 | GP18: 0 | GQ18: 0 | GR18: 0 | GS18: 0 | GT18: 0 | GU18: 0 | GV18: 0 | GW18: 0 | GX18: 0 | GY18: 0 | GZ18: 0 | HA18: 0 | HB18: 0 | HC18: 0 | HD18: 0 | HE18: 0 | HF18: 0 | HG18: 0 | HH18: 0 | HU18: =SUM(O18:HT18) -> 36.5
A19: 11 | C19: Zone 11 | D19: Lm. | E19: 0 | F19: 0 | G19: 0 | H19: 0 | I19: 0 | J19: 0 | K19: 0 | L19: 0 | M19: =SUM(E19:L19) -> 0 | O19: 0 | P19: 0 | Q19: 0 | R19: 0 | S19: 0 | T19: 0 | U19: 0 | V19: 0 | W19: 0 | X19: 0 | Y19: 0 | Z19: 0 | AA19: 0 | AB19: 0 | AC19: 0 | AD19: 32.9 | AE19: 0 | AF19: 0 | AG19: 0 | AH19: 0 | AI19: 0 | AJ19: 0 | AK19: 0 | AL19: 7 | AM19: 0 | AN19: 0 | AO19: 0 | AP19: 0 | AR19: 0 | AS19: 0 | AT19: 0 | AU19: 0 | AV19: 0 | AW19: 0 | AX19: 0 | AY19: 0 | AZ19: 0 | BA19: 0 | BB19: 0 | BC19: 0 | BD19: 0 | BE19: 0 | BF19: 0 | BG19: 0 | BH19: 0 | BI19: 0 | BJ19: 0 | BK19: 0 | BL19: 0 | BM19: 0 | BN19: 0 | BO19: 0 | BP19: 0 | BQ19: 0 | BR19: 0 | BS19: 0 | BT19: 0 | BU19: 0 | BV19: 0 | BX19: 0 | BY19: 0 | BZ19: 0 | CA19: 0 | CB19: 0 | CC19: 0 | CD19: 0 | CE19: 0 | CF19: 0 | CG19: 0 | CH19: 0 | CI19: 0 | CJ19: 0 | CK19: 0 | CL19: 0 | CM19: 0 | CN19: 0 | CO19: 0 | CP19: 0 | CQ19: 0 | CR19: 0 | CS19: 0 | CT19: 0 | CU19: 0 | CV19: 0 | CW19: 0 | CX19: 0 | CY19: 0 | CZ19: 0 | DA19: 0 | DB19: 0 | DC19: 0 | DD19: 0 | DE19: 0 | DF19: 0 | DG19: 0 | DH19: 0 | DI19: 0 | DJ19: 0 | DK19: 0 | DL19: 0 | DM19: 0 | DN19: 0 | DO19: 0 | DP19: 0 | DQ19: 0 | DR19: 0 | DS19: 0 | DT19: 0 | DU19: 0 | DV19: 0 | DW19: 0 | DX19: 0 | DY19: 0 | DZ19: 0 | EA19: 0 | EB19: 0 | EC19: 0 | ED19: 0 | EE19: 0 | EF19: 0 | EG19: 0 | EH19: 0 | EI19: 0 | EJ19: 0 | EK19: 0 | EL19: 0 | EM19: 0 | EN19: 0 | EO19: 0 | EP19: 0 | EQ19: 0 | ER19: 0 | ES19: 0 | ET19: 0 | EU19: 0 | EV19: 0 | EW19: 0 | EX19: 0 | EY19: 0 | EZ19: 0 | FA19: 0 | FB19: 0 | FC19: 0 | FD19: 0 | FE19: 0 | FF19: 0 | FG19: 0 | FH19: 0 | FI19: 0 | FJ19: 0 | FK19: 0 | FL19: 0 | FM19: 0 | FN19: 0 | FO19: 0 | FP19: 0 | FQ19: 0 | FR19: 0 | FS19: 0 | FT19: 0 | FU19: 0 | FV19: 0 | FW19: 0 | FX19: 0 | FY19: 0 | FZ19: 0 | GA19: 0 | GB19: 0 | GC19: 0 | GD19: 0 | GE19: 0 | GF19: 0 | GG19: 0 | GH19: 0 | GI19: 0 | GJ19: 0 | GK19: 0 | GL19: 0 | GM19: 0 | GN19: 0 | GO19: 0 | GP19: 0 | GQ19: 0 | GR19: 0 | GS19: 0 | GT19: 0 | GU19: 0 | GV19: 0 | GW19: 0 | GX19: 0 | GY19: 0 | GZ19: 0 | HA19: 0 | HB19: 0 | HC19: 0 | HD19: 0 | HE19: 0 | HF19: 0 | HG19: 0 | HH19: 0 | HU19: =SUM(O19:HT19) -> 39.9
C20: Sub Total | D20: Lm. | E20: =SUM(E9:E19) -> 0 | F20: =SUM(F9:F19) -> 0 | G20: =SUM(G9:G19) -> 35.1 | H20: =SUM(H9:H19) -> 19.5 | I20: =SUM(I9:I19) -> 27 | J20: =SUM(J9:J19) -> 24 | K20: =SUM(K9:K19) -> 0 | L20: =SUM(L9:L19) -> 0 | M20: =SUM(M9:M19) -> 105.6 | O20: =SUM(O9:O19) -> 21.1 | P20: =SUM(P9:P19) -> 35 | Q20: =SUM(Q9:Q19) -> 0 | R20: =SUM(R9:R19) -> 0 | S20: =SUM(S9:S19) -> 0 | T20: =SUM(T9:T19) -> 0 | U20: =SUM(U9:U19) -> 7.6 | V20: =SUM(V9:V19) -> 0 | ... AP20: =SUM(AP9:AP19) -> 0 | AR20: =SUM(AR9:AR19) -> 0 | AS20: =SUM(AS9:AS19) -> 0 | AT20: =SUM(AT9:AT19) -> 10.5 | AU20: =SUM(AU9:AU19) -> 2.5 | AV20: =SUM(AV9:AV19) -> 0 | AW20: =SUM(AW9:AW19) -> 0 | AX20: =SUM(AX9:AX19) -> 8 | AY20: =SUM(AY9:AY19) -> 0 | ... BV20: =SUM(BV9:BV19) -> 0 | BX20: =SUM(BX9:BX19) -> 0 | BY20: =SUM(BY9:BY19) -> 0 | BZ20: =SUM(BZ9:BZ19) -> 0 | CA20: =SUM(CA9:CA19) -> 0 | CB20: =SUM(CB9:CB19) -> 0 | CC20: =SUM(CC9:CC19) -> 27 | CD20: =SUM(CD9:CD19) -> 0 | CE20: =SUM(CE9:CE19) -> 0 | ... CM20: =SUM(CM9:CM19) -> 0 | CN20: 0 | CO20: =SUM(CO9:CO19) -> 0 | CP20: =SUM(CP9:CP19) -> 0 | CQ20: =SUM(CQ9:CQ19) -> 0 | CR20: =SUM(CR9:CR19) -> 0 | CS20: =SUM(CS9:CS19) -> 0 | CT20: =SUM(CT9:CT19) -> 0 | CU20: =SUM(CU9:CU19) -> 0 | CV20: =SUM(CV9:CV19) -> 0 | ... HH20: =SUM(HH9:HH19) -> 0 | HU20: =SUM(HU9:HU19) -> 377.8
A22: 1 | B22: B1 to GF | C22: Zone 1 | D22: Lm. | E22: 0 | F22: 0 | G22: 0 | H22: 0 | I22: 0 | J22: 0 | K22: 0 | L22: 0 | M22: =SUM(E22:L22) -> 0 | O22: 0 | P22: 0 | Q22: 0 | R22: 0 | S22: 0 | T22: 0 | U22: 0 | V22: 0 | W22: 0 | X22: 0 | Y22: 0 | Z22: 0 | AA22: 0 | AB22: 0 | AC22: 0 | AD22: 0 | AE22: 0 | AF22: 0 | AG22: 0 | AH22: 0 | AI22: 0 | AJ22: 0 | AK22: 0 | AL22: 0 | AM22: 0 | AN22: 0 | AO22: 0 | AP22: 0 | AR22: 0 | AS22: 0 | AT22: 0 | AU22: 0 | AV22: 0 | AW22: 0 | AX22: 0 | AY22: 0 | AZ22: 0 | BA22: 0 | BB22: 0 | BC22: 0 | BD22: 0 | BE22: 0 | BF22: 0 | BG22: 0 | BH22: 0 | BI22: 0 | BJ22: 0 | BK22: 0 | BL22: 0 | BM22: 0 | BN22: 0 | BO22: 0 | BP22: 0 | BQ22: 0 | BR22: 0 | BS22: 0 | BT22: 0 | BU22: 0 | BV22: 0 | BX22: 0 | BY22: 0 | BZ22: 0 | CA22: 0 | CB22: 0 | CC22: 0 | CD22: 0 | CE22: 0 | CF22: 0 | CG22: 0 | CH22: 0 | CI22: 0 | CJ22: 0 | CK22: 0 | CL22: 0 | CM22: 0 | CN22: 0 | CO22: 0 | CP22: 0 | CQ22: 0 | CR22: 0 | CS22: 0 | CT22: 0 | CU22: 0 | CV22: 0 | CW22: 0 | CX22: 0 | CY22: 0 | CZ22: 0 | DA22: 0 | DB22: 0 | DC22: 0 | DD22: 0 | DE22: 0 | DF22: 0 | DG22: 0 | DH22: 0 | DI22: 0 | DJ22: 0 | DK22: 0 | DL22: 0 | DM22: 0 | DN22: 0 | DO22: 0 | DP22: 0 | DQ22: 0 | DR22: 0 | DS22: 0 | DT22: 0 | DU22: 0 | DV22: 0 | DW22: 0 | DX22: 0 | DY22: 0 | DZ22: 0 | EA22: 0 | EB22: 0 | EC22: 0 | ED22: 0 | EE22: 0 | EF22: 0 | EG22: 0 | EH22: 0 | EI22: 0 | EJ22: 0 | EK22: 0 | EL22: 0 | EM22: 0 | EN22: 0 | EO22: 0 | EP22: 0 | EQ22: 0 | ER22: 0 | ES22: 0 | ET22: 0 | EU22: 0 | EV22: 0 | EW22: 0 | EX22: 0 | EY22: 0 | EZ22: 0 | FA22: 0 | FB22: 0 | FC22: 0 | FD22: 0 | FE22: 0 | FF22: 0 | FG22: 0 | FH22: 0 | FI22: 0 | FJ22: 0 | FK22: 0 | FL22: 0 | FM22: 0 | FN22: 0 | FO22: 0 | FP22: 0 | FQ22: 0 | FR22: 0 | FS22: 0 | FT22: 0 | FU22: 0 | FV22: 0 | FW22: 0 | FX22: 0 | FY22: 0 | FZ22: 0 | GA22: 0 | GB22: 0 | GC22: 0 | GD22: 0 | GE22: 0 | GF22: 0 | GG22: 0 | GH22: 0 | GI22: 0 | GJ22: 0 | GK22: 0 | GL22: 0 | GM22: 0 | GN22: 0 | GO22: 0 | GP22: 0 | GQ22: 0 | GR22: 0 | GS22: 0 | GT22: 0 | GU22: 0 | GV22: 0 | GW22: 0 | GX22: 0 | GY22: 0 | GZ22: 0 | HA22: 0 | HB22: 0 | HC22: 0 | HD22: 0 | HE22: 0 | HF22: 0 | HG22: 0 | HH22: 0 | HU22: =SUM(O22:HT22) -> 0
A23: 2 | C23: Zone 2 | D23: Lm. | E23: 0 | F23: 0 | G23: 0 | H23: 0 | I23: 0 | J23: 0 | K23: 0 | L23: 0 | M23: =SUM(E23:L23) -> 0 | O23: 0 | P23: 0 | Q23: 0 | R23: 0 | S23: 0 | T23: 0 | U23: 0 | V23: 0 | W23: 0 | X23: 0 | Y23: 0 | Z23: 0 | AA23: 0 | AB23: 0 | AC23: 0 | AD23: 0 | AE23: 0 | AF23: 0 | AG23: 0 | AH23: 0 | AI23: 0 | AJ23: 0 | AK23: 0 | AL23: 0 | AM23: 0 | AN23: 0 | AO23: 0 | AP23: 0 | AR23: 0 | AS23: 0 | AT23: 0 | AU23: 0 | AV23: 0 | AW23: 0 | AX23: 0 | AY23: 0 | AZ23: 0 | BA23: 0 | BB23: 0 | BC23: 0 | BD23: 0 | BE23: 0 | BF23: 0 | BG23: 0 | BH23: 0 | BI23: 0 | BJ23: 0 | BK23: 0 | BL23: 0 | BM23: 0 | BN23: 0 | BO23: 0 | BP23: 0 | BQ23: 0 | BR23: 0 | BS23: 0 | BT23: 0 | BU23: 0 | BV23: 0 | BX23: 0 | BY23: 0 | BZ23: 0 | CA23: 0 | CB23: 0 | CC23: 0 | CD23: 0 | CE23: 0 | CF23: 0 | CG23: 0 | CH23: 0 | CI23: 0 | CJ23: 0 | CK23: 0 | CL23: 0 | CM23: 0 | CN23: 0 | CO23: 0 | CP23: 0 | CQ23: 0 | CR23: 0 | CS23: 0 | CT23: 0 | CU23: 0 | CV23: 0 | CW23: 0 | CX23: 0 | CY23: 0 | CZ23: 0 | DA23: 0 | DB23: 0 | DC23: 0 | DD23: 0 | DE23: 0 | DF23: 0 | DG23: 0 | DH23: 0 | DI23: 0 | DJ23: 0 | DK23: 0 | DL23: 0 | DM23: 0 | DN23: 0 | DO23: 0 | DP23: 0 | DQ23: 0 | DR23: 0 | DS23: 0 | DT23: 0 | DU23: 0 | DV23: 0 | DW23: 0 | DX23: 0 | DY23: 0 | DZ23: 0 | EA23: 0 | EB23: 0 | EC23: 0 | ED23: 0 | EE23: 0 | EF23: 0 | EG23: 0 | EH23: 0 | EI23: 0 | EJ23: 0 | EK23: 0 | EL23: 0 | EM23: 0 | EN23: 0 | EO23: 0 | EP23: 0 | EQ23: 0 | ER23: 0 | ES23: 0 | ET23: 0 | EU23: 0 | EV23: 0 | EW23: 0 | EX23: 0 | EY23: 0 | EZ23: 0 | FA23: 0 | FB23: 0 | FC23: 0 | FD23: 0 | FE23: 0 | FF23: 0 | FG23: 0 | FH23: 0 | FI23: 0 | FJ23: 0 | FK23: 0 | FL23: 0 | FM23: 0 | FN23: 0 | FO23: 0 | FP23: 0 | FQ23: 0 | FR23: 0 | FS23: 0 | FT23: 0 | FU23: 0 | FV23: 0 | FW23: 0 | FX23: 0 | FY23: 0 | FZ23: 0 | GA23: 0 | GB23: 0 | GC23: 0 | GD23: 0 | GE23: 0 | GF23: 0 | GG23: 0 | GH23: 0 | GI23: 0 | GJ23: 0 | GK23: 0 | GL23: 0 | GM23: 0 | GN23: 0 | GO23: 0 | GP23: 0 | GQ23: 0 | GR23: 0 | GS23: 0 | GT23: 0 | GU23: 0 | GV23: 0 | GW23: 0 | GX23: 0 | GY23: 0 | GZ23: 0 | HA23: 0 | HB23: 0 | HC23: 0 | HD23: 0 | HE23: 0 | HF23: 0 | HG23: 0 | HH23: 0 | HU23: =SUM(O23:HT23) -> 0
A24: 3 | C24: Zone 3 | D24: Lm. | E24: 0 | F24: 0 | G24: 0 | H24: 0 | I24: 0 | J24: 0 | K24: 0 | L24: 0 | M24: =SUM(E24:L24) -> 0 | O24: 0 | P24: 0 | Q24: 0 | R24: 0 | S24: 0 | T24: 0 | U24: 0 | V24: 0 | W24: 0 | X24: 0 | Y24: 0 | Z24: 0 | AA24: 0 | AB24: 0 | AC24: 0 | AD24: 0 | AE24: 0 | AF24: 0 | AG24: 0 | AH24: 0 | AI24: 0 | AJ24: 0 | AK24: 0 | AL24: 0 | AM24: 0 | AN24: 0 | AO24: 0 | AP24: 0 | AR24: 0 | AS24: 0 | AT24: 0 | AU24: 0 | AV24: 0 | AW24: 0 | AX24: 0 | AY24: 0 | AZ24: 0 | BA24: 0 | BB24: 0 | BC24: 0 | BD24: 0 | BE24: 0 | BF24: 0 | BG24: 0 | BH24: 0 | BI24: 0 | BJ24: 0 | BK24: 0 | BL24: 0 | BM24: 0 | BN24: 0 | BO24: 0 | BP24: 0 | BQ24: 0 | BR24: 0 | BS24: 0 | BT24: 0 | BU24: 0 | BV24: 0 | BX24: 0 | BY24: 0 | BZ24: 0 | CA24: 0 | CB24: 0 | CC24: 0 | CD24: 0 | CE24: 0 | CF24: 0 | CG24: 0 | CH24: 0 | CI24: 0 | CJ24: 0 | CK24: 0 | CL24: 0 | CM24: 0 | CN24: 0 | CO24: 0 | CP24: 0 | CQ24: 0 | CR24: 0 | CS24: 0 | CT24: 0 | CU24: 0 | CV24: 0 | CW24: 0 | CX24: 0 | CY24: 0 | CZ24: 0 | DA24: 0 | DB24: 0 | DC24: 0 | DD24: 0 | DE24: 0 | DF24: 0 | DG24: 0 | DH24: 0 | DI24: 0 | DJ24: 0 | DK24: 0 | DL24: 0 | DM24: 0 | DN24: 0 | DO24: 0 | DP24: 0 | DQ24: 0 | DR24: 0 | DS24: 0 | DT24: 0 | DU24: 0 | DV24: 0 | DW24: 0 | DX24: 0 | DY24: 0 | DZ24: 0 | EA24: 0 | EB24: 0 | EC24: 0 | ED24: 0 | EE24: 0 | EF24: 0 | EG24: 0 | EH24: 0 | EI24: 0 | EJ24: 0 | EK24: 0 | EL24: 0 | EM24: 0 | EN24: 0 | EO24: 0 | EP24: 0 | EQ24: 0 | ER24: 0 | ES24: 0 | ET24: 0 | EU24: 0 | EV24: 0 | EW24: 0 | EX24: 0 | EY24: 0 | EZ24: 0 | FA24: 0 | FB24: 0 | FC24: 0 | FD24: 0 | FE24: 0 | FF24: 0 | FG24: 0 | FH24: 0 | FI24: 0 | FJ24: 0 | FK24: 0 | FL24: 0 | FM24: 0 | FN24: 0 | FO24: 0 | FP24: 0 | FQ24: 0 | FR24: 0 | FS24: 0 | FT24: 0 | FU24: 0 | FV24: 0 | FW24: 0 | FX24: 0 | FY24: 0 | FZ24: 0 | GA24: 0 | GB24: 0 | GC24: 0 | GD24: 0 | GE24: 0 | GF24: 0 | GG24: 0 | GH24: 0 | GI24: 0 | GJ24: 0 | GK24: 0 | GL24: 0 | GM24: 0 | GN24: 0 | GO24: 0 | GP24: 0 | GQ24: 0 | GR24: 0 | GS24: 0 | GT24: 0 | GU24: 0 | GV24: 0 | GW24: 0 | GX24: 0 | GY24: 0 | GZ24: 0 | HA24: 0 | HB24: 0 | HC24: 0 | HD24: 0 | HE24: 0 | HF24: 0 | HG24: 0 | HH24: 0 | HU24: =SUM(O24:HT24) -> 0
A25: 4 | C25: Zone 4 | D25: Lm. | E25: 0 | F25: 0 | G25: 0 | H25: 0 | I25: 0 | J25: 0 | K25: 0 | L25: 0 | M25: =SUM(E25:L25) -> 0 | O25: 0 | P25: 0 | Q25: 0 | R25: 0 | S25: 0 | T25: 0 | U25: 0 | V25: 0 | W25: 0 | X25: 0 | Y25: 0 | Z25: 0 | AA25: 0 | AB25: 0 | AC25: 0 | AD25: 0 | AE25: 0 | AF25: 0 | AG25: 0 | AH25: 0 | AI25: 0 | AJ25: 0 | AK25: 0 | AL25: 0 | AM25: 0 | AN25: 0 | AO25: 0 | AP25: 0 | AR25: 0 | AS25: 0 | AT25: 0 | AU25: 0 | AV25: 0 | AW25: 0 | AX25: 0 | AY25: 0 | AZ25: 21.4 | BA25: 0 | BB25: 0 | BC25: 0 | BD25: 0 | BE25: 0 | BF25: 8 | BG25: 0 | BH25: 0 | BI25: 0 | BJ25: 0 | BK25: 0 | BL25: 0 | BM25: 0 | BN25: 0 | BO25: 8.1 | BP25: 0 | BQ25: 0 | BR25: 0 | BS25: 4.9 | BT25: 0 | BU25: 0 | BV25: 0 | BX25: 0 | BY25: 0 | BZ25: 0 | CA25: 0 | CB25: 0 | CC25: 0 | CD25: 0 | CE25: 0 | CF25: 0 | CG25: 0 | CH25: 0 | CI25: 0 | CJ25: 0 | CK25: 0 | CL25: 0 | CM25: 6.3 | CN25: 0 | CO25: 0 | CP25: 0 | CQ25: 0 | CR25: 0 | CS25: 0 | CT25: 0 | CU25: 0 | CV25: 0 | CW25: 0 | CX25: 0 | CY25: 0 | CZ25: 0 | DA25: 0 | DB25: 0 | DC25: 0 | DD25: 0 | DE25: 0 | DF25: 0 | DG25: 0 | DH25: 0 | DI25: 0 | DJ25: 0 | DK25: 0 | DL25: 0 | DM25: 0 | DN25: 0 | DO25: 0 | DP25: 0 | DQ25: 0 | DR25: 0 | DS25: 0 | DT25: 0 | DU25: 0 | DV25: 0 | DW25: 0 | DX25: 0 | DY25: 0 | DZ25: 0 | EA25: 0 | EB25: 0 | EC25: 0 | ED25: 0 | EE25: 0 | EF25: 0 | EG25: 0 | EH25: 0 | EI25: 0 | EJ25: 0 | EK25: 0 | EL25: 0 | EM25: 0 | EN25: 0 | EO25: 0 | EP25: 0 | EQ25: 0 | ER25: 0 | ES25: 0 | ET25: 0 | EU25: 0 | EV25: 0 | EW25: 0 | EX25: 0 | EY25: 0 | EZ25: 0 | FA25: 0 | FB25: 0 | FC25: 0 | FD25: 0 | FE25: 1.8 | FF25: 0 | FG25: 0 | FH25: 0 | FI25: 0 | FJ25: 0 | FK25: 0 | FL25: 0 | FM25: 0 | FN25: 0 | FO25: 0 | FP25: 0 | FQ25: 0 | FR25: 0 | FS25: 0 | FT25: 0 | FU25: 0 | FV25: 0 | FW25: 0 | FX25: 0 | FY25: 0 | FZ25: 0 | GA25: 0 | GB25: 0 | GC25: 0 | GD25: 0 | GE25: 0 | GF25: 0 | GG25: 0 | GH25: 0 | GI25: 0 | GJ25: 0 | GK25: 0 | GL25: 0 | GM25: 0 | GN25: 0 | GO25: 0 | GP25: 0 | GQ25: 0 | GR25: 0 | GS25: 0 | GT25: 0 | GU25: 0 | GV25: 0 | GW25: 0 | GX25: 0 | GY25: 0 | GZ25: 0 | HA25: 0 | HB25: 0 | HC25: 0 | HD25: 0 | HE25: 0 | HF25: 0 | HG25: 0 | HH25: 0 | HU25: =SUM(O25:HT25) -> 50.5
A26: 5 | C26: Zone 5 | D26: Lm. | E26: 0 | F26: 0 | G26: 0 | H26: 0 | I26: 0 | J26: 0 | K26: 0 | L26: 0 | M26: =SUM(E26:L26) -> 0 | O26: 0 | P26: 0 | Q26: 0 | R26: 0 | S26: 0 | T26: 0 | U26: 0 | V26: 0 | W26: 0 | X26: 0 | Y26: 0 | Z26: 0 | AA26: 0 | AB26: 0 | AC26: 0 | AD26: 0 | AE26: 0 | AF26: 0 | AG26: 0 | AH26: 0 | AI26: 0 | AJ26: 0 | AK26: 0 | AL26: 0 | AM26: 0 | AN26: 0 | AO26: 0 | AP26: 0 | AR26: 0 | AS26: 0 | AT26: 0 | AU26: 0 | AV26: 0 | AW26: 0 | AX26: 0 | AY26: 0 | AZ26: 0 | BA26: 0 | BB26: 0 | BC26: 0 | BD26: 0 | BE26: 0 | BF26: 0 | BG26: 0 | BH26: 0 | BI26: 0 | BJ26: 0 | BK26: 0 | BL26: 0 | BM26: 0 | BN26: 0 | BO26: 0 | BP26: 0 | BQ26: 0 | BR26: 0 | BS26: 0 | BT26: 0 | BU26: 0 | BV26: 0 | BX26: 29.8 | BY26: 0 | BZ26: 0 | CA26: 0 | CB26: 0 | CC26: 0 | CD26: 0 | CE26: 0 | CF26: 0 | CG26: 0 | CH26: 0 | CI26: 0 | CJ26: 21 | CK26: 0 | CL26: 0 | CM26: 0 | CN26: 0 | CO26: 12 | CP26: 0 | CQ26: 22 | CR26: 0 | CS26: 12 | CT26: 0 | CU26: 0 | CV26: 0 | CW26: 27.1 | CX26: 0 | CY26: 0 | CZ26: 0 | DA26: 0 | DB26: 0 | DC26: 0 | DD26: 0 | DE26: 0 | DF26: 0 | DG26: 0 | DH26: 0 | DI26: 0 | DJ26: 0 | DK26: 0 | DL26: 0 | DM26: 21 | DN26: 0 | DO26: 0 | DP26: 0 | DQ26: 0 | DR26: 0 | DS26: 15.1 | DT26: 0 | DU26: 0 | DV26: 0 | DW26: 0 | DX26: 0 | DY26: 0 | DZ26: 0 | EA26: 0 | EB26: 0 | EC26: 0 | ED26: 0 | EE26: 0 | EF26: 0 | EG26: 0 | EH26: 0 | EI26: 0 | EJ26: 0 | EK26: 0 | EL26: 0 | EM26: 0 | EN26: 0 | EO26: 0 | EP26: 0 | EQ26: 0 | ER26: 0 | ES26: 0 | ET26: 0 | EU26: 0 | EV26: 0 | EW26: 0 | EX26: 0 | EY26: 0 | EZ26: 0 | FA26: 0 | FB26: 0 | FC26: 0 | FD26: 0 | FE26: 0 | FF26: 0 | FG26: 0 | FH26: 0 | FI26: 0 | FJ26: 0 | FK26: 0 | FL26: 0 | FM26: 0 | FN26: 0 | FO26: 0 | FP26: 0 | FQ26: 0 | FR26: 0 | FS26: 0 | FT26: 0 | FU26: 0 | FV26: 0 | FW26: 0 | FX26: 0 | FY26: 0 | FZ26: 0 | GA26: 0 | GB26: 0 | GC26: 0 | GD26: 0 | GE26: 0 | GF26: 0 | GG26: 0 | GH26: 0 | GI26: 0 | GJ26: 0 | GK26: 0 | GL26: 0 | GM26: 0 | GN26: 0 | GO26: 0 | GP26: 0 | GQ26: 0 | GR26: 0 | GS26: 0 | GT26: 0 | GU26: 0 | GV26: 0 | GW26: 2.5 | GX26: 0 | GY26: 0 | GZ26: 0 | HA26: 0 | HB26: 0 | HC26: 0 | HD26: 0 | HE26: 0 | HF26: 0 | HG26: 0 | HH26: 0 | HU26: =SUM(O26:HT26) -> 162.5
A27: 6 | C27: Zone 6 | D27: Lm. | E27: 0 | F27: 0 | G27: 0 | H27: 0 | I27: 0 | J27: 0 | K27: 0 | L27: 0 | M27: =SUM(E27:L27) -> 0 | O27: 0 | P27: 0 | Q27: 0 | R27: 0 | S27: 0 | T27: 0 | U27: 0 | V27: 0 | W27: 0 | X27: 0 | Y27: 0 | Z27: 0 | AA27: 0 | AB27: 0 | AC27: 0 | AD27: 0 | AE27: 0 | AF27: 0 | AG27: 0 | AH27: 0 | AI27: 0 | AJ27: 0 | AK27: 0 | AL27: 0 | AM27: 0 | AN27: 0 | AO27: 0 | AP27: 0 | AR27: 0 | AS27: 0 | AT27: 0 | AU27: 0 | AV27: 0 | AW27: 0 | AX27: 0 | AY27: 0 | AZ27: 0 | BA27: 0 | BB27: 0 | BC27: 0 | BD27: 0 | BE27: 0 | BF27: 0 | BG27: 0 | BH27: 0 | BI27: 0 | BJ27: 0 | BK27: 0 | BL27: 0 | BM27: 0 | BN27: 0 | BO27: 0 | BP27: 0 | BQ27: 0 | BR27: 0 | BS27: 0 | BT27: 0 | BU27: 0 | BV27: 0 | BX27: 0 | BY27: 0 | BZ27: 0 | CA27: 19 | CB27: 0 | CC27: 0 | CD27: 0 | CE27: 3 | CF27: 0 | CG27: 0 | CH27: 0 | CI27: 0 | CJ27: 0 | CK27: 0 | CL27: 0 | CM27: 0 | CN27: 0 | CO27: 0 | CP27: 0 | CQ27: 0 | CR27: 0 | CS27: 0 | CT27: 0 | CU27: 0 | CV27: 0 | CW27: 0 | CX27: 0 | CY27: 0 | CZ27: 0 | DA27: 0 | DB27: 0 | DC27: 0 | DD27: 0 | DE27: 0 | DF27: 0 | DG27: 0 | DH27: 0 | DI27: 0 | DJ27: 0 | DK27: 0 | DL27: 0 | DM27: 0 | DN27: 0 | DO27: 0 | DP27: 0 | DQ27: 0 | DR27: 0 | DS27: 0 | DT27: 0 | DU27: 0 | DV27: 0 | DW27: 0 | DX27: 0 | DY27: 0 | DZ27: 0 | EA27: 0 | EB27: 0 | EC27: 0 | ED27: 0 | EE27: 0 | EF27: 0 | EG27: 0 | EH27: 0 | EI27: 0 | EJ27: 0 | EK27: 0 | EL27: 0 | EM27: 0 | EN27: 0 | EO27: 0 | EP27: 0 | EQ27: 0 | ER27: 0 | ES27: 0 | ET27: 0 | EU27: 0 | EV27: 0 | EW27: 0 | EX27: 0 | EY27: 0 | EZ27: 0 | FA27: 0 | FB27: 0 | FC27: 0 | FD27: 0 | FE27: 0 | FF27: 0 | FG27: 0 | FH27: 0 | FI27: 0 | FJ27: 0 | FK27: 0 | FL27: 0 | FM27: 0 | FN27: 0 | FO27: 0 | FP27: 0 | FQ27: 0 | FR27: 0 | FS27: 0 | FT27: 0 | FU27: 0 | FV27: 0 | FW27: 0 | FX27: 0 | FY27: 0 | FZ27: 0 | GA27: 0 | GB27: 0 | GC27: 0 | GD27: 0 | GE27: 0 | GF27: 0 | GG27: 0 | GH27: 0 | GI27: 0 | GJ27: 0 | GK27: 0 | GL27: 0 | GM27: 0 | GN27: 0 | GO27: 0 | GP27: 0 | GQ27: 0 | GR27: 0 | GS27: 0 | GT27: 0 | GU27: 0 | GV27: 0 | GW27: 0 | GX27: 0 | GY27: 0 | GZ27: 0 | HA27: 0 | HB27: 0 | HC27: 0 | HD27: 0 | HE27: 0 | HF27: 0 | HG27: 0 | HH27: 0 | HU27: =SUM(O27:HT27) -> 22
A28: 7 | C28: Zone 7 | D28: Lm. | E28: 0 | F28: 0 | G28: 0 | H28: 0 | I28: 0 | J28: 0 | K28: 0 | L28: 0 | M28: =SUM(E28:L28) -> 0 | O28: 0 | P28: 0 | Q28: 0 | R28: 0 | S28: 0 | T28: 0 | U28: 0 | V28: 0 | W28: 0 | X28: 0 | Y28: 0 | Z28: 0 | AA28: 0 | AB28: 0 | AC28: 0 | AD28: 0 | AE28: 0 | AF28: 0 | AG28: 0 | AH28: 0 | AI28: 0 | AJ28: 0 | AK28: 0 | AL28: 0 | AM28: 0 | AN28: 0 | AO28: 0 | AP28: 0 | AR28: 0 | AS28: 0 | AT28: 0 | AU28: 0 | AV28: 0 | AW28: 0 | AX28: 0 | AY28: 0 | AZ28: 0 | BA28: 0 | BB28: 0 | BC28: 0 | BD28: 0 | BE28: 0 | BF28: 0 | BG28: 0 | BH28: 0 | BI28: 0 | BJ28: 0 | BK28: 0 | BL28: 0 | BM28: 0 | BN28: 0 | BO28: 0 | BP28: 0 | BQ28: 0 | BR28: 0 | BS28: 0 | BT28: 0 | BU28: 0 | BV28: 0 | BX28: 0 | BY28: 0 | BZ28: 0 | CA28: 0 | CB28: 0 | CC28: 0 | CD28: 0 | CE28: 0 | CF28: 0 | CG28: 0 | CH28: 0 | CI28: 0 | CJ28: 0 | CK28: 0 | CL28: 0 | CM28: 0 | CN28: 0 | CO28: 0 | CP28: 0 | CQ28: 0 | CR28: 0 | CS28: 0 | CT28: 0 | CU28: 0 | CV28: 0 | CW28: 0 | CX28: 22 | CY28: 0 | CZ28: 0 | DA28: 0 | DB28: 0 | DC28: 27.6 | DD28: 0 | DE28: 0 | DF28: 0 | DG28: 0 | DH28: 0 | DI28: 0 | DJ28: 12 | DK28: 0 | DL28: 0 | DM28: 0 | DN28: 0 | DO28: 0 | DP28: 0 | DQ28: 0 | DR28: 0 | DS28: 0 | DT28: 0 | DU28: 0 | DV28: 0 | DW28: 0 | DX28: 0 | DY28: 0 | DZ28: 0 | EA28: 0 | EB28: 0 | EC28: 0 | ED28: 0 | EE28: 0 | EF28: 0 | EG28: 0 | EH28: 0 | EI28: 0 | EJ28: 4 | EK28: 0 | EL28: 0 | EM28: 0 | EN28: 0 | EO28: 0 | EP28: 0 | EQ28: 0 | ER28: 0 | ES28: 0 | ET28: 0 | EU28: 0 | EV28: 0 | EW28: 0 | EX28: 0 | EY28: 0 | EZ28: 0 | FA28: 0 | FB28: 0 | FC28: 0 | FD28: 0 | FE28: 0 | FF28: 0 | FG28: 0 | FH28: 0 | FI28: 0 | FJ28: 0 | FK28: 0 | FL28: 0 | FM28: 0 | FN28: 0 | FO28: 0 | FP28: 0 | FQ28: 0 | FR28: 0 | FS28: 0 | FT28: 0 | FU28: 0 | FV28: 0 | FW28: 0 | FX28: 0 | FY28: 0 | FZ28: 0 | GA28: 0 | GB28: 0 | GC28: 0 | GD28: 0 | GE28: 0 | GF28: 0 | GG28: 0 | GH28: 0 | GI28: 0 | GJ28: 0 | GK28: 0 | GL28: 0 | GM28: 0 | GN28: 0 | GO28: 0 | GP28: 0 | GQ28: 0 | GR28: 0 | GS28: 0 | GT28: 0 | GU28: 0 | GV28: 0 | GW28: 0 | GX28: 0 | GY28: 0 | GZ28: 0 | HA28: 0 | HB28: 0 | HC28: 0 | HD28: 0 | HE28: 0 | HF28: 0 | HG28: 0 | HH28: 0 | HU28: =SUM(O28:HT28) -> 65.6
A29: 8 | C29: Zone 8 | D29: Lm. | E29: 0 | F29: 0 | G29: 0 | H29: 0 | I29: 0 | J29: 0 | K29: 0 | L29: 0 | M29: =SUM(E29:L29) -> 0 | O29: 0 | P29: 0 | Q29: 0 | R29: 0 | S29: 0 | T29: 0 | U29: 0 | V29: 0 | W29: 0 | X29: 0 | Y29: 0 | Z29: 0 | AA29: 0 | AB29: 0 | AC29: 0 | AD29: 0 | AE29: 0 | AF29: 0 | AG29: 0 | AH29: 0 | AI29: 0 | AJ29: 0 | AK29: 0 | AL29: 0 | AM29: 0 | AN29: 0 | AO29: 0 | AP29: 0 | AR29: 0 | AS29: 0 | AT29: 0 | AU29: 0 | AV29: 0 | AW29: 0 | AX29: 0 | AY29: 0 | AZ29: 0 | BA29: 0 | BB29: 0 | BC29: 0 | BD29: 0 | BE29: 0 | BF29: 0 | BG29: 0 | BH29: 0 | BI29: 0 | BJ29: 0 | BK29: 0 | BL29: 0 | BM29: 0 | BN29: 0 | BO29: 0 | BP29: 0 | BQ29: 0 | BR29: 0 | BS29: 0 | BT29: 0 | BU29: 0 | BV29: 0 | BX29: 5.1 | BY29: 0 | BZ29: 0 | CA29: 0 | CB29: 4.7 | CC29: 0 | CD29: 0 | CE29: 0 | CF29: 0 | CG29: 0 | CH29: 0 | CI29: 0 | CJ29: 24.1 | CK29: 0 | CL29: 0 | CM29: 9 | CN29: 0 | CO29: 15.5 | CP29: 0 | CQ29: 0 | CR29: 0 | CS29: 0 | CT29: 0 | CU29: 0 | CV29: 0 | CW29: 0 | CX29: 0 | CY29: 0 | CZ29: 19 | DA29: 0 | DB29: 0 | DC29: 0 | DD29: 31 | DE29: 0 | DF29: 0 | DG29: 0 | DH29: 0 | DI29: 0 | DJ29: 0 | DK29: 0 | DL29: 0 | DM29: 0 | DN29: 0 | DO29: 0 | DP29: 0 | DQ29: 0 | DR29: 0 | DS29: 0 | DT29: 0 | DU29: 0 | DV29: 0 | DW29: 0 | DX29: 0 | DY29: 0 | DZ29: 0 | EA29: 0 | EB29: 0 | EC29: 0 | ED29: 0 | EE29: 0 | EF29: 0 | EG29: 0 | EH29: 0 | EI29: 0 | EJ29: 0 | EK29: 0 | EL29: 0 | EM29: 0 | EN29: 0 | EO29: 0 | EP29: 0 | EQ29: 0 | ER29: 0 | ES29: 30 | ET29: 0 | EU29: 0 | EV29: 0 | EW29: 0 | EX29: 0 | EY29: 0 | EZ29: 0 | FA29: 0 | FB29: 0 | FC29: 0 | FD29: 0 | FE29: 0 | FF29: 0 | FG29: 0 | FH29: 0 | FI29: 0 | FJ29: 0 | FK29: 0 | FL29: 0 | FM29: 0 | FN29: 0 | FO29: 0 | FP29: 0 | FQ29: 0 | FR29: 0 | FS29: 0 | FT29: 0 | FU29: 0 | FV29: 0 | FW29: 0 | FX29: 0 | FY29: 0 | FZ29: 0 | GA29: 0 | GB29: 0 | GC29: 0 | GD29: 0 | GE29: 0 | GF29: 0 | GG29: 0 | GH29: 0 | GI29: 0 | GJ29: 0 | GK29: 0 | GL29: 0 | GM29: 0 | GN29: 0 | GO29: 0 | GP29: 0 | GQ29: 0 | GR29: 3 | GS29: 0 | GT29: 0 | GU29: 0 | GV29: 0 | GW29: 0 | GX29: 0 | GY29: 0 | GZ29: 0 | HA29: 0 | HB29: 0 | HC29: 0 | HD29: 0 | HE29: 0 | HF29: 0 | HG29: 0 | HH29: 0 | HU29: =SUM(O29:HT29) -> 141.4
A30: 9 | C30: Zone 9 | D30: Lm. | E30: 0 | F30: 0 | G30: 0 | H30: 0 | I30: 0 | J30: 0 | K30: 0 | L30: 0 | M30: =SUM(E30:L30) -> 0 | O30: 0 | P30: 0 | Q30: 0 | R30: 0 | S30: 0 | T30: 0 | U30: 0 | V30: 0 | W30: 0 | X30: 0 | Y30: 0 | Z30: 0 | AA30: 0 | AB30: 0 | AC30: 0 | AD30: 0 | AE30: 0 | AF30: 0 | AG30: 0 | AH30: 0 | AI30: 0 | AJ30: 0 | AK30: 0 | AL30: 0 | AM30: 0 | AN30: 0 | AO30: 0 | AP30: 0 | AR30: 0 | AS30: 0 | AT30: 0 | AU30: 0 | AV30: 0 | AW30: 0 | AX30: 0 | AY30: 0 | AZ30: 0 | BA30: 0 | BB30: 0 | BC30: 0 | BD30: 0 | BE30: 0 | BF30: 0 | BG30: 0 | BH30: 0 | BI30: 0 | BJ30: 0 | BK30: 0 | BL30: 0 | BM30: 0 | BN30: 0 | BO30: 0 | BP30: 0 | BQ30: 0 | BR30: 0 | BS30: 0 | BT30: 0 | BU30: 0 | BV30: 0 | BX30: 0 | BY30: 0 | BZ30: 0 | CA30: 0 | CB30: 0 | CC30: 0 | CD30: 0 | CE30: 0 | CF30: 0 | CG30: 0 | CH30: 0 | CI30: 0 | CJ30: 0 | CK30: 0 | CL30: 0 | CM30: 0 | CN30: 0 | CO30: 0 | CP30: 0 | CQ30: 0 | CR30: 0 | CS30: 0 | CT30: 0 | CU30: 0 | CV30: 0 | CW30: 0 | CX30: 0 | CY30: 0 | CZ30: 0 | DA30: 0 | DB30: 0 | DC30: 0 | DD30: 0 | DE30: 0 | DF30: 0 | DG30: 0 | DH30: 0 | DI30: 0 | DJ30: 0 | DK30: 0 | DL30: 0 | DM30: 0 | DN30: 0 | DO30: 0 | DP30: 0 | DQ30: 0 | DR30: 0 | DS30: 0 | DT30: 0 | DU30: 0 | DV30: 0 | DW30: 0 | DX30: 0 | DY30: 0 | DZ30: 0 | EA30: 0 | EB30: 0 | EC30: 0 | ED30: 0 | EE30: 0 | EF30: 0 | EG30: 0 | EH30: 0 | EI30: 0 | EJ30: 0 | EK30: 0 | EL30: 0 | EM30: 0 | EN30: 0 | EO30: 0 | EP30: 0 | EQ30: 0 | ER30: 0 | ES30: 0 | ET30: 0 | EU30: 0 | EV30: 0 | EW30: 0 | EX30: 0 | EY30: 0 | EZ30: 0 | FA30: 0 | FB30: 0 | FC30: 0 | FD30: 0 | FE30: 0 | FF30: 0 | FG30: 0 | FH30: 0 | FI30: 0 | FJ30: 0 | FK30: 0 | FL30: 0 | FM30: 0 | FN30: 0 | FO30: 0 | FP30: 0 | FQ30: 0 | FR30: 0 | FS30: 0 | FT30: 0 | FU30: 0 | FV30: 0 | FW30: 0 | FX30: 0 | FY30: 0 | FZ30: 0 | GA30: 0 | GB30: 0 | GC30: 0 | GD30: 0 | GE30: 0 | GF30: 0 | GG30: 0 | GH30: 0 | GI30: 0 | GJ30: 0 | GK30: 0 | GL30: 0 | GM30: 0 | GN30: 0 | GO30: 0 | GP30: 0 | GQ30: 0 | GR30: 0 | GS30: 0 | GT30: 0 | GU30: 0 | GV30: 0 | GW30: 0 | GX30: 0 | GY30: 0 | GZ30: 0 | HA30: 0 | HB30: 0 | HC30: 0 | HD30: 0 | HE30: 0 | HF30: 0 | HG30: 0 | HH30: 0 | HU30: =SUM(O30:HT30) -> 0
A31: 10 | C31: Zone 10 | D31: Lm. | E31: 0 | F31: 0 | G31: 0 | H31: 0 | I31: 0 | J31: 0 | K31: 0 | L31: 0 | M31: =SUM(E31:L31) -> 0 | O31: 0 | P31: 0 | Q31: 0 | R31: 0 | S31: 0 | T31: 0 | U31: 0 | V31: 0 | W31: 0 | X31: 0 | Y31: 0 | Z31: 0 | AA31: 0 | AB31: 0 | AC31: 0 | AD31: 0 | AE31: 0 | AF31: 0 | AG31: 0 | AH31: 0 | AI31: 0 | AJ31: 0 | AK31: 0 | AL31: 0 | AM31: 0 | AN31: 0 | AO31: 0 | AP31: 0 | AR31: 0 | AS31: 0 | AT31: 0 | AU31: 0 | AV31: 0 | AW31: 0 | AX31: 0 | AY31: 0 | AZ31: 0 | BA31: 0 | BB31: 0 | BC31: 0 | BD31: 0 | BE31: 0 | BF31: 0 | BG31: 0 | BH31: 0 | BI31: 0 | BJ31: 0 | BK31: 0 | BL31: 0 | BM31: 0 | BN31: 0 | BO31: 0 | BP31: 0 | BQ31: 0 | BR31: 0 | BS31: 0 | BT31: 0 | BU31: 3.9 | BV31: 0 | BX31: 0 | BY31: 0 | BZ31: 0 | CA31: 0 | CB31: 0 | CC31: 0 | CD31: 0 | CE31: 0 | CF31: 0 | CG31: 0 | CH31: 0 | CI31: 0 | CJ31: 0 | CK31: 0 | CL31: 0 | CM31: 0 | CN31: 0 | CO31: 0 | CP31: 0 | CQ31: 0 | CR31: 0 | CS31: 0 | CT31: 0 | CU31: 0 | CV31: 0 | CW31: 0 | CX31: 0 | CY31: 0 | CZ31: 0 | DA31: 0 | DB31: 0 | DC31: 0 | DD31: 0 | DE31: 0 | DF31: 0 | DG31: 0 | DH31: 0 | DI31: 0 | DJ31: 0 | DK31: 0 | DL31: 0 | DM31: 0 | DN31: 0 | DO31: 0 | DP31: 0 | DQ31: 0 | DR31: 0 | DS31: 0 | DT31: 0 | DU31: 0 | DV31: 0 | DW31: 0 | DX31: 0 | DY31: 0 | DZ31: 0 | EA31: 0 | EB31: 0 | EC31: 0 | ED31: 0 | EE31: 0 | EF31: 0 | EG31: 0 | EH31: 0 | EI31: 0 | EJ31: 0 | EK31: 0 | EL31: 0 | EM31: 0 | EN31: 0 | EO31: 0 | EP31: 0 | EQ31: 0 | ER31: 0 | ES31: 0 | ET31: 0 | EU31: 0 | EV31: 0 | EW31: 0 | EX31: 0 | EY31: 0 | EZ31: 0 | FA31: 0 | FB31: 0 | FC31: 0 | FD31: 0 | FE31: 0 | FF31: 0 | FG31: 0 | FH31: 0 | FI31: 0 | FJ31: 0 | FK31: 0 | FL31: 0 | FM31: 0 | FN31: 0 | FO31: 0 | FP31: 0 | FQ31: 0 | FR31: 0 | FS31: 0 | FT31: 0 | FU31: 0 | FV31: 0 | FW31: 0 | FX31: 0 | FY31: 0 | FZ31: 0 | GA31: 0 | GB31: 0 | GC31: 0 | GD31: 0 | GE31: 0 | GF31: 0 | GG31: 0 | GH31: 0 | GI31: 0 | GJ31: 0 | GK31: 0 | GL31: 0 | GM31: 0 | GN31: 0 | GO31: 0 | GP31: 0 | GQ31: 0 | GR31: 0 | GS31: 0 | GT31: 0 | GU31: 0 | GV31: 0 | GW31: 0 | GX31: 26 | GY31: 0 | GZ31: 0 | HA31: 0 | HB31: 36 | HC31: 0 | HD31: 0 | HE31: 0 | HF31: 0 | HG31: 0 | HH31: 0 | HU31: =SUM(O31:HT31) -> 65.9
A32: 11 | C32: Zone 11 | D32: Lm. | E32: 0 | F32: 0 | G32: 0 | H32: 0 | I32: 0 | J32: 0 | K32: 0 | L32: 0 | M32: =SUM(E32:L32) -> 0 | O32: 0 | P32: 0 | Q32: 0 | R32: 0 | S32: 0 | T32: 0 | U32: 0 | V32: 0 | W32: 0 | X32: 0 | Y32: 0 | Z32: 0 | AA32: 0 | AB32: 0 | AC32: 0 | AD32: 0 | AE32: 0 | AF32: 0 | AG32: 0 | AH32: 0 | AI32: 0 | AJ32: 0 | AK32: 0 | AL32: 0 | AM32: 0 | AN32: 0 | AO32: 0 | AP32: 0 | AR32: 0 | AS32: 0 | AT32: 0 | AU32: 0 | AV32: 0 | AW32: 0 | AX32: 0 | AY32: 0 | AZ32: 0 | BA32: 0 | BB32: 0 | BC32: 0 | BD32: 0 | BE32: 0 | BF32: 0 | BG32: 0 | BH32: 0 | BI32: 0 | BJ32: 0 | BK32: 0 | BL32: 0 | BM32: 0 | BN32: 0 | BO32: 0 | BP32: 0 | BQ32: 0 | BR32: 0 | BS32: 0 | BT32: 0 | BU32: 0 | BV32: 0 | BX32: 0 | BY32: 0 | BZ32: 0 | CA32: 0 | CB32: 0 | CC32: 0 | CD32: 0 | CE32: 0 | CF32: 0 | CG32: 0 | CH32: 0 | CI32: 0 | CJ32: 0 | CK32: 0 | CL32: 0 | CM32: 0 | CN32: 0 | CO32: 0 | CP32: 0 | CQ32: 0 | CR32: 0 | CS32: 0 | CT32: 0 | CU32: 0 | CV32: 0 | CW32: 0 | CX32: 0 | CY32: 0 | CZ32: 0 | DA32: 0 | DB32: 0 | DC32: 0 | DD32: 0 | DE32: 0 | DF32: 0 | DG32: 0 | DH32: 0 | DI32: 0 | DJ32: 0 | DK32: 0 | DL32: 0 | DM32: 0 | DN32: 0 | DO32: 0 | DP32: 0 | DQ32: 0 | DR32: 0 | DS32: 0 | DT32: 0 | DU32: 0 | DV32: 0 | DW32: 0 | DX32: 0 | DY32: 0 | DZ32: 0 | EA32: 0 | EB32: 0 | EC32: 0 | ED32: 0 | EE32: 0 | EF32: 0 | EG32: 0 | EH32: 0 | EI32: 0 | EJ32: 0 | EK32: 0 | EL32: 0 | EM32: 0 | EN32: 0 | EO32: 0 | EP32: 0 | EQ32: 0 | ER32: 0 | ES32: 0 | ET32: 0 | EU32: 0 | EV32: 0 | EW32: 0 | EX32: 0 | EY32: 0 | EZ32: 0 | FA32: 0 | FB32: 0 | FC32: 0 | FD32: 0 | FE32: 0 | FF32: 0 | FG32: 0 | FH32: 0 | FI32: 0 | FJ32: 0 | FK32: 0 | FL32: 0 | FM32: 0 | FN32: 0 | FO32: 0 | FP32: 0 | FQ32: 0 | FR32: 0 | FS32: 0 | FT32: 0 | FU32: 0 | FV32: 0 | FW32: 0 | FX32: 0 | FY32: 0 | FZ32: 0 | GA32: 0 | GB32: 0 | GC32: 0 | GD32: 0 | GE32: 0 | GF32: 0 | GG32: 0 | GH32: 0 | GI32: 0 | GJ32: 0 | GK32: 0 | GL32: 0 | GM32: 0 | GN32: 0 | GO32: 0 | GP32: 0 | GQ32: 0 | GR32: 0 | GS32: 0 | GT32: 0 | GU32: 0 | GV32: 0 | GW32: 0 | GX32: 0 | GY32: 0 | GZ32: 0 | HA32: 0 | HB32: 0 | HC32: 0 | HD32: 0 | HE32: 0 | HF32: 0 | HG32: 0 | HH32: 0 | HU32: =SUM(O32:HT32) -> 0
C33: Sub Total | D33: Lm. | E33: =SUM(E22:E32) -> 0 | F33: =SUM(F22:F32) -> 0 | G33: =SUM(G22:G32) -> 0 | H33: =SUM(H22:H32) -> 0 | I33: =SUM(I22:I32) -> 0 | J33: =SUM(J22:J32) -> 0 | K33: =SUM(K22:K32) -> 0 | L33: =SUM(L22:L32) -> 0 | M33: =SUM(M22:M32) -> 0 | O33: =SUM(O22:O32) -> 0 | P33: =SUM(P22:P32) -> 0 | Q33: =SUM(Q22:Q32) -> 0 | R33: =SUM(R22:R32) -> 0 | S33: =SUM(S22:S32) -> 0 | T33: =SUM(T22:T32) -> 0 | U33: =SUM(U22:U32) -> 0 | V33: =SUM(V22:V32) -> 0 | ... AP33: =SUM(AP22:AP32) -> 0 | AR33: =SUM(AR22:AR32) -> 0 | AS33: =SUM(AS22:AS32) -> 0 | AT33: =SUM(AT22:AT32) -> 0 | AU33: =SUM(AU22:AU32) -> 0 | AV33: =SUM(AV22:AV32) -> 0 | AW33: =SUM(AW22:AW32) -> 0 | AX33: =SUM(AX22:AX32) -> 0 | AY33: =SUM(AY22:AY32) -> 0 | ... BV33: =SUM(BV22:BV32) -> 0 | BX33: =SUM(BX22:BX32) -> 34.9 | BY33: =SUM(BY22:BY32) -> 0 | BZ33: =SUM(BZ22:BZ32) -> 0 | CA33: =SUM(CA22:CA32) -> 19 | CB33: =SUM(CB22:CB32) -> 4.7 | CC33: =SUM(CC22:CC32) -> 0 | CD33: =SUM(CD22:CD32) -> 0 | CE33: =SUM(CE22:CE32) -> 3 | ... CO33: =SUM(CO22:CO32) -> 27.5 | CP33: 0 | CQ33: =SUM(CQ22:CQ32) -> 22 | CR33: =SUM(CR22:CR32) -> 0 | CS33: =SUM(CS22:CS32) -> 12 | CT33: =SUM(CT22:CT32) -> 0 | CU33: 0 | CV33: =SUM(CV22:CV32) -> 0 | CW33: =SUM(CW22:CW32) -> 27.1 | CX33: =SUM(CX22:CX32) -> 22 | CY33: =SUM(CY22:CY32) -> 0 | CZ33: =SUM(CZ22:CZ32) -> 19 | DA33: =SUM(DA22:DA32) -> 0 | DB33: =SUM(DB22:DB32) -> 0 | DC33: =SUM(DC22:DC32) -> 27.6 | ... HH33: =SUM(HH22:HH32) -> 0 | HU33: =SUM(HU22:HU32) -> 507.9
A34: Concrete Quantity | D34: m3 | E34: 0 | F34: 0 | G34: 47 | H34: 30 | I34: 41 | J34: 37 | K34: 0 | L34: 0 | M34: =SUM(E34:L34) -> 155 | O34: 44 | P34: 67 | Q34: 0 | R34: 0 | S34: 0 | T34: 0 | U34: 10 | V34: 0 | W34: 59 | X34: 0 | Y34: 0 | Z34: 25 | AA34: 0 | AB34: 0 | AC34: 16 | AD34: 43 | AE34: 45 | AF34: 0 | AG34: 65 | AH34: 0 | AI34: 0 | AJ34: 0 | AK34: 0 | AL34: 11 | AM34: 63 | AN34: 0 | AO34: 0 | AP34: 0 | AR34: 0 | AS34: 0 | AT34: 65 | AU34: 5 | AV34: 0 | AW34: 0 | AX34: 24 | AY34: 0 | AZ34: 64 | BA34: 0 | BB34: 0 | BC34: 0 | BD34: 0 | BE34: 34 | BF34: 22 | BG34: 0 | BH34: 32 | BI34: 0 | BJ34: 0 | BK34: 0 | BL34: 0 | BM34: 0 | BN34: 0 | BO34: 25 | BP34: 0 | BQ34: 0 | BR34: 0 | BS34: 6 | BT34: 36 | BU34: 7 | BV34: 0 | BX34: 60 | BY34: 0 | BZ34: 0 | CA34: 29 | CB34: 10 | CC34: 53 | CD34: 0 | CE34: 14 | CF34: 0 | CG34: 0 | CH34: 0 | CI34: 0 | CJ34: 50 | CK34: 0 | CL34: 0 | CM34: 27 | CN34: 0 | CO34: 28 | CP34: 0 | CQ34: 29 | CR34: 0 | CS34: 20 | CT34: 0 | CU34: 0 | CV34: 0 | CW34: 33 | CX34: 26 | CY34: 0 | CZ34: 28 | DA34: 0 | DB34: 0 | DC34: 57 | DD34: 42 | DE34: 0 | DF34: 0 | DG34: 0 | DH34: 0 | DI34: 0 | DJ34: 36 | DK34: 0 | DL34: 0 | DM34: 34 | DN34: 0 | DO34: 0 | DP34: 0 | DQ34: 0 | DR34: 0 | DS34: 30 | DT34: 0 | DU34: 0 | DV34: 0 | DW34: 0 | DX34: 0 | DY34: 0 | DZ34: 0 | EA34: 0 | EB34: 0 | EC34: 0 | ED34: 0 | EE34: 0 | EF34: 0 | EG34: 0 | EH34: 0 | EI34: 0 | EJ34: 18 | EK34: 0 | EL34: 0 | EM34: 0 | EN34: 0 | EO34: 0 | EP34: 0 | EQ34: 0 | ER34: 0 | ES34: 16 | ET34: 0 | EU34: 0 | EV34: 0 | EW34: 0 | EX34: 0 | EY34: 0 | EZ34: 0 | FA34: 0 | FB34: 0 | FC34: 0 | FD34: 0 | FE34: 12 | FF34: 0 | FG34: 0 | FH34: 0 | FI34: 0 | FJ34: 0 | FK34: 0 | FL34: 0 | FM34: 0 | FN34: 0 | FO34: 0 | FP34: 41 | FQ34: 0 | FR34: 0 | FS34: 0 | FT34: 0 | FU34: 0 | FV34: 0 | FW34: 0 | FX34: 0 | FY34: 0 | FZ34: 0 | GA34: 0 | GB34: 0 | GC34: 0 | GD34: 0 | GE34: 0 | GF34: 0 | GG34: 0 | GH34: 0 | GI34: 0 | GJ34: 0 | GK34: 0 | GL34: 0 | GM34: 0 | GN34: 0 | GO34: 0 | GP34: 0 | GQ34: 0 | GR34: 10 | GS34: 0 | GT34: 0 | GU34: 0 | GV34: 0 | GW34: 2 | GX34: 35 | GY34: 0 | GZ34: 0 | HA34: 0 | HB34: 74 | HC34: 0 | HD34: 0 | HE34: 0 | HF34: 0 | HG34: 0 | HH34: 0 | HU34: =SUM(O34:HT34) -> 1582
B38: B2 to B1 | C38: Team 1 | E38: =E10+E11+E13+E14+E15 -> 0 | F38: =F10+F11+F13+F14+F15 -> 0 | G38: =G10+G11+G13+G14+G15 -> 0 | H38: =H10+H11+H13+H14+H15 -> 19.5 | I38: =I10+I11+I13+I14+I15 -> 0 | J38: =J10+J11+J13+J14+J15 -> 24 | K38: =K10+K11+K13+K14+K15 -> 0 | L38: =L10+L11+L13+L14+L15 -> 0 | ... HT38: =HT10+HT11+HT13+HT14+HT15 -> 0
C39: Team 2 | E39: =E9/2+E12+E17+E18 -> 0 | F39: =F9/2+F12+F17+F18 -> 0 | G39: =G9/2+G12+G17+G18 -> 35.1 | H39: =H9/2+H12+H17+H18 -> 0 | I39: =I9/2+I12+I17+I18 -> 27 | J39: =J9/2+J12+J17+J18 -> 0 | K39: =K9/2+K12+K17+K18 -> 0 | L39: =L9/2+L12+L17+L18 -> 0 | ... HT39: =HT9/2+HT12+HT17+HT18 -> 0
C40: Team 3 | E40: =E9/2+E16+E19 -> 0 | F40: =F9/2+F16+F19 -> 0 | G40: =G9/2+G16+G19 -> 0 | H40: =H9/2+H16+H19 -> 0 | I40: =I9/2+I16+I19 -> 0 | J40: =J9/2+J16+J19 -> 0 | K40: =K9/2+K16+K19 -> 0 | L40: =L9/2+L16+L19 -> 0 | ... HT40: =HT9/2+HT16+HT19 -> 0
B42: B1 to GF | C42: Team 1 | E42: =E23+E24+E26+E27+E28 -> 0 | F42: =F23+F24+F26+F27+F28 -> 0 | G42: =G23+G24+G26+G27+G28 -> 0 | H42: =H23+H24+H26+H27+H28 -> 0 | I42: =I23+I24+I26+I27+I28 -> 0 | J42: =J23+J24+J26+J27+J28 -> 0 | K42: =K23+K24+K26+K27+K28 -> 0 | L42: =L23+L24+L26+L27+L28 -> 0 | ... HT42: =HT23+HT24+HT26+HT27+HT28 -> 0
C43: Team 2 | E43: =E22/2+E25+E30+E31 -> 0 | F43: =F22/2+F25+F30+F31 -> 0 | G43: =G22/2+G25+G30+G31 -> 0 | H43: =H22/2+H25+H30+H31 -> 0 | I43: =I22/2+I25+I30+I31 -> 0 | J43: =J22/2+J25+J30+J31 -> 0 | K43: =K22/2+K25+K30+K31 -> 0 | L43: =L22/2+L25+L30+L31 -> 0 | ... HT43: =HT22/2+HT25+HT30+HT31 -> 0
C44: Team 3 | E44: =E22/2+E29+E32 -> 0 | F44: =F22/2+F29+F32 -> 0 | G44: =G22/2+G29+G32 -> 0 | H44: =H22/2+H29+H32 -> 0 | I44: =I22/2+I29+I32 -> 0 | J44: =J22/2+J29+J32 -> 0 | K44: =K22/2+K29+K32 -> 0 | L44: =L22/2+L29+L32 -> 0 | ... HT44: =HT22/2+HT29+HT32 -> 0

Sheet Internal Wall
A1: #VALUE! | D1: Diriyah II Management Contracting – Opera House Concrete Updates Internal Wall Works
A7: S/No. | B7: Levels | C7: Zone | D7: Unit | E7: January | O7: February | AR7: March | BX7: April | DB7: May | EG7: June | FK7: July | GP7: August
E8: 24 | F8: 46047 | G8: 46048 | H8: 46049 | I8: 46050 | J8: 46051 | K8: 46052 | L8: 46053 | M8: Total | O8: 46054 | P8: 46055 | Q8: 46056 | R8: 46057 | S8: 46058 | T8: 46059 | U8: 46060 | V8: 46061 | W8: 46062 | X8: 46063 | Y8: 46064 | Z8: 46065 | AA8: 46066 | AB8: 46067 | AC8: 46068 | AD8: 46069 | AE8: 46070 | AF8: 46071 | AG8: 46072 | AH8: 46073 | AI8: 46074 | AJ8: 46075 | AK8: 46076 | AL8: 46077 | AM8: 46078 | AN8: 46079 | AO8: 46080 | AP8: 46081 | AR8: 46082 | AS8: 46083 | AT8: 46084 | AU8: 46085 | AV8: 46086 | AW8: 46087 | AX8: 46088 | AY8: 46089 | AZ8: 46090 | BA8: 46091 | BB8: 46092 | BC8: 46093 | BD8: 46094 | BE8: 46095 | BF8: 46096 | BG8: 46097 | BH8: 46098 | BI8: 46099 | BJ8: 46100 | BK8: 46101 | BL8: 46102 | BM8: 46103 | BN8: 46104 | BO8: 46105 | BP8: 46106 | BQ8: 46107 | BR8: 46108 | BS8: 46109 | BT8: 46110 | BU8: 46111 | BV8: 46112 | BX8: 46113 | BY8: 46114 | BZ8: 46115 | CA8: 46116 | CB8: 46117 | CC8: 46118 | CD8: 46119 | CE8: 46120 | CF8: 46121 | CG8: 46122 | CH8: 46123 | CI8: 46124 | CJ8: 46125 | CK8: 46126 | CL8: 46127 | CM8: 46128 | CN8: 46129 | CO8: 46130 | CP8: 46131 | CQ8: 46132 | CR8: 46133 | CS8: 46134 | CT8: 46135 | CU8: 46136 | CV8: 46137 | CW8: 46138 | CX8: 46139 | CY8: 46140 | CZ8: 46141 | DA8: 46142 | DB8: 46143 | DC8: 46144 | DD8: 46145 | DE8: 46146 | DF8: 46147 | DG8: 46148 | DH8: 46149 | DI8: 46150 | DJ8: 46151 | DK8: 46152 | DL8: 46153 | DM8: 46154 | DN8: 46155 | DO8: 46156 | DP8: 46157 | DQ8: 46158 | DR8: 46159 | DS8: 46160 | DT8: 46161 | DU8: 46162 | DV8: 46163 | DW8: 46164 | DX8: 46165 | DY8: 46166 | DZ8: 46167 | EA8: 46168 | EB8: 46169 | EC8: 46170 | ED8: 46171 | EE8: 46172 | EF8: 46173 | EG8: 46174 | EH8: 46175 | EI8: 46176 | EJ8: 46177 | EK8: 46178 | EL8: 46179 | EM8: 46180 | EN8: 46181 | EO8: 46182 | EP8: 46183 | EQ8: 46184 | ER8: 46185 | ES8: 46186 | ET8: 46187 | EU8: 46188 | EV8: 46189 | EW8: 46190 | EX8: 46191 | EY8: 46192 | EZ8: 46193 | FA8: 46194 | FB8: 46195 | FC8: 46196 | FD8: 46197 | FE8: 46198 | FF8: 46199 | FG8: 46200 | FH8: 46201 | FI8: 46202 | FJ8: 46203 | FK8: 46204 | FL8: 46205 | FM8: 46206 | FN8: 46207 | FO8: 46208 | FP8: 46209 | FQ8: 46210 | FR8: 46211 | FS8: 46212 | FT8: 46213 | FU8: 46214 | FV8: 46215 | FW8: 46216 | FX8: 46217 | FY8: 46218 | FZ8: 46219 | GA8: 46220 | GB8: 46221 | GC8: 46222 | GD8: 46223 | GE8: 46224 | GF8: 46225 | GG8: 46226 | GH8: 46227 | GI8: 46228 | GJ8: 46229 | GK8: 46230 | GL8: 46231 | GM8: 46232 | GN8: 46233 | GO8: 46234 | GP8: 46235 | GQ8: 46236 | GR8: 46237 | GS8: 46238 | GT8: 46239 | GU8: 46240 | GV8: 46241 | GW8: 46242 | GX8: 46243 | GY8: 46244 | GZ8: 46245 | HA8: 46246 | HB8: 46247 | HC8: 46248 | HD8: 46249 | HE8: 46250 | HF8: 46251 | HG8: 46252 | HH8: 46253 | HI8: 46254 | HJ8: 46255 | HK8: 46256 | HL8: 46257 | HM8: 46258 | HN8: 46259 | HO8: 46260 | HP8: 46261 | HQ8: 46262 | HR8: 46263 | HS8: 46264 | HT8: 46265 | HU8: Total
A9: 1 | B9: B2 to B1 | C9: Zone 1 | D9: Lm. | E9: 36 | F9: 0 | G9: 0 | H9: 0 | I9: 0 | J9: 16 | K9: 0 | L9: 0 | M9: =SUM(E9:L9) -> 52 | O9: 0 | P9: 0 | Q9: 0 | R9: 0 | S9: 0 | T9: 0 | U9: 0 | V9: 0 | W9: 17.1 | X9: 0 | Y9: 0 | Z9: 0 | AA9: 0 | AB9: 6.4 | AC9: 5.5 | AD9: 0 | AE9: 0 | AF9: 0 | AG9: 0 | AH9: 0 | AI9: 15 | AJ9: 0 | AK9: 10 | AL9: 0 | AM9: 0 | AN9: 0 | AO9: 0 | AP9: 6 | AR9: 0 | AS9: 15.7 | AT9: 0 | AU9: 0 | AV9: 0 | AW9: 0 | AX9: 0 | AY9: 65.1 | AZ9: 0 | BA9: 0 | BB9: 21 | BC9: 0 | BD9: 0 | BE9: 0 | BF9: 16.2 | BG9: 0 | BH9: 0 | BI9: =8.5+17.7 -> 26.2 | BJ9: 0 | BK9: 0 | BL9: 0 | BM9: 0 | BN9: 0 | BO9: 16.4 | BP9: 0 | BQ9: 11 | BR9: 0 | BS9: 31.3 | BT9: 0 | BU9: 0 | BV9: =13+5.5 -> 18.5 | BX9: 12.8 | BY9: 10.1 | BZ9: 0 | CA9: 23 | CB9: 10 | CC9: 23.4 | CD9: 14 | CE9: 13.3 | CF9: 0 | CG9: 0 | CH9: 0 | CI9: 0 | CJ9: 12.9 | CK9: 0 | CL9: 70.2 | CM9: 0 | CN9: 0 | CO9: 16 | CP9: 15.8 | CQ9: 15 | CR9: 0 | CS9: 15.1 | CT9: 32.9 | CU9: 0 | CV9: 10 | CW9: 5 | CX9: 0 | CY9: 0 | CZ9: 0 | DA9: 47 | DB9: 0 | DC9: 0 | DD9: 5 | DE9: 8 | DF9: 7 | DG9: 21.7 | DH9: 0 | DI9: 0 | DJ9: 16 | DK9: 0 | DL9: 0 | DM9: 12 | DN9: 0 | DO9: 0 | DP9: 0 | DQ9: 12 | DR9: 0 | DS9: 7 | DT9: 0 | DU9: 0 | DV9: 6 | DW9: 0 | DX9: 0 | DY9: 6 | DZ9: 0 | EA9: 0 | EB9: 0 | EC9: 0 | ED9: 0 | EE9: 0 | EF9: 0 | EG9: 0 | EH9: 0 | EI9: 0 | EJ9: 0 | EK9: 0 | EL9: 0 | EM9: 0 | EN9: 0 | EO9: 0 | EP9: 0 | EQ9: 0 | ER9: 0 | ES9: 0 | ET9: 0 | EU9: 0 | EV9: 0 | EW9: 0 | EX9: 0 | EY9: 0 | EZ9: 0 | FA9: 0 | FB9: 0 | FC9: 0 | FD9: 0 | FE9: 0 | FF9: 0 | FG9: 0 | FH9: 0 | FI9: 0 | FJ9: 0 | FK9: 0 | FL9: 0 | FM9: 0 | FN9: 0 | FO9: 0 | FP9: 0 | FQ9: 0 | FR9: 0 | FS9: 0 | FT9: 0 | FU9: 0 | FV9: 0 | FW9: 0 | FX9: 0 | FY9: 0 | FZ9: 0 | GA9: 0 | GB9: 0 | GC9: 0 | GD9: 0 | GE9: 0 | GF9: 0 | GG9: 0 | GH9: 0 | GI9: 0 | GJ9: 0 | GK9: 0 | GL9: 0 | GM9: 0 | GN9: 0 | GO9: 0 | GP9: 0 | GQ9: 0 | GR9: 0 | GS9: 0 | GT9: 0 | GU9: 0 | GV9: 0 | GW9: 0 | GX9: 0 | GY9: 0 | GZ9: 0 | HA9: 0 | HB9: 0 | HC9: 0 | HD9: 0 | HE9: 0 | HF9: 0 | HG9: 0 | HH9: 0 | HU9: =SUM(O9:HT9) -> 728.6
A10: 2 | C10: Zone 2 | D10: Lm. | F10: 0 | G10: 0 | H10: 0 | I10: 0 | J10: 0 | K10: 0 | L10: 0 | M10: =SUM(E10:L10) -> 0 | O10: 0 | P10: 0 | Q10: 0 | R10: 0 | S10: 0 | T10: 0 | U10: 0 | V10: 0 | W10: 0 | X10: 0 | Y10: 0 | Z10: 0 | AA10: 0 | AB10: 0 | AC10: 0 | AD10: 0 | AE10: 0 | AF10: 0 | AG10: 0 | AH10: 0 | AI10: 0 | AJ10: 0 | AK10: 0 | AL10: 0 | AM10: 0 | AN10: 0 | AO10: 0 | AP10: 0 | AR10: 4.5 | AS10: 0 | AT10: 0 | AU10: 0 | AV10: 0 | AW10: 0 | AX10: 0 | AY10: 0 | AZ10: 0 | BA10: 0 | BB10: 0 | BC10: 0 | BD10: 0 | BE10: 0 | BF10: 0 | BG10: 0 | BH10: 0 | BI10: 0 | BJ10: 0 | BK10: 0 | BL10: 0 | BM10: 0 | BN10: 0 | BO10: 0 | BP10: 0 | BQ10: 0 | BR10: 0 | BS10: 0 | BT10: 0 | BU10: 0 | BV10: 0 | BX10: 0 | BY10: 0 | BZ10: 0 | CA10: 0 | CB10: 0 | CC10: 0 | CD10: 0 | CE10: 0 | CF10: 0 | CG10: 0 | CH10: 0 | CI10: 0 | CJ10: 0 | CK10: 0 | CL10: 0 | CM10: 0 | CN10: 0 | CO10: 0 | CP10: 0 | CQ10: 0 | CR10: 0 | CS10: 0 | CT10: 0 | CU10: 0 | CV10: 0 | CW10: 0 | CX10: 0 | CY10: 0 | CZ10: 0 | DA10: 0 | DB10: 0 | DC10: 0 | DD10: 0 | DE10: 0 | DF10: 0 | DG10: 0 | DH10: 0 | DI10: 0 | DJ10: 0 | DK10: 0 | DL10: 0 | DM10: 0 | DN10: 0 | DO10: 0 | DP10: 0 | DQ10: 0 | DR10: 0 | DS10: 0 | DT10: 0 | DU10: 0 | DV10: 0 | DW10: 0 | DX10: 0 | DY10: 0 | DZ10: 0 | EA10: 0 | EB10: 0 | EC10: 0 | ED10: 0 | EE10: 0 | EF10: 0 | EG10: 0 | EH10: 0 | EI10: 0 | EJ10: 0 | EK10: 0 | EL10: 0 | EM10: 0 | EN10: 0 | EO10: 0 | EP10: 0 | EQ10: 0 | ER10: 0 | ES10: 0 | ET10: 0 | EU10: 0 | EV10: 0 | EW10: 0 | EX10: 0 | EY10: 0 | EZ10: 0 | FA10: 0 | FB10: 0 | FC10: 0 | FD10: 0 | FE10: 0 | FF10: 0 | FG10: 0 | FH10: 0 | FI10: 0 | FJ10: 0 | FK10: 0 | FL10: 0 | FM10: 0 | FN10: 0 | FO10: 0 | FP10: 0 | FQ10: 0 | FR10: 0 | FS10: 0 | FT10: 0 | FU10: 0 | FV10: 0 | FW10: 0 | FX10: 0 | FY10: 0 | FZ10: 0 | GA10: 0 | GB10: 0 | GC10: 0 | GD10: 0 | GE10: 0 | GF10: 0 | GG10: 0 | GH10: 0 | GI10: 0 | GJ10: 0 | GK10: 0 | GL10: 0 | GM10: 0 | GN10: 0 | GO10: 0 | GP10: 0 | GQ10: 0 | GR10: 0 | GS10: 0 | GT10: 0 | GU10: 0 | GV10: 0 | GW10: 0 | GX10: 0 | GY10: 0 | GZ10: 0 | HA10: 0 | HB10: 0 | HC10: 0 | HD10: 0 | HE10: 0 | HF10: 0 | HG10: 0 | HH10: 0 | HU10: =SUM(O10:HT10) -> 4.5
A11: 3 | C11: Zone 3 | D11: Lm. | F11: 0 | G11: 0 | H11: 0 | I11: 0 | J11: 0 | K11: 0 | L11: 0 | M11: =SUM(E11:L11) -> 0 | O11: 0 | P11: 0 | Q11: 0 | R11: 0 | S11: 0 | T11: 0 | U11: 0 | V11: 0 | W11: 0 | X11: 0 | Y11: 0 | Z11: 0 | AA11: 0 | AB11: 0 | AC11: 0 | AD11: 0 | AE11: 0 | AF11: 0 | AG11: 0 | AH11: 0 | AI11: 0 | AJ11: 0 | AK11: 0 | AL11: 0 | AM11: 0 | AN11: 0 | AO11: 0 | AP11: 0 | AR11: 0 | AS11: 0 | AT11: 0 | AU11: 0 | AV11: 0 | AW11: 0 | AX11: 0 | AY11: 0 | AZ11: 0 | BA11: 0 | BB11: 0 | BC11: 0 | BD11: 0 | BE11: 0 | BF11: 0 | BG11: 0 | BH11: 0 | BI11: 0 | BJ11: 0 | BK11: 0 | BL11: 0 | BM11: 0 | BN11: 0 | BO11: 0 | BP11: 0 | BQ11: 0 | BR11: 0 | BS11: 0 | BT11: 0 | BU11: 0 | BV11: 0 | BX11: 0 | BY11: 0 | BZ11: 0 | CA11: 0 | CB11: 0 | CC11: 0 | CD11: 22 | CE11: 0 | CF11: 0 | CG11: 0 | CH11: 0 | CI11: 0 | CJ11: 0 | CK11: 0 | CL11: 0 | CM11: 0 | CN11: 0 | CO11: 0 | CP11: 0 | CQ11: 0 | CR11: 0 | CS11: 0 | CT11: 0 | CU11: 0 | CV11: 0 | CW11: 0 | CX11: 0 | CY11: 0 | CZ11: 0 | DA11: 0 | DB11: 0 | DC11: 0 | DD11: 0 | DE11: 0 | DF11: 0 | DG11: 0 | DH11: 0 | DI11: 0 | DJ11: 0 | DK11: 0 | DL11: 0 | DM11: 0 | DN11: 0 | DO11: 0 | DP11: 0 | DQ11: 0 | DR11: 0 | DS11: 0 | DT11: 0 | DU11: 0 | DV11: 0 | DW11: 0 | DX11: 0 | DY11: 0 | DZ11: 0 | EA11: 0 | EB11: 0 | EC11: 0 | ED11: 0 | EE11: 0 | EF11: 0 | EG11: 0 | EH11: 0 | EI11: 0 | EJ11: 0 | EK11: 0 | EL11: 0 | EM11: 0 | EN11: 0 | EO11: 0 | EP11: 0 | EQ11: 0 | ER11: 0 | ES11: 0 | ET11: 0 | EU11: 0 | EV11: 0 | EW11: 0 | EX11: 0 | EY11: 0 | EZ11: 0 | FA11: 0 | FB11: 0 | FC11: 0 | FD11: 0 | FE11: 0 | FF11: 0 | FG11: 0 | FH11: 0 | FI11: 0 | FJ11: 0 | FK11: 0 | FL11: 0 | FM11: 0 | FN11: 0 | FO11: 0 | FP11: 0 | FQ11: 0 | FR11: 0 | FS11: 0 | FT11: 0 | FU11: 0 | FV11: 0 | FW11: 0 | FX11: 0 | FY11: 0 | FZ11: 0 | GA11: 0 | GB11: 0 | GC11: 0 | GD11: 0 | GE11: 0 | GF11: 0 | GG11: 0 | GH11: 0 | GI11: 0 | GJ11: 0 | GK11: 0 | GL11: 0 | GM11: 0 | GN11: 0 | GO11: 0 | GP11: 0 | GQ11: 0 | GR11: 0 | GS11: 0 | GT11: 0 | GU11: 0 | GV11: 0 | GW11: 0 | GX11: 0 | GY11: 0 | GZ11: 0 | HA11: 0 | HB11: 0 | HC11: 0 | HD11: 0 | HE11: 0 | HF11: 0 | HG11: 0 | HH11: 0 | HU11: =SUM(O11:HT11) -> 22
A12: 4 | C12: Zone 4 | D12: Lm. | F12: 0 | G12: 0 | H12: 0 | I12: 0 | J12: 0 | K12: 0 | L12: 0 | M12: =SUM(E12:L12) -> 0 | O12: 0 | P12: 0 | Q12: 0 | R12: 0 | S12: 0 | T12: 0 | U12: 0 | V12: 14 | W12: 0 | X12: 4.15 | Y12: 0 | Z12: 0 | AA12: 0 | AB12: 0 | AC12: 0 | AD12: 0 | AE12: 12.4 | AF12: 0 | AG12: 0 | AH12: 0 | AI12: 0 | AJ12: 0 | AK12: 0 | AL12: 0 | AM12: 10 | AN12: 10 | AO12: 0 | AP12: 0 | AR12: 0 | AS12: 0 | AT12: 17.5 | AU12: 0 | AV12: 4 | AW12: 0 | AX12: 0 | AY12: 5 | AZ12: 0 | BA12: 0 | BB12: 0 | BC12: 0 | BD12: 0 | BE12: 0 | BF12: 0 | BG12: 0 | BH12: 0 | BI12: 0 | BJ12: 0 | BK12: 0 | BL12: 0 | BM12: 0 | BN12: 0 | BO12: 0 | BP12: 0 | BQ12: 0 | BR12: 0 | BS12: 0 | BT12: 0 | BU12: 0 | BV12: 0 | BX12: 0 | BY12: 0 | BZ12: 0 | CA12: 0 | CB12: 0 | CC12: 0 | CD12: 0 | CE12: 0 | CF12: 0 | CG12: 0 | CH12: 0 | CI12: 0 | CJ12: 0 | CK12: 0 | CL12: 0 | CM12: 0 | CN12: 0 | CO12: 0 | CP12: 0 | CQ12: 0 | CR12: 0 | CS12: 0 | CT12: 0 | CU12: 0 | CV12: 0 | CW12: 0 | CX12: 0 | CY12: 0 | CZ12: 0 | DA12: 0 | DB12: 0 | DC12: 0 | DD12: 0 | DE12: 0 | DF12: 0 | DG12: 0 | DH12: 0 | DI12: 0 | DJ12: 0 | DK12: 0 | DL12: 0 | DM12: 0 | DN12: 0 | DO12: 0 | DP12: 0 | DQ12: 0 | DR12: 0 | DS12: 0 | DT12: 0 | DU12: 0 | DV12: 0 | DW12: 0 | DX12: 0 | DY12: 0 | DZ12: 0 | EA12: 0 | EB12: 0 | EC12: 0 | ED12: 0 | EE12: 0 | EF12: 0 | EG12: 0 | EH12: 0 | EI12: 0 | EJ12: 0 | EK12: 0 | EL12: 0 | EM12: 0 | EN12: 0 | EO12: 0 | EP12: 0 | EQ12: 0 | ER12: 0 | ES12: 0 | ET12: 0 | EU12: 0 | EV12: 0 | EW12: 0 | EX12: 0 | EY12: 0 | EZ12: 0 | FA12: 0 | FB12: 0 | FC12: 0 | FD12: 0 | FE12: 0 | FF12: 0 | FG12: 0 | FH12: 0 | FI12: 0 | FJ12: 0 | FK12: 0 | FL12: 0 | FM12: 0 | FN12: 0 | FO12: 0 | FP12: 0 | FQ12: 0 | FR12: 0 | FS12: 0 | FT12: 0 | FU12: 0 | FV12: 0 | FW12: 0 | FX12: 0 | FY12: 0 | FZ12: 0 | GA12: 0 | GB12: 0 | GC12: 0 | GD12: 0 | GE12: 0 | GF12: 0 | GG12: 0 | GH12: 0 | GI12: 0 | GJ12: 0 | GK12: 0 | GL12: 0 | GM12: 0 | GN12: 0 | GO12: 0 | GP12: 0 | GQ12: 0 | GR12: 0 | GS12: 0 | GT12: 0 | GU12: 0 | GV12: 0 | GW12: 0 | GX12: 0 | GY12: 0 | GZ12: 0 | HA12: 0 | HB12: 0 | HC12: 0 | HD12: 0 | HE12: 0 | HF12: 0 | HG12: 0 | HH12: 0 | HU12: =SUM(O12:HT12) -> 77.05
A13: 5 | C13: Zone 5 | D13: Lm. | F13: 0 | G13: 0 | H13: 15.8 | I13: 0 | J13: 0 | K13: 0 | L13: 0 | M13: =SUM(E13:L13) -> 15.8 | O13: 0 | P13: 10.2 | Q13: 0 | R13: 0 | S13: 0 | T13: 0 | U13: 0 | V13: 40.2 | W13: 0 | X13: 0 | Y13: 0 | Z13: 2 | AA13: 0 | AB13: 0 | AC13: 0 | AD13: 23 | AE13: 0 | AF13: 0 | AG13: 0 | AH13: 0 | AI13: 0 | AJ13: 0 | AK13: 0 | AL13: 0 | AM13: 9 | AN13: 74.1 | AO13: 0 | AP13: 0 | AR13: 0 | AS13: 0 | AT13: 0 | AU13: 6.1 | AV13: 0 | AW13: 0 | AX13: 16 | AY13: 0 | AZ13: 0 | BA13: 19.5 | BB13: 14.6 | BC13: 14 | BD13: 0 | BE13: 0 | BF13: 21.5 | BG13: 16.4 | BH13: 0 | BI13: 18 | BJ13: 0 | BK13: 0 | BL13: 0 | BM13: 0 | BN13: 0 | BO13: 0 | BP13: 0 | BQ13: 0 | BR13: 0 | BS13: 0 | BT13: 0 | BU13: 12.7 | BV13: 0 | BX13: 17 | BY13: 0 | BZ13: 0 | CA13: 0 | CB13: 0 | CC13: 0 | CD13: 58 | CE13: 3 | CF13: 0 | CG13: 0 | CH13: 11 | CI13: 0 | CJ13: 0 | CK13: 0 | CL13: 0 | CM13: 30 | CN13: 0 | CO13: 0 | CP13: 0 | CQ13: 0 | CR13: 0 | CS13: 0 | CT13: 0 | CU13: 0 | CV13: 0 | CW13: 0 | CX13: 0 | CY13: 0 | CZ13: 0 | DA13: 0 | DB13: 0 | DC13: 0 | DD13: 0 | DE13: 0 | DF13: 0 | DG13: 0 | DH13: 0 | DI13: 0 | DJ13: 0 | DK13: 0 | DL13: 0 | DM13: 0 | DN13: 0 | DO13: 0 | DP13: 0 | DQ13: 0 | DR13: 0 | DS13: 0 | DT13: 0 | DU13: 0 | DV13: 0 | DW13: 0 | DX13: 0 | DY13: 0 | DZ13: 0 | EA13: 0 | EB13: 0 | EC13: 0 | ED13: 0 | EE13: 0 | EF13: 0 | EG13: 0 | EH13: 0 | EI13: 0 | EJ13: 0 | EK13: 0 | EL13: 0 | EM13: 0 | EN13: 0 | EO13: 0 | EP13: 0 | EQ13: 0 | ER13: 0 | ES13: 0 | ET13: 0 | EU13: 0 | EV13: 0 | EW13: 0 | EX13: 0 | EY13: 0 | EZ13: 0 | FA13: 0 | FB13: 0 | FC13: 0 | FD13: 0 | FE13: 0 | FF13: 0 | FG13: 0 | FH13: 0 | FI13: 0 | FJ13: 0 | FK13: 0 | FL13: 0 | FM13: 0 | FN13: 0 | FO13: 0 | FP13: 0 | FQ13: 0 | FR13: 0 | FS13: 0 | FT13: 0 | FU13: 0 | FV13: 0 | FW13: 0 | FX13: 0 | FY13: 0 | FZ13: 0 | GA13: 0 | GB13: 0 | GC13: 0 | GD13: 0 | GE13: 0 | GF13: 0 | GG13: 0 | GH13: 0 | GI13: 0 | GJ13: 0 | GK13: 0 | GL13: 0 | GM13: 0 | GN13: 0 | GO13: 0 | GP13: 0 | GQ13: 0 | GR13: 0 | GS13: 0 | GT13: 0 | GU13: 0 | GV13: 0 | GW13: 0 | GX13: 0 | GY13: 0 | GZ13: 0 | HA13: 0 | HB13: 0 | HC13: 0 | HD13: 0 | HE13: 0 | HF13: 0 | HG13: 0 | HH13: 0 | HU13: =SUM(O13:HT13) -> 416.3
A14: 6 | C14: Zone 6 | D14: Lm. | E14: 7.5 | F14: 0 | G14: 0 | H14: 0 | I14: 0 | J14: 0 | K14: 0 | L14: 0 | M14: =SUM(E14:L14) -> 7.5 | O14: 0 | P14: 0 | Q14: 0 | R14: 0 | S14: 0 | T14: 0 | U14: 0 | V14: 0 | W14: 0 | X14: 0 | Y14: 0 | Z14: 0 | AA14: 0 | AB14: 0 | AC14: 4 | AD14: 0 | AE14: 0 | AF14: 0 | AG14: 0 | AH14: 0 | AI14: 0 | AJ14: 0 | AK14: 0 | AL14: 0 | AM14: 0 | AN14: 0 | AO14: 0 | AP14: 0 | AR14: 0 | AS14: 0 | AT14: 0 | AU14: 0 | AV14: 0 | AW14: 0 | AX14: 0 | AY14: 0 | AZ14: 0 | BA14: 0 | BB14: 0 | BC14: 0 | BD14: 0 | BE14: 0 | BF14: 0 | BG14: 0 | BH14: 0 | BI14: 0 | BJ14: 0 | BK14: 0 | BL14: 0 | BM14: 0 | BN14: 0 | BO14: 0 | BP14: 0 | BQ14: 0 | BR14: 0 | BS14: 0 | BT14: 0 | BU14: 0 | BV14: 0 | BX14: 0 | BY14: 0 | BZ14: 0 | CA14: 0 | CB14: 0 | CC14: 0 | CD14: 0 | CE14: 0 | CF14: 0 | CG14: 0 | CH14: 0 | CI14: 0 | CJ14: 0 | CK14: 0 | CL14: 0 | CM14: 0 | CN14: 0 | CO14: 0 | CP14: 0 | CQ14: 0 | CR14: 0 | CS14: 0 | CT14: 0 | CU14: 0 | CV14: 0 | CW14: 0 | CX14: 0 | CY14: 0 | CZ14: 0 | DA14: 0 | DB14: 0 | DC14: 0 | DD14: 0 | DE14: 0 | DF14: 0 | DG14: 0 | DH14: 0 | DI14: 0 | DJ14: 0 | DK14: 0 | DL14: 0 | DM14: 0 | DN14: 0 | DO14: 0 | DP14: 0 | DQ14: 0 | DR14: 0 | DS14: 0 | DT14: 0 | DU14: 0 | DV14: 0 | DW14: 0 | DX14: 0 | DY14: 0 | DZ14: 0 | EA14: 0 | EB14: 0 | EC14: 0 | ED14: 0 | EE14: 0 | EF14: 0 | EG14: 0 | EH14: 0 | EI14: 0 | EJ14: 0 | EK14: 0 | EL14: 0 | EM14: 0 | EN14: 0 | EO14: 0 | EP14: 0 | EQ14: 0 | ER14: 0 | ES14: 0 | ET14: 0 | EU14: 0 | EV14: 0 | EW14: 0 | EX14: 0 | EY14: 0 | EZ14: 0 | FA14: 0 | FB14: 0 | FC14: 0 | FD14: 0 | FE14: 0 | FF14: 0 | FG14: 0 | FH14: 0 | FI14: 0 | FJ14: 0 | FK14: 0 | FL14: 0 | FM14: 0 | FN14: 0 | FO14: 0 | FP14: 0 | FQ14: 0 | FR14: 0 | FS14: 0 | FT14: 0 | FU14: 0 | FV14: 0 | FW14: 0 | FX14: 0 | FY14: 0 | FZ14: 0 | GA14: 0 | GB14: 0 | GC14: 0 | GD14: 0 | GE14: 0 | GF14: 0 | GG14: 0 | GH14: 0 | GI14: 0 | GJ14: 0 | GK14: 0 | GL14: 0 | GM14: 0 | GN14: 0 | GO14: 0 | GP14: 0 | GQ14: 0 | GR14: 0 | GS14: 0 | GT14: 0 | GU14: 0 | GV14: 0 | GW14: 0 | GX14: 0 | GY14: 0 | GZ14: 0 | HA14: 0 | HB14: 0 | HC14: 0 | HD14: 0 | HE14: 0 | HF14: 0 | HG14: 0 | HH14: 0 | HU14: =SUM(O14:HT14) -> 4
A15: 7 | C15: Zone 7 | D15: Lm. | F15: 0 | G15: 0 | H15: 0 | I15: 0 | J15: 0 | K15: 0 | L15: 0 | M15: =SUM(E15:L15) -> 0 | O15: 0 | P15: 0 | Q15: 0 | R15: 0 | S15: 0 | T15: 0 | U15: 0 | V15: 0 | W15: 0 | X15: 0 | Y15: 0 | Z15: 0 | AA15: 0 | AB15: 0 | AC15: 0 | AD15: 0 | AE15: 0 | AF15: 0 | AG15: 0 | AH15: 0 | AI15: 0 | AJ15: 0 | AK15: 0 | AL15: 0 | AM15: 0 | AN15: 0 | AO15: 0 | AP15: 0 | AR15: 0 | AS15: 0 | AT15: 0 | AU15: 0 | AV15: 0 | AW15: 0 | AX15: 0 | AY15: 0 | AZ15: 0 | BA15: 0 | BB15: 0 | BC15: 23 | BD15: 0 | BE15: 0 | BF15: 0 | BG15: 0 | BH15: 18.1 | BI15: 0 | BJ15: 0 | BK15: 0 | BL15: 0 | BM15: 0 | BN15: 0 | BO15: 0 | BP15: 0 | BQ15: 0 | BR15: 0 | BS15: 0 | BT15: 0 | BU15: 81 | BV15: 0 | BX15: 0 | BY15: 0 | BZ15: 0 | CA15: 0 | CB15: 0 | CC15: 0 | CD15: 0 | CE15: 0 | CF15: 0 | CG15: 0 | CH15: 0 | CI15: 0 | CJ15: 0 | CK15: 0 | CL15: 0 | CM15: 0 | CN15: 0 | CO15: 0 | CP15: 0 | CQ15: 0 | CR15: 0 | CS15: 0 | CT15: 0 | CU15: 0 | CV15: 0 | CW15: 0 | CX15: 0 | CY15: 0 | CZ15: 0 | DA15: 0 | DB15: 0 | DC15: 0 | DD15: 0 | DE15: 0 | DF15: 0 | DG15: 0 | DH15: 0 | DI15: 0 | DJ15: 0 | DK15: 0 | DL15: 0 | DM15: 0 | DN15: 0 | DO15: 0 | DP15: 0 | DQ15: 0 | DR15: 0 | DS15: 0 | DT15: 0 | DU15: 0 | DV15: 0 | DW15: 0 | DX15: 0 | DY15: 0 | DZ15: 0 | EA15: 0 | EB15: 0 | EC15: 0 | ED15: 0 | EE15: 0 | EF15: 0 | EG15: 0 | EH15: 0 | EI15: 0 | EJ15: 0 | EK15: 0 | EL15: 0 | EM15: 0 | EN15: 0 | EO15: 0 | EP15: 0 | EQ15: 0 | ER15: 0 | ES15: 0 | ET15: 0 | EU15: 0 | EV15: 0 | EW15: 0 | EX15: 0 | EY15: 0 | EZ15: 0 | FA15: 0 | FB15: 0 | FC15: 0 | FD15: 0 | FE15: 0 | FF15: 0 | FG15: 0 | FH15: 0 | FI15: 0 | FJ15: 0 | FK15: 0 | FL15: 0 | FM15: 0 | FN15: 0 | FO15: 0 | FP15: 0 | FQ15: 0 | FR15: 0 | FS15: 0 | FT15: 0 | FU15: 0 | FV15: 0 | FW15: 0 | FX15: 0 | FY15: 0 | FZ15: 0 | GA15: 0 | GB15: 0 | GC15: 0 | GD15: 0 | GE15: 0 | GF15: 0 | GG15: 0 | GH15: 0 | GI15: 0 | GJ15: 0 | GK15: 0 | GL15: 0 | GM15: 0 | GN15: 0 | GO15: 0 | GP15: 0 | GQ15: 0 | GR15: 0 | GS15: 0 | GT15: 0 | GU15: 0 | GV15: 0 | GW15: 0 | GX15: 0 | GY15: 0 | GZ15: 0 | HA15: 0 | HB15: 0 | HC15: 0 | HD15: 0 | HE15: 0 | HF15: 0 | HG15: 0 | HH15: 0 | HU15: =SUM(O15:HT15) -> 122.1
A16: 8 | C16: Zone 8 | D16: Lm. | E16: 21 | F16: 0 | G16: 0 | H16: 0 | I16: 34.6 | J16: 0 | K16: 0 | L16: 0 | M16: =SUM(E16:L16) -> 55.6 | O16: 0 | P16: 0 | Q16: 0 | R16: 0 | S16: 0 | T16: 0 | U16: 0 | V16: 24 | W16: 0 | X16: 0 | Y16: 0 | Z16: 0 | AA16: 0 | AB16: 8.2 | AC16: 0 | AD16: 0 | AE16: 0 | AF16: 0 | AG16: 88 | AH16: 0 | AI16: 0 | AJ16: 0 | AK16: 0 | AL16: 0 | AM16: 0 | AN16: 0 | AO16: 0 | AP16: 0 | AR16: 0 | AS16: 0 | AT16: 0 | AU16: 0 | AV16: 0 | AW16: 0 | AX16: 0 | AY16: 0 | AZ16: 0 | BA16: 0 | BB16: 0 | BC16: 0 | BD16: 0 | BE16: 0 | BF16: 0 | BG16: 0 | BH16: 9.8 | BI16: 0 | BJ16: 0 | BK16: 0 | BL16: 0 | BM16: 0 | BN16: 0 | BO16: 0 | BP16: 11 | BQ16: 0 | BR16: 0 | BS16: 0 | BT16: 0 | BU16: 0 | BV16: 0 | BX16: 17.1 | BY16: 0 | BZ16: 0 | CA16: 0 | CB16: 0 | CC16: 0 | CD16: 0 | CE16: 0 | CF16: 0 | CG16: 0 | CH16: 0 | CI16: 0 | CJ16: 0 | CK16: 0 | CL16: 0 | CM16: 10 | CN16: 0 | CO16: 0 | CP16: 0 | CQ16: 0 | CR16: 0 | CS16: 0 | CT16: 0 | CU16: 0 | CV16: 0 | CW16: 0 | CX16: 0 | CY16: 4 | CZ16: 0 | DA16: 0 | DB16: 0 | DC16: 0 | DD16: 0 | DE16: 0 | DF16: 0 | DG16: 0 | DH16: 0 | DI16: 0 | DJ16: 0 | DK16: 0 | DL16: 0 | DM16: 0 | DN16: 0 | DO16: 0 | DP16: 0 | DQ16: 0 | DR16: 0 | DS16: 0 | DT16: 0 | DU16: 0 | DV16: 0 | DW16: 0 | DX16: 0 | DY16: 6 | DZ16: 0 | EA16: 0 | EB16: 0 | EC16: 0 | ED16: 0 | EE16: 0 | EF16: 0 | EG16: 0 | EH16: 0 | EI16: 0 | EJ16: 0 | EK16: 0 | EL16: 0 | EM16: 0 | EN16: 0 | EO16: 0 | EP16: 0 | EQ16: 0 | ER16: 0 | ES16: 0 | ET16: 10 | EU16: 0 | EV16: 0 | EW16: 0 | EX16: 0 | EY16: 0 | EZ16: 12.3 | FA16: 0 | FB16: 0 | FC16: 0 | FD16: 0 | FE16: 0 | FF16: 0 | FG16: 0 | FH16: 0 | FI16: 0 | FJ16: 0 | FK16: 0 | FL16: 0 | FM16: 0 | FN16: 0 | FO16: 0 | FP16: 0 | FQ16: 0 | FR16: 0 | FS16: 0 | FT16: 0 | FU16: 0 | FV16: 0 | FW16: 0 | FX16: 0 | FY16: 0 | FZ16: 0 | GA16: 0 | GB16: 0 | GC16: 0 | GD16: 0 | GE16: 0 | GF16: 0 | GG16: 0 | GH16: 0 | GI16: 0 | GJ16: 0 | GK16: 0 | GL16: 0 | GM16: 0 | GN16: 0 | GO16: 0 | GP16: 0 | GQ16: 0 | GR16: 0 | GS16: 0 | GT16: 0 | GU16: 0 | GV16: 0 | GW16: 0 | GX16: 0 | GY16: 0 | GZ16: 0 | HA16: 0 | HB16: 0 | HC16: 0 | HD16: 0 | HE16: 0 | HF16: 0 | HG16: 0 | HH16: 0 | HU16: =SUM(O16:HT16) -> 200.4
