Workbook

Sheet Cast In Situ Tracker
A1: Diriyah II Management Contracting – Opera Block DD-2023-329
A3: Concrete Tracker
X4: Batching Plant | AB4: Fresh Concrete Test (at Checkpoint) | AM4: Compressive Strength 3 days | AX4: Compressive Strength 7 days | BI4: Compressive Strength 14 days | BT4: Compressive Strength 28 days | CF4: Opening Time of Formwork
X5: Departure Time | Y5: Temperature (Each mixer) C | Z5: Flow Each Mixer (each mixer) (mm) | AB5: Report Number | AC5: Temperature (Each mixer) C | AD5: Flow/ Slump Each Mixer (each mixer) (mm) | AE5: Air Content Test % | AF5: Density Test kg/m3 | AG5: Setting Time Of Concrete | AI5: Report Number | AJ5: Setting Time of Concrete | AM5: Crush Date for 4 Days CS. | AN5: WIR No. For 4 Days CS. | AO5: Report Number | AP5: CYLINDERS | AX5: Crush Date for 7 Days CS. | AY5: WIR No. For 7 Days CS. | AZ5: Report Number | BA5: CYLINDERS | BI5: Crush Date for 7 Days CS. | BJ5: WIR No. For 7 Days CS. | BK5: Report Number | BL5: CYLINDERS | BT5: Crush Date for 28 Days CS. | BU5: WIR No. For 28 Days CS. | BV5: Report Number | BW5: CYLINDERS | CE5: Draft Report | CF5: Duration | CK5: Result (MPa)
A6: S.No. | B6: CAP No. | C6: WIR No. | D6: Element and Inspection Description | E6: Grids/ Locations | F6: Building Area | G6: Zone | H6: Basement/Floor | I6: Permanent Works / Temporary Works | J6: Truck Number | K6: Ticket Number | L6: Date of Casting | M6: Third Party | N6: Concrete Suppiler | O6: Concrete Name | P6: Area | Q6: Concrete Quantity (m3) | R6: Batch Plant No. | S6: Sample Taken | T6: Casting Type | U6: REJECTED DUE TO JV ISSUE (m3) | V6: REMARKS | AJ6: Initial Setting Time (500 psi) | AK6: Final Setting Time (4000 psi) | AP6: 3 Days | AV6: 4 Day Avarage | BA6: 7 Days | BG6: 7 Day Avarage | BL6: 7 Days | BR6: 7 Day Avarage | BW6: 28 Days | CC6: 28 Days Avarage
A7: 1 | B7: - | C7: BV-BSW-105-0000-ECM-WIR-CE-000003 | D7: Blinding Concrete | E7: Mess Hall 2 | F7: Opera House | I7: Temporary Works | J7: 84712 | K7: 93617 | L7: 45855 | M7: Aces | N7: Saudi RM | O7: C-10 SRC (150±40mm Slump) | P7: Blinding | Q7: 10 | R7: RM 109 | T7: Temporary | AB7: RH.MCR25006530 | AC7: 24 | AD7: 180 | AE7: - | AF7: - | AM7: =L7+3 -> 45858 | AX7: =IF(L7=0, 0,L7+7) -> 45862 | BT7: =IF(L7=0, 0, L7+28) -> 45883
A8: 2 | B8: - | C8: BV-BSW-105-0000-ECM-WIR-CE-000003 | D8: Blinding Concrete | E8: Mess Hall 2 | F8: Opera House | I8: Temporary Works | J8: 82512 | K8: 93619 | L8: 45855 | M8: Aces | N8: Saudi RM | O8: C-10 SRC (150±40mm Slump) | P8: Blinding | Q8: 10 | R8: RM 109 | T8: Temporary | AC8: 23 | AD8: 190 | AE8: - | AF8: - | AM8: =L8+3 -> 45858 | AX8: =IF(L8=0, 0,L8+7) -> 45862 | BT8: =IF(L8=0, 0, L8+28) -> 45883
A9: 3 | B9: - | C9: BV-BSW-105-0000-ECM-WIR-CE-000003 | D9: Blinding Concrete | E9: Mess Hall 2 | F9: Opera House | I9: Temporary Works | J9: 84712 | K9: 93620 | L9: 45855 | M9: Aces | N9: Saudi RM | O9: C-10 SRC (150±40mm Slump) | P9: Blinding | Q9: 10 | R9: RM 109 | T9: Temporary | AC9: 25 | AD9: 170 | AE9: - | AF9: - | AM9: =L9+3 -> 45858 | AX9: =IF(L9=0, 0,L9+7) -> 45862 | BT9: =IF(L9=0, 0, L9+28) -> 45883
A10: 4 | B10: - | C10: BV-BSW-105-0000-ECM-WIR-CE-000003 | D10: Blinding Concrete | E10: Mess Hall 2 | F10: Opera House | I10: Temporary Works | J10: 82312 | K10: 93621 | L10: 45855 | M10: Aces | N10: Saudi RM | O10: C-10 SRC (150±40mm Slump) | P10: Blinding | Q10: 10 | R10: RM 109 | T10: Temporary | AC10: 25 | AD10: 180 | AE10: - | AF10: - | AM10: =L10+3 -> 45858 | AX10: =IF(L10=0, 0,L10+7) -> 45862 | BT10: =IF(L10=0, 0, L10+28) -> 45883
A11: 5 | B11: - | C11: BV-BSW-105-0000-ECM-WIR-CE-000003 | D11: Blinding Concrete | E11: Mess Hall 2 | F11: Opera House | I11: Temporary Works | J11: 77112 | K11: 93623 | L11: 45855 | M11: Aces | N11: Saudi RM | O11: C-10 SRC (150±40mm Slump) | P11: Blinding | Q11: 10 | R11: RM 109 | S11: 6 | T11: Temporary | AC11: 24 | AD11: 180 | AE11: - | AF11: - | AM11: =L11+3 -> 45858 | AX11: =IF(L11=0, 0,L11+7) -> 45862 | BT11: =IF(L11=0, 0, L11+28) -> 45883
A12: 6 | B12: - | C12: BV-BSW-105-0000-ECM-WIR-CE-000003 | D12: Blinding Concrete | E12: Mess Hall 2 | F12: Opera House | I12: Temporary Works | J12: 83812 | K12: 93624 | L12: 45855 | M12: Aces | N12: Saudi RM | O12: C-10 SRC (150±40mm Slump) | P12: Blinding | Q12: 5 | R12: RM 109 | T12: Temporary | AC12: 25 | AD12: 180 | AE12: - | AF12: - | AM12: =L12+3 -> 45858 | AX12: =IF(L12=0, 0,L12+7) -> 45862 | BT12: =IF(L12=0, 0, L12+28) -> 45883
A13: 7 | B13: - | C13: BV-BSW-105-0000-ECM-WIR-CE-000004 | D13: Blinding Concrete | E13: Mess Hall 2 | F13: Opera House | I13: Temporary Works | J13: 82812 | K13: 84660 | L13: 45858 | M13: Aces | N13: Saudi RM | O13: C-10 SRC (150±40mm Slump) | P13: Blinding | Q13: 10 | R13: RM 109 | S13: 2 | T13: Temporary | AB13: RH.MCR25008597 | AC13: 29.5 | AD13: 160 | AE13: - | AF13: - | AM13: =L13+3 -> 45861 | AX13: =IF(L13=0, 0,L13+7) -> 45865 | AY13: WIR-CE-000004 | AZ13: RH.MCR25008597@7 | BA13: 13.1 | BB13: 13.9 | BC13: 15.1 | BG13: =AVERAGE(BA13:BC17) -> 14.033333 | BT13: =IF(L13=0, 0, L13+28) -> 45886 | BU13: WIR-CE-000004 | BV13: RH.MCR25008597@28 | BW13: 29.8 | BX13: 29.7 | BY13: 38.9 | CC13: =AVERAGE(BW13:BY17) -> 32.8
A14: 8 | B14: - | C14: BV-BSW-105-0000-ECM-WIR-CE-000004 | D14: Blinding Concrete | E14: Mess Hall 2 | F14: Opera House | I14: Temporary Works | J14: 83012 | K14: 84659 | L14: 45858 | M14: Aces | N14: Saudi RM | O14: C-10 SRC (150±40mm Slump) | P14: Blinding | Q14: 11 | R14: RM 109 | S14: 2 | T14: Temporary | AC14: 29.6 | AD14: 135 | AE14: - | AF14: - | AM14: =L14+3 -> 45861 | AX14: =IF(L14=0, 0,L14+7) -> 45865 | AY14: WIR-CE-000004 | BT14: =IF(L14=0, 0, L14+28) -> 45886 | BU14: WIR-CE-000004
A15: 9 | B15: - | C15: BV-BSW-105-0000-ECM-WIR-CE-000004 | D15: Blinding Concrete | E15: Mess Hall 2 | F15: Opera House | I15: Temporary Works | J15: 82612 | K15: 84661 | L15: 45858 | M15: Aces | N15: Saudi RM | O15: C-10 SRC (150±40mm Slump) | P15: Blinding | Q15: 11 | R15: RM 109 | T15: Temporary | AC15: 28.5 | AD15: 140 | AE15: - | AF15: - | AM15: =L15+3 -> 45861 | AX15: =IF(L15=0, 0,L15+7) -> 45865 | AY15: WIR-CE-000004 | BT15: =IF(L15=0, 0, L15+28) -> 45886 | BU15: WIR-CE-000004
A16: 10 | B16: - | C16: BV-BSW-105-0000-ECM-WIR-CE-000004 | D16: Blinding Concrete | E16: Mess Hall 2 | F16: Opera House | I16: Temporary Works | J16: 83412 | K16: 84662 | L16: 45858 | M16: Aces | N16: Saudi RM | O16: C-10 SRC (150±40mm Slump) | P16: Blinding | Q16: 11 | R16: RM 109 | S16: 2 | T16: Temporary | AC16: 29.2 | AD16: 130 | AE16: - | AF16: - | AM16: =L16+3 -> 45861 | AX16: =IF(L16=0, 0,L16+7) -> 45865 | AY16: WIR-CE-000004 | BT16: =IF(L16=0, 0, L16+28) -> 45886 | BU16: WIR-CE-000004
A17: 11 | B17: - | C17: BV-BSW-105-0000-ECM-WIR-CE-000004 | D17: Blinding Concrete | E17: Mess Hall 2 | F17: Opera House | I17: Temporary Works | J17: 84812 | K17: 84663 | L17: 45858 | M17: Aces | N17: Saudi RM | O17: C-10 SRC (150±40mm Slump) | P17: Blinding | Q17: 11 | R17: RM 109 | T17: Temporary | AC17: 28 | AD17: 160 | AE17: - | AF17: - | AM17: =L17+3 -> 45861 | AX17: =IF(L17=0, 0,L17+7) -> 45865 | AY17: WIR-CE-000004 | BT17: =IF(L17=0, 0, L17+28) -> 45886 | BU17: WIR-CE-000004
A18: 12 | B18: - | C18: N/A | D18: Concrete Blocks | E18: Offices Foundation | F18: Opera House | I18: Temporary Works | J18: 83812 | K18: 84434 | L18: 45861 | M18: Aces | N18: Saudi RM | O18: C-40 OPC {200±40mm Slump) | P18: Blinding | Q18: 5 | R18: RM 109 | T18: Temporary | AC18: - | AD18: - | AE18: - | AF18: - | AM18: =L18+3 -> 45864 | AX18: =IF(L18=0, 0,L18+7) -> 45868 | BT18: =IF(L18=0, 0, L18+28) -> 45889
A19: 13 | B19: - | C19: BV-BSW-105-0000-ECM-WIR-CE-000005 | D19: Trial Mix | E19: SRM Batch Plant | F19: Opera House | I19: Trial Mix | J19: 66010 | K19: 84503 | L19: 45862 | M19: Aces | N19: Saudi RM | O19: C-10 SRC (150±40mm Slump) | P19: Blinding | Q19: 3 | R19: RM 109 | S19: 12 | T19: Trial | AB19: RH.MCR25007345 | AC19: 18 | AD19: 215 | AE19: 1.9 | AF19: 2387 | AI19: RH.MMR25040243 | AJ19: 6 hrs 20 min | AK19: 8 hrs 12 min | AM19: =L19+3 -> 45865 | AN19: WIR-CE-000005 | AO19: RH.MCR25007345@3 | AP19: 11 | AQ19: 11.5 | AR19: 11.3 | AV19: =AVERAGE(AP19:AU19) -> 11.266667 | AX19: =IF(L19=0, 0,L19+7) -> 45869 | AY19: WIR-CE-000005 | AZ19: RH.MCR25007345@7 | BA19: 14.5 | BB19: 14.9 | BC19: 15.2 | BG19: =AVERAGE(BA19:BF19) -> 14.866667 | BT19: =IF(L19=0, 0, L19+28) -> 45890 | BU19: WIR-CE-000005 | BV19: RH.MCR25007345@28 | BW19: 18.2 | BX19: 19.6 | BY19: 18 | CC19: =+AVERAGE(BW19:BY19) -> 18.6
A20: 14 | B20: - | C20: BV-BSW-105-0000-ECM-WIR-CE-000005 | D20: Trial Mix | E20: SRM Batch Plant | F20: Opera House | I20: Trial Mix | J20: 84612 | K20: 84508 | L20: 45862 | M20: Aces | N20: Saudi RM | O20: C-10 SRC (150±40mm Slump) | P20: Blinding | Q20: 3 | R20: RM 109 | S20: 12 | T20: Trial | AC20: 20.5 | AD20: 200 | AE20: 1.6 | AF20: 2391 | AM20: =L20+3 -> 45865 | AN20: WIR-CE-000005 | AO20: RH.MCR25007346@3 | AP20: 11.2 | AQ20: 11.5 | AR20: 11.4 | AV20: =AVERAGE(AP20:AU20) -> 11.366667 | AX20: =IF(L20=0, 0,L20+7) -> 45869 | AY20: WIR-CE-000005 | AZ20: RH.MCR25007346@7 | BA20: 14.6 | BB20: 16.1 | BC20: 15.4 | BG20: =AVERAGE(BA20:BF20) -> 15.366667 | BT20: =IF(L20=0, 0, L20+28) -> 45890 | BU20: WIR-CE-000005 | BV20: RH.MCR25007346@28 | BW20: 21.7 | BX20: 19.5 | BY20: 19.4 | CC20: =+AVERAGE(BW20:BY20) -> 20.2
A21: 15 | B21: - | C21: BV-BSW-105-0000-ECM-WIR-CE-000005 | D21: Trial Mix | E21: SRM Batch Plant | F21: Opera House | I21: Trial Mix | J21: 83012 | K21: 84515 | L21: 45862 | M21: Aces | N21: Saudi RM | O21: C-10 SRC (150±40mm Slump) | P21: Blinding | Q21: 3 | R21: RM 109 | S21: 12 | T21: Trial | AC21: 20.5 | AD21: 220 | AE21: 1.2 | AF21: 2402 | AM21: =L21+3 -> 45865 | AN21: WIR-CE-000005 | AO21: RH.MCR25007347@3 | AP21: 12.3 | AQ21: 11.7 | AR21: 11.9 | AV21: =AVERAGE(AP21:AU21) -> 11.966667 | AX21: =IF(L21=0, 0,L21+7) -> 45869 | AY21: WIR-CE-000005 | AZ21: RH.MCR25007347@7 | BA21: 15.9 | BB21: 15 | BC21: 15.2 | BG21: =AVERAGE(BA21:BF21) -> 15.366667 | BT21: =IF(L21=0, 0, L21+28) -> 45890 | BU21: WIR-CE-000005 | BV21: RH.MCR25007347@28 | BW21: 18.7 | BX21: 19 | BY21: 18 | CC21: =+AVERAGE(BW21:BY21) -> 18.566667
A22: 16 | B22: - | C22: N/A | D22: Concrete Blocks office Foundation | E22: Offices | F22: Opera House | I22: Temporary Works | J22: 83012 | K22: 121413 | L22: 45864 | M22: Aces | N22: Saudi RM | O22: C-40 OPC {200±40mm Slump) | P22: Blinding | Q22: 6 | R22: RM 109 | T22: Temporary | AC22: - | AD22: - | AE22: - | AF22: - | AM22: =L22+3 -> 45867 | AX22: =IF(L22=0, 0,L22+7) -> 45871 | BT22: =IF(L22=0, 0, L22+28) -> 45892
A23: 17 | B23: - | C23: N/A | D23: Survey Bench Mark | E23: Offices | F23: Opera House | I23: Temporary Works | J23: 83812 | K23: 121458 | L23: 45865 | M23: Aces | N23: Saudi RM | O23: C-10 SRC (150±40mm Slump) | P23: Blinding | Q23: 3 | R23: RM 109 | T23: Temporary | AC23: - | AD23: - | AE23: - | AF23: - | AM23: =L23+3 -> 45868 | AX23: =IF(L23=0, 0,L23+7) -> 45872 | BT23: =IF(L23=0, 0, L23+28) -> 45893
A24: 18 | B24: - | C24: BV-BSW-105-0000-ECM-WIR-CE-000006 | D24: Trial Mix | E24: SRM Batch Plant | F24: Opera House | I24: Trial Mix | J24: 84812 | K24: 121480 | L24: 45865 | M24: Aces | N24: Saudi RM | O24: C-40 HOH (SRC+60% GGBFS) (200±40mm Slump) | P24: Footing, Slab | Q24: 6 | R24: RM 109 | S24: 12 | T24: Trial | AB24: RH.MCR25007332 | AC24: 28.3 | AD24: 210 | AE24: 1.2 | AF24: 2398 | AI24: RH.MMR25040232 | AJ24: 6 hrs 3 min | AK24: 8 hrs 15 min | AM24: =L24+3 -> 45868 | AN24: WIR-CE-000006 | AO24: RH.MCR25006427@3 | AP24: 36.1 | AQ24: 37.3 | AR24: 35.7 | AV24: =AVERAGE(AP24:AU24) -> 36.366667 | AX24: =IF(L24=0, 0,L24+7) -> 45872 | AY24: WIR-CE-000006 | AZ24: RH.MCR25006427@7 | BA24: 44.9 | BB24: 43.8 | BC24: 44.4 | BG24: =AVERAGE(BA24:BF24) -> 44.366667 | BT24: =IF(L24=0, 0, L24+28) -> 45893 | BU24: WIR-CE-000006 | BV24: RH.MCR25007332@28 | BW24: 66.2 | BX24: 67.5 | BY24: 69.3 | CC24: =AVERAGE(BW24:BY24) -> 67.666667
A25: 19 | B25: - | C25: BV-BSW-105-0000-ECM-WIR-CE-000006 | D25: Trial Mix | E25: SRM Batch Plant | F25: Opera House | I25: Trial Mix | J25: 82812 | K25: 121487 | L25: 45865 | M25: Aces | N25: Saudi RM | O25: C-40 HOH (SRC+60% GGBFS) (200±40mm Slump) | P25: Footing, Slab | Q25: 6 | R25: RM 109 | S25: 12 | T25: Trial | AB25: RH.MCR25007333 | AC25: 23.8 | AD25: 220 | AE25: 1.5 | AF25: 2399 | AM25: =L25+3 -> 45868 | AN25: WIR-CE-000006 | AO25: RH.MCR25006428@3 | AP25: 38 | AQ25: 39.4 | AR25: 37.7 | AV25: =AVERAGE(AP25:AU25) -> 38.366667 | AX25: =IF(L25=0, 0,L25+7) -> 45872 | AY25: WIR-CE-000006 | AZ25: RH.MCR25006428@7 | BA25: 45.1 | BB25: 42.8 | BC25: 43.9 | BG25: =AVERAGE(BA25:BF25) -> 43.933333 | BT25: =IF(L25=0, 0, L25+28) -> 45893 | BU25: WIR-CE-000006 | BV25: RH.MCR25007333@28 | BW25: 66.1 | BX25: 65.8 | BY25: 68.4 | CC25: =AVERAGE(BW25:BY25) -> 66.766667
A26: 20 | B26: - | C26: BV-BSW-105-0000-ECM-WIR-CE-000006 | D26: Trial Mix | E26: SRM Batch Plant | F26: Opera House | I26: Trial Mix | J26: 83812 | K26: 121491 | L26: 45865 | M26: Aces | N26: Saudi RM | O26: C-40 HOH (SRC+60% GGBFS) (200±40mm Slump) | P26: Footing, Slab | Q26: 6 | R26: RM 109 | S26: 12 | T26: Trial | AB26: RH.MCR25007333 | AC26: 24.1 | AD26: 220 | AE26: 1.2 | AF26: 2414 | AM26: =L26+3 -> 45868 | AN26: WIR-CE-000006 | AO26: RH.MCR25006429@3 | AP26: 39.6 | AQ26: 38.4 | AR26: 38.2 | AV26: =AVERAGE(AP26:AU26) -> 38.733333 | AX26: =IF(L26=0, 0,L26+7) -> 45872 | AY26: WIR-CE-000006 | AZ26: RH.MCR25006429@7 | BA26: 46.4 | BB26: 47.6 | BC26: 44.6 | BG26: =AVERAGE(BA26:BF26) -> 46.2 | BT26: =IF(L26=0, 0, L26+28) -> 45893 | BU26: WIR-CE-000006 | BV26: RH.MCR25007334@28 | BW26: 66.9 | BX26: 68.9 | BY26: 71.4 | CC26: =AVERAGE(BW26:BY26) -> 69.066667
A27: 21 | B27: - | C27: BV-BSW-105-0000-ECM-WIR-CE-000008 | D27: Trial Mix | E27: SRM Batch Plant | F27: Opera House | I27: Trial Mix | J27: 82612 | K27: 121569 | L27: 45866 | M27: Aces | N27: Saudi RM | O27: C-40 SRC {200±40mm Slump) | P27: Slab & Beam, Stair | Q27: 3 | R27: RM 109 | S27: 12 | T27: Trial | AB27: RH.MCR25007335 | AC27: 27.9 | AD27: 220 | AE27: 1.4 | AF27: 2437 | AI27: RH.MMR25040237 | AJ27: 6 hrs 53 min | AK27: 8 hrs 31 min | AM27: =L27+3 -> 45869 | AN27: WIR-CE-000008 | AO27: RH.MCR25007335@3 | AP27: 41.5 | AQ27: 41 | AR27: 42.8 | AV27: =AVERAGE(AP27:AU27) -> 41.766667 | AX27: =IF(L27=0, 0,L27+7) -> 45873 | AY27: WIR-CE-000008 | AZ27: RH.MCR25007335@7 | BA27: 60.7 | BB27: 58.9 | BC27: 60.1 | BG27: =AVERAGE(BA27:BF27) -> 59.9 | BT27: =IF(L27=0, 0, L27+28) -> 45894 | BU27: WIR-CE-000008 | BV27: RH.MCR25007335@28 | BW27: 69.5 | BX27: 68.4 | BY27: 65.5 | CC27: =AVERAGE(BW27:BY27) -> 67.8
A28: 22 | B28: - | C28: BV-BSW-105-0000-ECM-WIR-CE-000008 | D28: Trial Mix | E28: SRM Batch Plant | F28: Opera House | I28: Trial Mix | J28: 83412 | K28: 121574 | L28: 45866 | M28: Aces | N28: Saudi RM | O28: C-40 SRC {200±40mm Slump) | P28: Slab & Beam, Stair | Q28: 3 | R28: RM 109 | S28: 12 | T28: Trial | AB28: RH.MCR25007336 | AC28: 27.9 | AD28: 220 | AE28: 1.4 | AF28: 2415 | AM28: =L28+3 -> 45869 | AN28: WIR-CE-000008 | AO28: RH.MCR25007336@3 | AP28: 44.8 | AQ28: 42.7 | AR28: 43.7 | AV28: =AVERAGE(AP28:AU28) -> 43.733333 | AX28: =IF(L28=0, 0,L28+7) -> 45873 | AY28: WIR-CE-000008 | AZ28: RH.MCR25007336@7 | BA28: 61.2 | BB28: 59.9 | BC28: 60 | BG28: =AVERAGE(BA28:BF28) -> 60.366667 | BT28: =IF(L28=0, 0, L28+28) -> 45894 | BU28: WIR-CE-000008 | BV28: RH.MCR25007336@28 | BW28: 68.8 | BX28: 65.5 | BY28: 67.5 | CC28: =AVERAGE(BW28:BY28) -> 67.266667
A29: 23 | B29: - | C29: BV-BSW-105-0000-ECM-WIR-CE-000008 | D29: Trial Mix | E29: SRM Batch Plant | F29: Opera House | I29: Trial Mix | J29: 82812 | K29: 121580 | L29: 45866 | M29: Aces | N29: Saudi RM | O29: C-40 SRC {200±40mm Slump) | P29: Slab & Beam, Stair | Q29: 3 | R29: RM 109 | S29: 12 | T29: Trial | AB29: RH.MCR25007337 | AC29: 27 | AD29: 220 | AE29: 1.1 | AF29: 2430 | AM29: =L29+3 -> 45869 | AN29: WIR-CE-000008 | AO29: RH.MCR25007337@3 | AP29: 43.7 | AQ29: 42.1 | AR29: 42.3 | AV29: =AVERAGE(AP29:AU29) -> 42.7 | AX29: =IF(L29=0, 0,L29+7) -> 45873 | AY29: WIR-CE-000008 | AZ29: RH.MCR25007337@7 | BA29: 58.9 | BB29: 59.6 | BC29: 58.9 | BG29: =AVERAGE(BA29:BF29) -> 59.133333 | BT29: =IF(L29=0, 0, L29+28) -> 45894 | BU29: WIR-CE-000008 | BV29: RH.MCR25007337@28 | BW29: 66.8 | BX29: 68.4 | BY29: 64.5 | CC29: =AVERAGE(BW29:BY29) -> 66.566667
A30: 24 | B30: - | C30: N/A | D30: Wall/ Foundation | E30: Offices Foundation | F30: Opera House | I30: Temporary Works | J30: 82812 | K30: 121578 | L30: 45866 | M30: Aces | N30: Saudi RM | O30: C-40 SRC {200±40mm Slump) | P30: Column and Retaining Wall | Q30: 6 | R30: RM 109 | T30: Temporary | AC30: - | AD30: - | AE30: - | AF30: - | AM30: =L30+3 -> 45869 | AX30: =IF(L30=0, 0,L30+7) -> 45873 | BT30: =IF(L30=0, 0, L30+28) -> 45894
A31: 25 | B31: - | C31: BV-BSW-105-0000-ECM-WIR-CE-000013 | D31: Trial Mix | E31: SRM Batch Plant | F31: Opera House | I31: Trial Mix | J31: 81512 | K31: 121752 | L31: 45868 | M31: Aces | N31: Saudi RM | O31: C-50 SRC {200±40mm Slump) | P31: Wall, Column and Retaining Wall | Q31: 6 | R31: RM 109 | S31: 12 | T31: Trial | AC31: 21.6 | AD31: 210 | AE31: 1.6 | AF31: 2403 | AI31: RH.MMR25040239 | AJ31: 5 hrs 33 min | AK31: 8 hrs 3 min | AM31: =L31+3 -> 45871 | AN31: WIR-CE-000013 | AO31: RH.MCR25007348@3 | AP31: 39.4 | AQ31: 38.1 | AR31: 40.5 | AV31: =AVERAGE(AP31:AU31) -> 39.333333 | AX31: =IF(L31=0, 0,L31+7) -> 45875 | AY31: WIR-CE-000013 | AZ31: RH.MCR25007348@7 | BA31: 50 | BB31: 48.8 | BC31: 49.5 | BG31: =AVERAGE(BA31:BF31) -> 49.433333 | BT31: =IF(L31=0, 0, L31+28) -> 45896 | BU31: WIR-CE-000013 | BV31: RH.MCR25007348@28 | BW31: 56.1 | BX31: 56 | BY31: 57.5 | CC31: =AVERAGE(BW31:BY31) -> 56.533333
A32: 26 | B32: - | C32: BV-BSW-105-0000-ECM-WIR-CE-000013 | D32: Trial Mix | E32: SRM Batch Plant | F32: Opera House | I32: Trial Mix | J32: 84012 | K32: 121754 | L32: 45868 | M32: Aces | N32: Saudi RM | O32: C-50 SRC {200±40mm Slump) | P32: Wall, Column and Retaining Wall | Q32: 6 | R32: RM 109 | S32: 12 | T32: Trial | AC32: 23.9 | AD32: 210 | AE32: 1.5 | AF32: 2404 | AM32: =L32+3 -> 45871 | AN32: WIR-CE-000013 | AO32: RH.MCR25007349@3 | AP32: 40.7 | AQ32: 40.7 | AR32: 38.8 | AV32: =AVERAGE(AP32:AU32) -> 40.066667 | AX32: =IF(L32=0, 0,L32+7) -> 45875 | AY32: WIR-CE-000013 | AZ32: RH.MCR25007349@7 | BA32: 50 | BB32: 49.2 | BC32: 50.2 | BG32: =AVERAGE(BA32:BF32) -> 49.8 | BT32: =IF(L32=0, 0, L32+28) -> 45896 | BU32: WIR-CE-000013 | BV32: RH.MCR25007349@28 | BW32: 56.9 | BX32: 54.3 | BY32: 56.1 | CC32: =AVERAGE(BW32:BY32) -> 55.766667
A33: 27 | B33: - | C33: BV-BSW-105-0000-ECM-WIR-CE-000013 | D33: Trial Mix | E33: SRM Batch Plant | F33: Opera House | I33: Trial Mix | J33: 84612 | K33: 121758 | L33: 45868 | M33: Aces | N33: Saudi RM | O33: C-50 SRC {200±40mm Slump) | P33: Wall, Column and Retaining Wall | Q33: 6 | R33: RM 109 | S33: 12 | T33: Trial | AC33: 25.9 | AD33: 210 | AE33: 1.1 | AF33: 2398 | AM33: =L33+3 -> 45871 | AN33: WIR-CE-000013 | AO33: RH.MCR25007350@3 | AP33: 39.8 | AQ33: 40.8 | AR33: 39.2 | AV33: =AVERAGE(AP33:AU33) -> 39.933333 | AX33: =IF(L33=0, 0,L33+7) -> 45875 | AY33: WIR-CE-000013 | AZ33: RH.MCR25007350@7 | BA33: 51.4 | BB33: 50.3 | BC33: 49.3 | BG33: =AVERAGE(BA33:BF33) -> 50.333333 | BT33: =IF(L33=0, 0, L33+28) -> 45896 | BU33: WIR-CE-000013 | BV33: RH.MCR25007349@28 | BW33: 57 | BX33: 56 | BY33: 53.5 | CC33: =AVERAGE(BW33:BY33) -> 55.5
A34: 28 | B34: - | C34: BV-BSW-105-0000-ECM-WIR-CE-000017 | D34: Blinding Concrete | E34: Towe Crane 01 | F34: Opera House | H34: B2 | I34: Permanent Works | J34: 84212 | K34: 121755 | L34: 45868 | M34: Aces | N34: Saudi RM | O34: C-10 SRC (150±40mm Slump) | P34: Blinding | Q34: 11 | R34: RM 109 | T34: Permanent | AB34: RH.MCR25007740 | AC34: 27.5 | AD34: 190 | AE34: - | AF34: - | AM34: =L34+3 -> 45871 | AX34: =IF(L34=0, 0,L34+7) -> 45875 | AY34: WIR-CE-000017-000018-000019 | AZ34: RH.MCR25007740@7 | BA34: 12 | BB34: 13.1 | BC34: 12.5 | BD34: 13.7 | BE34: 13.4 | BF34: 14.3 | BG34: =AVERAGE(BA34:BF34) -> 13.166667 | BT34: =IF(L34=0, 0, L34+28) -> 45896 | BU34: WIR-CE-000017-000018-000019 | BV34: RH.MCR25007740@28 | BW34: 19.7 | BX34: 20.2 | BY34: 18.4 | BZ34: 20.6 | CA34: 18 | CB34: 21.5 | CC34: =AVERAGE(BW34:CB34) -> 19.733333
A35: 29 | B35: - | C35: BV-BSW-105-0000-ECM-WIR-CE-000017 | D35: Blinding Concrete | E35: Towe Crane 01 | F35: Opera House | H35: B2 | I35: Permanent Works | J35: 84612 | K35: 121757 | L35: 45868 | M35: Aces | N35: Saudi RM | O35: C-10 SRC (150±40mm Slump) | P35: Blinding | Q35: 11 | R35: RM 109 | T35: Permanent | AC35: 27.5 | AD35: 180 | AE35: - | AF35: - | AM35: =L35+3 -> 45871 | AX35: =IF(L35=0, 0,L35+7) -> 45875 | BT35: =IF(L35=0, 0, L35+28) -> 45896
A36: 30 | B36: - | C36: BV-BSW-105-0000-ECM-WIR-CE-000017 | D36: Blinding Concrete | E36: Towe Crane 01 | F36: Opera House | H36: B2 | I36: Permanent Works | J36: 67610 | K36: 121766 | L36: 45868 | M36: Aces | N36: Saudi RM | O36: C-10 SRC (150±40mm Slump) | P36: Blinding | Q36: 9 | R36: RM 109 | S36: 6 | T36: Permanent | AC36: 27.2 | AD36: 180 | AE36: - | AF36: - | AM36: =L36+3 -> 45871 | AX36: =IF(L36=0, 0,L36+7) -> 45875 | BT36: =IF(L36=0, 0, L36+28) -> 45896
A37: 31 | B37: - | C37: BV-BSW-105-0000-ECM-WIR-CE-000017 | D37: Blinding Concrete | E37: Towe Crane 01 | F37: Opera House | H37: B2 | I37: Permanent Works | J37: 66010 | K37: 121762 | L37: 45868 | M37: Aces | N37: Saudi RM | O37: C-10 SRC (150±40mm Slump) | P37: Blinding | Q37: 9 | R37: RM 109 | T37: Permanent | AC37: 28.2 | AD37: 190 | AE37: - | AF37: - | AM37: =L37+3 -> 45871 | AX37: =IF(L37=0, 0,L37+7) -> 45875 | BT37: =IF(L37=0, 0, L37+28) -> 45896
A38: 32 | B38: - | C38: BV-BSW-105-0000-ECM-WIR-CE-000018 | D38: Blinding Concrete | E38: Towe Crane 02 | F38: Opera House | H38: B2 | I38: Permanent Works | J38: 62810 | K38: 121768 | L38: 45868 | M38: Aces | N38: Saudi RM | O38: C-10 SRC (150±40mm Slump) | P38: Blinding | Q38: 9 | R38: RM 109 | T38: Permanent | AC38: 26.4 | AD38: 190 | AE38: - | AF38: - | AM38: =L38+3 -> 45871 | AX38: =IF(L38=0, 0,L38+7) -> 45875 | BT38: =IF(L38=0, 0, L38+28) -> 45896
A39: 33 | B39: - | C39: BV-BSW-105-0000-ECM-WIR-CE-000018 | D39: Blinding Concrete | E39: Towe Crane 02 | F39: Opera House | H39: B2 | I39: Permanent Works | J39: 84012 | K39: 121776 | L39: 45868 | M39: Aces | N39: Saudi RM | O39: C-10 SRC (150±40mm Slump) | P39: Blinding | Q39: 10 | R39: RM 109 | T39: Permanent | AC39: 26.6 | AD39: 190 | AE39: - | AF39: - | AM39: =L39+3 -> 45871 | AX39: =IF(L39=0, 0,L39+7) -> 45875 | BT39: =IF(L39=0, 0, L39+28) -> 45896
A40: 34 | B40: - | C40: BV-BSW-105-0000-ECM-WIR-CE-000018 | D40: Blinding Concrete | E40: Towe Crane 02 | F40: Opera House | H40: B2 | I40: Permanent Works | J40: 81512 | K40: 121797 | L40: 45868 | M40: Aces | N40: Saudi RM | O40: C-10 SRC (150±40mm Slump) | P40: Blinding | Q40: 11 | R40: RM 109 | S40: 6 | T40: Permanent | AC40: 27.7 | AD40: 170 | AE40: - | AF40: - | AM40: =L40+3 -> 45871 | AX40: =IF(L40=0, 0,L40+7) -> 45875 | BT40: =IF(L40=0, 0, L40+28) -> 45896
A41: 35 | B41: - | C41: BV-BSW-105-0000-ECM-WIR-CE-000018 | D41: Blinding Concrete | E41: Towe Crane 02 | F41: Opera House | H41: B2 | I41: Permanent Works | J41: 77112 | K41: 121778 | L41: 45868 | M41: Aces | N41: Saudi RM | O41: C-10 SRC (150±40mm Slump) | P41: Blinding | Q41: 11 | R41: RM 109 | T41: Permanent | AC41: 25.8 | AD41: 160 | AE41: - | AF41: - | AM41: =L41+3 -> 45871 | AX41: =IF(L41=0, 0,L41+7) -> 45875 | BT41: =IF(L41=0, 0, L41+28) -> 45896
A42: 36 | B42: - | C42: BV-BSW-105-0000-ECM-WIR-CE-000019 | D42: Blinding Concrete | E42: Towe Crane 04 | F42: Opera House | H42: B2 | I42: Permanent Works | J42: 83512 | K42: 121779 | L42: 45868 | M42: Aces | N42: Saudi RM | O42: C-10 SRC (150±40mm Slump) | P42: Blinding | Q42: 10 | R42: RM 109 | T42: Permanent | AC42: 26.9 | AD42: 190 | AE42: - | AF42: - | AM42: =L42+3 -> 45871 | AX42: =IF(L42=0, 0,L42+7) -> 45875 | BT42: =IF(L42=0, 0, L42+28) -> 45896
A43: 37 | B43: - | C43: BV-BSW-105-0000-ECM-WIR-CE-000019 | D43: Blinding Concrete | E43: Towe Crane 04 | F43: Opera House | H43: B2 | I43: Permanent Works | J43: 83812 | K43: 121780 | L43: 45868 | M43: Aces | N43: Saudi RM | O43: C-10 SRC (150±40mm Slump) | P43: Blinding | Q43: 10 | R43: RM 109 | T43: Permanent | AC43: 28 | AD43: 180 | AE43: - | AF43: - | AM43: =L43+3 -> 45871 | AX43: =IF(L43=0, 0,L43+7) -> 45875 | BT43: =IF(L43=0, 0, L43+28) -> 45896
A44: 38 | B44: - | C44: BV-BSW-105-0000-ECM-WIR-CE-000019 | D44: Blinding Concrete | E44: Towe Crane 04 | F44: Opera House | H44: B2 | I44: Permanent Works | J44: 81512 | K44: 121771 | L44: 45868 | M44: Aces | N44: Saudi RM | O44: C-10 SRC (150±40mm Slump) | P44: Blinding | Q44: 8 | R44: RM 109 | T44: Permanent | AC44: 26 | AD44: 170 | AE44: - | AF44: - | AM44: =L44+3 -> 45871 | AX44: =IF(L44=0, 0,L44+7) -> 45875 | BT44: =IF(L44=0, 0, L44+28) -> 45896
A45: 39 | B45: - | C45: BV-BSW-105-0000-ECM-WIR-CE-000019 | D45: Blinding Concrete | E45: Towe Crane 04 | F45: Opera House | H45: B2 | I45: Permanent Works | J45: 66010 | K45: 121799 | L45: 45868 | M45: Aces | N45: Saudi RM | O45: C-10 SRC (150±40mm Slump) | P45: Blinding | Q45: 4 | R45: RM 109 | T45: Permanent | AC45: 28.3 | AD45: 190 | AE45: - | AF45: - | AM45: =L45+3 -> 45871 | AX45: =IF(L45=0, 0,L45+7) -> 45875 | BT45: =IF(L45=0, 0, L45+28) -> 45896
A46: 40 | B46: BV-BSW-105-0000-ECM-CAP-CE-000001 | C46: BV-BSW-105-0000-ECM-WIR-CE-000020 | D46: Blinding Concrete | E46: Rest Area -02 | F46: Opera House | I46: Temporary Works | J46: 64610 | K46: 121824 | L46: 45869 | M46: Aces | N46: Saudi RM | O46: C-10 SRC (150±40mm Slump) | P46: Blinding | Q46: 9 | R46: RM 109 | T46: Temporary | AB46: RH.MCR25007741 | AC46: 24.5 | AD46: 160 | AE46: - | AF46: - | AM46: =L46+3 -> 45872 | AX46: =IF(L46=0, 0,L46+7) -> 45876 | AY46: WIR-CE-000020 | AZ46: RH.MCR25007741@7 | BA46: 11.4 | BB46: 11.5 | BC46: 12.8 | BD46: 12 | BE46: 11.4 | BF46: 12.2 | BG46: =AVERAGE(BA46:BF53) -> 11.883333 | BT46: =IF(L46=0, 0, L46+28) -> 45897 | BU46: WIR-CE-000020 | BV46: RH.MCR25007741@28 | BW46: 21.2 | BX46: 22.7 | BY46: 19.5 | BZ46: 21 | CA46: 20.7 | CB46: 22.2 | CC46: =AVERAGE(BW46:CB53) -> 21.216667
A47: 41 | B47: BV-BSW-105-0000-ECM-CAP-CE-000001 | C47: BV-BSW-105-0000-ECM-WIR-CE-000020 | D47: Blinding Concrete | E47: Rest Area -02 | F47: Opera House | I47: Temporary Works | J47: 84612 | K47: 121826 | L47: 45869 | M47: Aces | N47: Saudi RM | O47: C-10 SRC (150±40mm Slump) | P47: Blinding | Q47: 10 | R47: RM 109 | T47: Temporary | AC47: 24.3 | AD47: 190 | AE47: - | AF47: - | AM47: =L47+3 -> 45872 | AX47: =IF(L47=0, 0,L47+7) -> 45876 | BT47: =IF(L47=0, 0, L47+28) -> 45897
A48: 42 | B48: BV-BSW-105-0000-ECM-CAP-CE-000001 | C48: BV-BSW-105-0000-ECM-WIR-CE-000020 | D48: Blinding Concrete | E48: Rest Area -02 | F48: Opera House | I48: Temporary Works | J48: 82812 | K48: 121830 | L48: 45869 | M48: Aces | N48: Saudi RM | O48: C-10 SRC (150±40mm Slump) | P48: Blinding | Q48: 11 | R48: RM 109 | S48: 6 | T48: Temporary | AC48: 27.7 | AD48: 170 | AE48: - | AF48: - | AM48: =L48+3 -> 45872 | AX48: =IF(L48=0, 0,L48+7) -> 45876 | BT48: =IF(L48=0, 0, L48+28) -> 45897
A49: 43 | B49: BV-BSW-105-0000-ECM-CAP-CE-000001 | C49: BV-BSW-105-0000-ECM-WIR-CE-000020 | D49: Blinding Concrete | E49: Rest Area -02 | F49: Opera House | I49: Temporary Works | J49: 62710 | K49: 121831 | L49: 45869 | M49: Aces | N49: Saudi RM | O49: C-10 SRC (150±40mm Slump) | P49: Blinding | Q49: 9 | R49: RM 109 | T49: Temporary | AC49: 25.9 | AD49: 170 | AE49: - | AF49: - | AM49: =L49+3 -> 45872 | AX49: =IF(L49=0, 0,L49+7) -> 45876 | BT49: =IF(L49=0, 0, L49+28) -> 45897
A50: 44 | B50: BV-BSW-105-0000-ECM-CAP-CE-000001 | C50: BV-BSW-105-0000-ECM-WIR-CE-000020 | D50: Blinding Concrete | E50: Rest Area -02 | F50: Opera House | I50: Temporary Works | J50: 82810 | K50: 121832 | L50: 45869 | M50: Aces | N50: Saudi RM | O50: C-10 SRC (150±40mm Slump) | P50: Blinding | Q50: 9 | R50: RM 109 | T50: Temporary | AC50: 25.5 | AD50: 190 | AE50: - | AF50: - | AM50: =L50+3 -> 45872 | AX50: =IF(L50=0, 0,L50+7) -> 45876 | BT50: =IF(L50=0, 0, L50+28) -> 45897
A51: 45 | B51: BV-BSW-105-0000-ECM-CAP-CE-000001 | C51: BV-BSW-105-0000-ECM-WIR-CE-000020 | D51: Blinding Concrete | E51: Rest Area -02 | F51: Opera House | I51: Temporary Works | J51: 78012 | K51: 121833 | L51: 45869 | M51: Aces | N51: Saudi RM | O51: C-10 SRC (150±40mm Slump) | P51: Blinding | Q51: 11 | R51: RM 109 | S51: 6 | T51: Temporary | AC51: 29.3 | AD51: 160 | AE51: - | AF51: - | AM51: =L51+3 -> 45872 | AX51: =IF(L51=0, 0,L51+7) -> 45876 | BT51: =IF(L51=0, 0, L51+28) -> 45897
A52: 46 | B52: BV-BSW-105-0000-ECM-CAP-CE-000001 | C52: BV-BSW-105-0000-ECM-WIR-CE-000020 | D52: Blinding Concrete | E52: Rest Area -02 | F52: Opera House | I52: Temporary Works | J52: 84212 | K52: 121834 | L52: 45869 | M52: Aces | N52: Saudi RM | O52: C-10 SRC (150±40mm Slump) | P52: Blinding | Q52: 10 | R52: RM 109 | T52: Temporary | AC52: 27 | AD52: 180 | AE52: - | AF52: - | AM52: =L52+3 -> 45872 | AX52: =IF(L52=0, 0,L52+7) -> 45876 | BT52: =IF(L52=0, 0, L52+28) -> 45897
A53: 47 | B53: BV-BSW-105-0000-ECM-CAP-CE-000001 | C53: BV-BSW-105-0000-ECM-WIR-CE-000020 | D53: Blinding Concrete | E53: Rest Area -02 | F53: Opera House | I53: Temporary Works | J53: 82012 | K53: 121835 | L53: 45869 | M53: Aces | N53: Saudi RM | O53: C-10 SRC (150±40mm Slump) | P53: Blinding | Q53: 11 | R53: RM 109 | T53: Temporary | AC53: 28 | AD53: 190 | AE53: - | AF53: - | AM53: =L53+3 -> 45872 | AX53: =IF(L53=0, 0,L53+7) -> 45876 | BT53: =IF(L53=0, 0, L53+28) -> 45897
A54: 48 | B54: BV-BSW-105-0000-ECM-CAP-CE-000002 | C54: BV-BSW-105-0000-ECM-WIR-CE-000024 | D54: Blinding Concrete | E54: Zone 02 | F54: Opera House | G54: 2 | H54: B2 | I54: Permanent Works | J54: 84212 | K54: 83755 | L54: 45873 | M54: Aces | N54: Saudi RM | O54: C-10 SRC (150±40mm Slump) | P54: Blinding | Q54: 10 | R54: RM 109 | S54: 6 | T54: Permanent | AC54: 26.4 | AD54: 180 | AE54: - | AF54: - | AM54: =L54+3 -> 45876 | AX54: =IF(L54=0, 0,L54+7) -> 45880 | AY54: WIR-CE-000024 | AZ54: RH.MCR25007525@7 | BA54: 21.6 | BB54: 29.1 | BC54: 29.3 | BD54: 19.6 | BE54: 21.9 | BF54: 29.4 | BG54: =AVERAGE(BA54:BF60) -> 24.644444 | BT54: =IF(L54=0, 0, L54+28) -> 45901 | BU54: WIR-CE-000024 | BV54: RH.MCR25007525@28 | BW54: 36 | BX54: 34.4 | BY54: 35.2 | BZ54: 37 | CA54: 37.4 | CB54: 36.3 | CC54: =AVERAGE(BW54:CB60) -> 36.333333
A55: 49 | B55: BV-BSW-105-0000-ECM-CAP-CE-000002 | C55: BV-BSW-105-0000-ECM-WIR-CE-000024 | D55: Blinding Concrete | E55: Zone 02 | F55: Opera House | G55: 2 | H55: B2 | I55: Permanent Works | J55: 81512 | K55: 83757 | L55: 45873 | M55: Aces | N55: Saudi RM | O55: C-10 SRC (150±40mm Slump) | P55: Blinding | Q55: 10 | R55: RM 109 | T55: Permanent | AC55: 27.4 | AD55: 170 | AE55: - | AF55: - | AM55: =L55+3 -> 45876 | AX55: =IF(L55=0, 0,L55+7) -> 45880 | BT55: =IF(L55=0, 0, L55+28) -> 45901
A56: 50 | B56: BV-BSW-105-0000-ECM-CAP-CE-000002 | C56: BV-BSW-105-0000-ECM-WIR-CE-000024 | D56: Blinding Concrete | E56: Zone 02 | F56: Opera House | G56: 2 | H56: B2 | I56: Permanent Works | J56: 84712 | K56: 83759 | L56: 45873 | M56: Aces | N56: Saudi RM | O56: C-10 SRC (150±40mm Slump) | P56: Blinding | Q56: 10 | R56: RM 109 | T56: Permanent | AC56: 29 | AD56: 180 | AE56: - | AF56: - | AM56: =L56+3 -> 45876 | AX56: =IF(L56=0, 0,L56+7) -> 45880 | BT56: =IF(L56=0, 0, L56+28) -> 45901
A57: 51 | B57: BV-BSW-105-0000-ECM-CAP-CE-000002 | C57: BV-BSW-105-0000-ECM-WIR-CE-000024 | D57: Blinding Concrete | E57: Zone 02 | F57: Opera House | G57: 2 | H57: B2 | I57: Permanent Works | J57: 67610 | K57: 83762 | L57: 45873 | M57: Aces | N57: Saudi RM | O57: C-10 SRC (150±40mm Slump) | P57: Blinding | Q57: 9 | R57: RM 109 | T57: Permanent | AC57: 27 | AD57: 150 | AE57: - | AF57: - | AM57: =L57+3 -> 45876 | AX57: =IF(L57=0, 0,L57+7) -> 45880 | BT57: =IF(L57=0, 0, L57+28) -> 45901
A58: 52 | B58: BV-BSW-105-0000-ECM-CAP-CE-000002 | C58: BV-BSW-105-0000-ECM-WIR-CE-000024 | D58: Blinding Concrete | E58: Zone 02 | F58: Opera House | G58: 2 | H58: B2 | I58: Permanent Works | J58: 82012 | K58: 83764 | L58: 45873 | M58: Aces | N58: Saudi RM | O58: C-10 SRC (150±40mm Slump) | P58: Blinding | Q58: 10 | R58: RM 109 | T58: Permanent | AC58: 28.6 | AD58: 170 | AE58: - | AF58: - | AM58: =L58+3 -> 45876 | AX58: =IF(L58=0, 0,L58+7) -> 45880 | BT58: =IF(L58=0, 0, L58+28) -> 45901
A59: 53 | B59: BV-BSW-105-0000-ECM-CAP-CE-000002 | C59: BV-BSW-105-0000-ECM-WIR-CE-000024 | D59: Blinding Concrete | E59: Zone 02 | F59: Opera House | G59: 2 | H59: B2 | I59: Permanent Works | J59: 78412 | K59: 83766 | L59: 45873 | M59: Aces | N59: Saudi RM | O59: C-10 SRC (150±40mm Slump) | P59: Blinding | Q59: 10 | R59: RM 109 | S59: 6 | T59: Permanent | AC59: 26.7 | AD59: 190 | AE59: - | AF59: - | AM59: =L59+3 -> 45876 | AX59: =IF(L59=0, 0,L59+7) -> 45880 | BA59: 19.6 | BB59: 21.9 | BC59: 29.4 | BT59: =IF(L59=0, 0, L59+28) -> 45901 | BW59: 37 | BX59: 37.4 | BY59: 36.3
A60: 54 | B60: BV-BSW-105-0000-ECM-CAP-CE-000002 | C60: BV-BSW-105-0000-ECM-WIR-CE-000024 | D60: Blinding Concrete | E60: Zone 02 | F60: Opera House | G60: 2 | H60: B2 | I60: Permanent Works | J60: 82712 | K60: 83777 | L60: 45873 | M60: Aces | N60: Saudi RM | O60: C-10 SRC (150±40mm Slump) | P60: Blinding | Q60: 11 | R60: RM 109 | T60: Permanent | AC60: 27.9 | AD60: 180 | AE60: - | AF60: - | AM60: =L60+3 -> 45876 | AX60: =IF(L60=0, 0,L60+7) -> 45880 | BT60: =IF(L60=0, 0, L60+28) -> 45901
A61: 55 | B61: BV-BSW-105-0000-ECM-CAP-CE-000003 | C61: BV-BSW-105-0000-ECM-WIR-CE-000028 | D61: Blinding Concrete | E61: Zone 02 | F61: Opera House | G61: 2 | H61: B2 | I61: Permanent Works | J61: 82712 | K61: 83845 | L61: 45874 | M61: Aces | N61: Saudi RM | O61: C-10 SRC (150±40mm Slump) | P61: Blinding | Q61: 11 | R61: RM 109 | S61: 6 | T61: Permanent | AC61: 27.8 | AD61: 190 | AE61: - | AF61: - | AM61: =L61+3 -> 45877 | AX61: =IF(L61=0, 0,L61+7) -> 45881 | AY61: WIR-CE-000028-00032 | AZ61: RH.MCR25007891@7 | BA61: 36.7 | BB61: 38.7 | BC61: 39 | BG61: =AVERAGE(BA61:BF65) -> 38.133333 | BT61: =IF(L61=0, 0, L61+28) -> 45902 | BU61: WIR-CE-000028-00032 | BV61: RH.MCR25007891@28 | BW61: 45.1 | BX61: 44.4 | BY61: 43 | CC61: =AVERAGE(BW61:CB65) -> 44.166667
A62: 56 | B62: BV-BSW-105-0000-ECM-CAP-CE-000003 | C62: BV-BSW-105-0000-ECM-WIR-CE-000028 | D62: Blinding Concrete | E62: Zone 02 | F62: Opera House | G62: 2 | H62: B2 | I62: Permanent Works | J62: 84712 | K62: 83848 | L62: 45874 | M62: Aces | N62: Saudi RM | O62: C-10 SRC (150±40mm Slump) | P62: Blinding | Q62: 11 | R62: RM 109 | T62: Permanent | AC62: 29 | AD62: 180 | AE62: - | AF62: - | AM62: =L62+3 -> 45877 | AX62: =IF(L62=0, 0,L62+7) -> 45881 | BT62: =IF(L62=0, 0, L62+28) -> 45902
A63: 57 | B63: BV-BSW-105-0000-ECM-CAP-CE-000004 | C63: BV-BSW-105-0000-ECM-WIR-CE-000032 | D63: Vertical Blinding Concrete | E63: Zone 02 | F63: Opera House | G63: 2 | H63: B2 | I63: Permanent Works | J63: 83812 | K63: 83861 | L63: 45874 | M63: Aces | N63: Saudi RM | O63: C-10 SRC (150±40mm Slump) | P63: Blinding | Q63: 10 | R63: RM 109 | T63: Permanent | AC63: 27.5 | AD63: 180 | AE63: - | AF63: - | AM63: =L63+3 -> 45877 | AX63: =IF(L63=0, 0,L63+7) -> 45881 | BT63: =IF(L63=0, 0, L63+28) -> 45902
A64: 58 | B64: BV-BSW-105-0000-ECM-CAP-CE-000004 | C64: BV-BSW-105-0000-ECM-WIR-CE-000032 | D64: Vertical Blinding Concrete | E64: Zone 02 | F64: Opera House | G64: 2 | H64: B2 | I64: Permanent Works | J64: 78412 | K64: 83868 | L64: 45874 | M64: Aces | N64: Saudi RM | O64: C-10 SRC (150±40mm Slump) | P64: Blinding | Q64: 11 | R64: RM 109 | T64: Permanent | AC64: 26.8 | AD64: 160 | AE64: - | AF64: - | AM64: =L64+3 -> 45877 | AX64: =IF(L64=0, 0,L64+7) -> 45881 | BT64: =IF(L64=0, 0, L64+28) -> 45902
A65: 59 | B65: BV-BSW-105-0000-ECM-CAP-CE-000004 | C65: BV-BSW-105-0000-ECM-WIR-CE-000032 | D65: Vertical Blinding Concrete | E65: Zone 02 | F65: Opera House | G65: 2 | H65: B2 | I65: Permanent Works | J65: 84712 | K65: 83872 | L65: 45874 | M65: Aces | N65: Saudi RM | O65: C-10 SRC (150±40mm Slump) | P65: Blinding | Q65: 11 | R65: RM 109 | T65: Permanent | AC65: 28 | AD65: 190 | AE65: - | AF65: - | AM65: =L65+3 -> 45877 | AX65: =IF(L65=0, 0,L65+7) -> 45881 | BT65: =IF(L65=0, 0, L65+28) -> 45902
A66: 60 | B66: BV-BSW-105-0000-ECM-CAP-CE-000005 | C66: BV-BSW-105-0000-ECM-WIR-CE-000036 | D66: Blinding Concrete | E66: (level 639.45) Zone 02 | F66: Opera House | G66: 2 | H66: B2 | I66: Permanent Works | J66: 83312 | K66: 83414 | L66: 45875 | M66: Aces | N66: Saudi RM | O66: C-10 SRC (150±40mm Slump) | P66: Blinding | Q66: 10 | R66: RM 109 | T66: Permanent | AC66: 25 | AD66: 170 | AE66: - | AF66: - | AM66: =L66+3 -> 45878 | AX66: =IF(L66=0, 0,L66+7) -> 45882 | BT66: =IF(L66=0, 0, L66+28) -> 45903
A67: 61 | B67: BV-BSW-105-0000-ECM-CAP-CE-000005 | C67: BV-BSW-105-0000-ECM-WIR-CE-000036 | D67: Blinding Concrete | E67: (level 639.45) Zone 02 | F67: Opera House | G67: 2 | H67: B2 | I67: Permanent Works | J67: 84212 | K67: 83415 | L67: 45875 | M67: Aces | N67: Saudi RM | O67: C-10 SRC (150±40mm Slump) | P67: Blinding | Q67: 10 | R67: RM 109 | T67: Permanent | AC67: 25.5 | AD67: 190 | AE67: - | AF67: - | AM67: =L67+3 -> 45878 | AX67: =IF(L67=0, 0,L67+7) -> 45882 | BT67: =IF(L67=0, 0, L67+28) -> 45903
A68: 62 | B68: BV-BSW-105-0000-ECM-CAP-CE-000005 | C68: BV-BSW-105-0000-ECM-WIR-CE-000036 | D68: Blinding Concrete | E68: (level 639.45) Zone 02 | F68: Opera House | G68: 2 | H68: B2 | I68: Permanent Works | J68: 82712 | K68: 83416 | L68: 45875 | M68: Aces | N68: Saudi RM | O68: C-10 SRC (150±40mm Slump) | P68: Blinding | Q68: 10 | R68: RM 109 | T68: Permanent | AC68: 25.2 | AD68: 180 | AE68: - | AF68: - | AM68: =L68+3 -> 45878 | AX68: =IF(L68=0, 0,L68+7) -> 45882 | BT68: =IF(L68=0, 0, L68+28) -> 45903
A69: 63 | B69: BV-BSW-105-0000-ECM-CAP-CE-000005 | C69: BV-BSW-105-0000-ECM-WIR-CE-000036 | D69: Blinding Concrete | E69: (level 639.45) Zone 02 | F69: Opera House | G69: 2 | H69: B2 | I69: Permanent Works | J69: 83812 | K69: 83418 | L69: 45875 | M69: Aces | N69: Saudi RM | O69: C-10 SRC (150±40mm Slump) | P69: Blinding | Q69: 10 | R69: RM 109 | T69: Permanent | AC69: 26 | AD69: 190 | AE69: - | AF69: - | AM69: =L69+3 -> 45878 | AX69: =IF(L69=0, 0,L69+7) -> 45882 | BT69: =IF(L69=0, 0, L69+28) -> 45903
A70: 64 | B70: BV-BSW-105-0000-ECM-CAP-CE-000005 | C70: BV-BSW-105-0000-ECM-WIR-CE-000036 | D70: Blinding Concrete | E70: (level 639.45) Zone 02 | F70: Opera House | G70: 2 | H70: B2 | I70: Permanent Works | J70: 82012 | K70: 83417 | L70: 45875 | M70: Aces | N70: Saudi RM | O70: C-10 SRC (150±40mm Slump) | P70: Blinding | Q70: 10 | R70: RM 109 | T70: Permanent | AC70: 26 | AD70: 180 | AE70: - | AF70: - | AM70: =L70+3 -> 45878 | AX70: =IF(L70=0, 0,L70+7) -> 45882 | BT70: =IF(L70=0, 0, L70+28) -> 45903
A71: 65 | B71: BV-BSW-105-0000-ECM-CAP-CE-000005 | C71: BV-BSW-105-0000-ECM-WIR-CE-000036 | D71: Blinding Concrete | E71: (level 639.45) Zone 02 | F71: Opera House | G71: 2 | H71: B2 | I71: Permanent Works | J71: 67610 | K71: 83420 | L71: 45875 | M71: Aces | N71: Saudi RM | O71: C-10 SRC (150±40mm Slump) | P71: Blinding | Q71: 9 | R71: RM 109 | T71: Permanent | AC71: 26 | AD71: 170 | AE71: - | AF71: - | AM71: =L71+3 -> 45878 | AX71: =IF(L71=0, 0,L71+7) -> 45882 | BT71: =IF(L71=0, 0, L71+28) -> 45903
A72: 66 | B72: BV-BSW-105-0000-ECM-CAP-CE-000005 | C72: BV-BSW-105-0000-ECM-WIR-CE-000036 | D72: Blinding Concrete | E72: (level 639.45) Zone 02 | F72: Opera House | G72: 2 | H72: B2 | I72: Permanent Works | J72: 84612 | K72: 83419 | L72: 45875 | M72: Aces | N72: Saudi RM | O72: C-10 SRC (150±40mm Slump) | P72: Blinding | Q72: 10 | R72: RM 109 | T72: Permanent | AC72: 26 | AD72: 180 | AE72: - | AF72: - | AM72: =L72+3 -> 45878 | AX72: =IF(L72=0, 0,L72+7) -> 45882 | BT72: =IF(L72=0, 0, L72+28) -> 45903
A73: 67 | B73: BV-BSW-105-0000-ECM-CAP-CE-000005 | C73: BV-BSW-105-0000-ECM-WIR-CE-000036 | D73: Blinding Concrete | E73: (level 639.45) Zone 02 | F73: Opera House | G73: 2 | H73: B2 | I73: Permanent Works | J73: 62810 | K73: 83421 | L73: 45875 | M73: Aces | N73: Saudi RM | O73: C-10 SRC (150±40mm Slump) | P73: Blinding | Q73: 9 | R73: RM 109 | T73: Permanent | AC73: 27 | AD73: 170 | AE73: - | AF73: - | AM73: =L73+3 -> 45878 | AX73: =IF(L73=0, 0,L73+7) -> 45882 | BT73: =IF(L73=0, 0, L73+28) -> 45903
... A77: 71 | B77: BV-BSW-105-0000-ECM-CAP-CE-000005 | C77: BV-BSW-105-0000-ECM-WIR-CE-000036 | D77: Blinding Concrete | E77: (level 639.45) Zone 02 | F77: Opera House | G77: 2 | H77: B2 | I77: Permanent Works | J77: 82112 | K77: 83425 | L77: 45875 | M77: Aces | N77: Saudi RM | O77: C-10 SRC (150±40mm Slump) | P77: Blinding | Q77: 10 | R77: RM 109 | T77: Permanent | AC77: 25 | AD77: 180 | AE77: - | AF77: - | AM77: =L77+3 -> 45878 | AX77: =IF(L77=0, 0,L77+7) -> 45882 | BT77: =IF(L77=0, 0, L77+28) -> 45903
A78: 72 | B78: BV-BSW-105-0000-ECM-CAP-CE-000005 | C78: BV-BSW-105-0000-ECM-WIR-CE-000036 | D78: Blinding Concrete | E78: (level 639.45) Zone 02 | F78: Opera House | G78: 2 | H78: B2 | I78: Permanent Works | J78: 82312 | K78: 83427 | L78: 45875 | M78: Aces | N78: Saudi RM | O78: C-10 SRC (150±40mm Slump) | P78: Blinding | Q78: 10 | R78: RM 109 | T78: Permanent | AC78: 25 | AD78: 190 | AM78: =L78+3 -> 45878 | AX78: =IF(L78=0, 0,L78+7) -> 45882
A79: 73 | B79: BV-BSW-105-0000-ECM-CAP-CE-000006 | C79: BV-BSW-105-0000-ECM-WIR-CE-000040 | D79: Blinding Concrete | E79: (level 639.95 & 640.25) Zone 02 | F79: Opera House | G79: 2 | H79: B2 | I79: Permanent Works | J79: 84812 | K79: 83486 | L79: 45876 | M79: Aces | N79: Saudi RM | O79: C-10 SRC (150±40mm Slump) | P79: Blinding | Q79: 10 | R79: RM 109 | S79: 6 | T79: Permanent | AC79: 28 | AD79: 170 | AE79: - | AF79: - | AM79: =L79+3 -> 45879 | AX79: =IF(L79=0, 0,L79+7) -> 45883 | AY79: WIR-CE-000040 | AZ79: RH.MCR25008101@7 | BA79: 18 | BB79: 23 | BC79: 17.9 | BD79: 21.9 | BE79: 16.2 | BF79: 22.7 | BG79: =AVERAGE(BA79:BF88) -> 19.95 | BT79: =IF(L79=0, 0, L79+28) -> 45904 | BU79: WIR-CE-000040 | BV79: RH.MCR25008101@28 | BW79: 27.5 | BX79: 28.5 | BY79: 26.1 | BZ79: 27.1 | CA79: 26.5 | CB79: 27.1 | CC79: =AVERAGE(BW79:CB88) -> 27.133333
A80: 74 | B80: BV-BSW-105-0000-ECM-CAP-CE-000006 | C80: BV-BSW-105-0000-ECM-WIR-CE-000040 | D80: Blinding Concrete | E80: (level 639.95 & 640.25) Zone 02 | F80: Opera House | G80: 2 | H80: B2 | I80: Permanent Works | J80: 84212 | K80: 83487 | L80: 45876 | M80: Aces | N80: Saudi RM | O80: C-10 SRC (150±40mm Slump) | P80: Blinding | Q80: 10 | R80: RM 109 | T80: Permanent | AC80: 28.5 | AD80: 150 | AE80: - | AF80: - | AM80: =L80+3 -> 45879 | AX80: =IF(L80=0, 0,L80+7) -> 45883 | BT80: =IF(L80=0, 0, L80+28) -> 45904
A81: 75 | B81: BV-BSW-105-0000-ECM-CAP-CE-000006 | C81: BV-BSW-105-0000-ECM-WIR-CE-000040 | D81: Blinding Concrete | E81: (level 639.95 & 640.25) Zone 02 | F81: Opera House | G81: 2 | H81: B2 | I81: Permanent Works | J81: 82112 | K81: 83488 | L81: 45876 | M81: Aces | N81: Saudi RM | O81: C-10 SRC (150±40mm Slump) | P81: Blinding | Q81: 10 | R81: RM 109 | T81: Permanent | AC81: 29 | AD81: 170 | AE81: - | AF81: - | AM81: =L81+3 -> 45879 | AX81: =IF(L81=0, 0,L81+7) -> 45883 | BT81: =IF(L81=0, 0, L81+28) -> 45904
A82: 76 | B82: BV-BSW-105-0000-ECM-CAP-CE-000006 | C82: BV-BSW-105-0000-ECM-WIR-CE-000040 | D82: Blinding Concrete | E82: (level 639.95 & 640.25) Zone 02 | F82: Opera House | G82: 2 | H82: B2 | I82: Permanent Works | J82: 66010 | K82: 83489 | L82: 45876 | M82: Aces | N82: Saudi RM | O82: C-10 SRC (150±40mm Slump) | P82: Blinding | Q82: 9 | R82: RM 109 | T82: Permanent | AC82: 28 | AD82: 160 | AE82: - | AF82: - | AM82: =L82+3 -> 45879 | AX82: =IF(L82=0, 0,L82+7) -> 45883 | BT82: =IF(L82=0, 0, L82+28) -> 45904
A83: 77 | B83: BV-BSW-105-0000-ECM-CAP-CE-000006 | C83: BV-BSW-105-0000-ECM-WIR-CE-000040 | D83: Blinding Concrete | E83: (level 639.95 & 640.25) Zone 02 | F83: Opera House | G83: 2 | H83: B2 | I83: Permanent Works | J83: 82012 | K83: 83490 | L83: 45876 | M83: Aces | N83: Saudi RM | O83: C-10 SRC (150±40mm Slump) | P83: Blinding | Q83: 10 | R83: RM 109 | T83: Permanent | AC83: 27 | AD83: 140 | AE83: - | AF83: - | AM83: =L83+3 -> 45879 | AX83: =IF(L83=0, 0,L83+7) -> 45883 | BT83: =IF(L83=0, 0, L83+28) -> 45904
A84: 78 | B84: BV-BSW-105-0000-ECM-CAP-CE-000006 | C84: BV-BSW-105-0000-ECM-WIR-CE-000040 | D84: Blinding Concrete | E84: (level 639.95 & 640.25) Zone 02 | F84: Opera House | G84: 2 | H84: B2 | I84: Permanent Works | J84: 83512 | K84: 83491 | L84: 45876 | M84: Aces | N84: Saudi RM | O84: C-10 SRC (150±40mm Slump) | P84: Blinding | Q84: 10 | R84: RM 109 | S84: 6 | T84: Permanent | AC84: 27.5 | AD84: 180 | AE84: - | AF84: - | AM84: =L84+3 -> 45879 | AX84: =IF(L84=0, 0,L84+7) -> 45883 | BT84: =IF(L84=0, 0, L84+28) -> 45904
A85: 79 | B85: BV-BSW-105-0000-ECM-CAP-CE-000006 | C85: BV-BSW-105-0000-ECM-WIR-CE-000040 | D85: Blinding Concrete | E85: (level 639.95 & 640.25) Zone 02 | F85: Opera House | G85: 2 | H85: B2 | I85: Permanent Works | J85: 83812 | K85: 83492 | L85: 45876 | M85: Aces | N85: Saudi RM | O85: C-10 SRC (150±40mm Slump) | P85: Blinding | Q85: 10 | R85: RM 109 | T85: Permanent | AC85: 28 | AD85: 150 | AE85: - | AF85: - | AM85: =L85+3 -> 45879 | AX85: =IF(L85=0, 0,L85+7) -> 45883 | BT85: =IF(L85=0, 0, L85+28) -> 45904
A86: 80 | B86: BV-BSW-105-0000-ECM-CAP-CE-000006 | C86: BV-BSW-105-0000-ECM-WIR-CE-000040 | D86: Blinding Concrete | E86: (level 639.95 & 640.25) Zone 02 | F86: Opera House | G86: 2 | H86: B2 | I86: Permanent Works | J86: 77112 | K86: 83493 | L86: 45876 | M86: Aces | N86: Saudi RM | O86: C-10 SRC (150±40mm Slump) | P86: Blinding | Q86: 6 | R86: RM 109 | T86: Permanent | AC86: 28.5 | AD86: 160 | AE86: - | AF86: - | AM86: =L86+3 -> 45879 | AX86: =IF(L86=0, 0,L86+7) -> 45883 | BT86: =IF(L86=0, 0, L86+28) -> 45904
A87: 81 | B87: BV-BSW-105-0000-ECM-CAP-CE-000006 | C87: BV-BSW-105-0000-ECM-WIR-CE-000040 | D87: Blinding Concrete | E87: (level 639.95 & 640.25) Zone 02 | F87: Opera House | G87: 2 | H87: B2 | I87: Permanent Works | J87: 83412 | K87: 83511 | L87: 45876 | M87: Aces | N87: Saudi RM | O87: C-10 SRC (150±40mm Slump) | P87: Blinding | Q87: 11 | R87: RM 109 | T87: Permanent | AC87: 28 | AD87: 170 | AE87: - | AF87: - | AM87: =L87+3 -> 45879 | AX87: =IF(L87=0, 0,L87+7) -> 45883 | BT87: =IF(L87=0, 0, L87+28) -> 45904
A88: 82 | B88: BV-BSW-105-0000-ECM-CAP-CE-000006 | C88: BV-BSW-105-0000-ECM-WIR-CE-000040 | D88: Blinding Concrete | E88: (level 639.95 & 640.25) Zone 02 | F88: Opera House | G88: 2 | H88: B2 | I88: Permanent Works | J88: 82712 | K88: 83515 | L88: 45876 | M88: Aces | N88: Saudi RM | O88: C-10 SRC (150±40mm Slump) | P88: Blinding | Q88: 10 | R88: RM 109 | T88: Permanent | AC88: 27 | AD88: 180 | AE88: - | AF88: - | AM88: =L88+3 -> 45879 | AX88: =IF(L88=0, 0,L88+7) -> 45883 | BT88: =IF(L88=0, 0, L88+28) -> 45904
A89: 83 | B89: BV-BSW-105-0000-ECM-CAP-CE-000007 | C89: BV-BSW-105-0000-ECM-WIR-CE-000044 | D89: Blinding Concrete | E89: (level 640.65) Zone 02 | F89: Opera House | G89: 2 | H89: B2 | I89: Permanent Works | J89: 84212 | K89: 83574 | L89: 45878 | M89: Aces | N89: Saudi RM | O89: C-10 SRC (150±40mm Slump) | P89: Blinding | Q89: 10 | R89: RM 109 | T89: Permanent | AC89: 30.5 | AD89: 170 | AE89: - | AF89: - | AM89: =L89+3 -> 45881 | AX89: =IF(L89=0, 0,L89+7) -> 45885 | AY89: WIR-CE-000044-48 | AZ89: RH.MCR25008100@7 | BA89: 18.8 | BB89: 18.1 | BC89: 17.8 | BD89: 28.6 | BE89: 30 | BF89: 30.4 | BG89: =AVERAGE(BA89:BF98) -> 23.95 | BT89: =IF(L89=0, 0, L89+28) -> 45906 | BU89: WIR-CE-000044-48 | BV89: RH.MCR25008100@28 | BW89: 36.5 | BX89: 37.6 | BY89: 36.3 | BZ89: 37.8 | CA89: 38.5 | CB89: 37.7 | CC89: =AVERAGE(BW89:CB98) -> 37.4
A90: 84 | B90: BV-BSW-105-0000-ECM-CAP-CE-000007 | C90: BV-BSW-105-0000-ECM-WIR-CE-000044 | D90: Blinding Concrete | E90: (level 640.65) Zone 02 | F90: Opera House | G90: 2 | H90: B2 | I90: Permanent Works | J90: 84712 | K90: 83575 | L90: 45878 | M90: Aces | N90: Saudi RM | O90: C-10 SRC (150±40mm Slump) | P90: Blinding | Q90: 10 | R90: RM 109 | S90: 6 | T90: Permanent | AC90: 29.5 | AD90: 160 | AE90: - | AF90: - | AM90: =L90+3 -> 45881 | AX90: =IF(L90=0, 0,L90+7) -> 45885 | BT90: =IF(L90=0, 0, L90+28) -> 45906
A91: 85 | B91: BV-BSW-105-0000-ECM-CAP-CE-000007 | C91: BV-BSW-105-0000-ECM-WIR-CE-000044 | D91: Blinding Concrete | E91: (level 640.65) Zone 02 | F91: Opera House | G91: 2 | H91: B2 | I91: Permanent Works | J91: 83812 | K91: 106203 | L91: 45878 | M91: Aces | N91: Saudi RM | O91: C-10 SRC (150±40mm Slump) | P91: Blinding | Q91: 10 | R91: RM 109 | T91: Permanent | AC91: 29.8 | AD91: 190 | AE91: - | AF91: - | AM91: =L91+3 -> 45881 | AX91: =IF(L91=0, 0,L91+7) -> 45885 | BT91: =IF(L91=0, 0, L91+28) -> 45906
A92: 86 | B92: BV-BSW-105-0000-ECM-CAP-CE-000007 | C92: BV-BSW-105-0000-ECM-WIR-CE-000044 | D92: Blinding Concrete | E92: (level 640.65) Zone 02 | F92: Opera House | G92: 2 | H92: B2 | I92: Permanent Works | J92: 83912 | K92: 106204 | L92: 45878 | M92: Aces | N92: Saudi RM | O92: C-10 SRC (150±40mm Slump) | P92: Blinding | Q92: 10 | R92: RM 109 | T92: Permanent | AC92: 26 | AD92: 180 | AE92: - | AF92: - | AM92: =L92+3 -> 45881 | AX92: =IF(L92=0, 0,L92+7) -> 45885 | BT92: =IF(L92=0, 0, L92+28) -> 45906
A93: 87 | B93: BV-BSW-105-0000-ECM-CAP-CE-000007 | C93: BV-BSW-105-0000-ECM-WIR-CE-000044 | D93: Blinding Concrete | E93: (level 640.65) Zone 02 | F93: Opera House | G93: 2 | H93: B2 | I93: Permanent Works | J93: 83812 | K93: 106220 | L93: 45878 | M93: Aces | N93: Saudi RM | O93: C-10 SRC (150±40mm Slump) | P93: Blinding | Q93: 10 | R93: RM 109 | T93: Permanent | AC93: 27.5 | AD93: 175 | AE93: - | AF93: - | AM93: =L93+3 -> 45881 | AX93: =IF(L93=0, 0,L93+7) -> 45885 | BT93: =IF(L93=0, 0, L93+28) -> 45906
A94: 88 | B94: BV-BSW-105-0000-ECM-CAP-CE-000008 | C94: BV-BSW-105-0000-ECM-WIR-CE-000048 | D94: Blinding Concrete | E94: 640.25 to 640.65 and 639.45 to 640.65 and 639.95 to 640.65, Zone 02 | F94: Opera House | G94: 2 | H94: B2 | I94: Permanent Works | J94: 62710 | K94: 106222 | L94: 45878 | M94: Aces | N94: Saudi RM | O94: C-10 SRC (150±40mm Slump) | P94: Blinding | Q94: 9 | R94: RM 109 | T94: Permanent | AC94: 28.5 | AD94: 190 | AE94: - | AF94: - | AM94: =L94+3 -> 45881 | AX94: =IF(L94=0, 0,L94+7) -> 45885 | BT94: =IF(L94=0, 0, L94+28) -> 45906
A95: 89 | B95: BV-BSW-105-0000-ECM-CAP-CE-000008 | C95: BV-BSW-105-0000-ECM-WIR-CE-000048 | D95: Blinding Concrete | E95: 640.25 to 640.65 and 639.45 to 640.65 and 639.95 to 640.65, Zone 02 | F95: Opera House | G95: 2 | H95: B2 | I95: Permanent Works | J95: 83412 | K95: 106227 | L95: 45878 | M95: Aces | N95: Saudi RM | O95: C-10 SRC (150±40mm Slump) | P95: Blinding | Q95: 10 | R95: RM 109 | T95: Permanent | AC95: 29.9 | AD95: 170 | AE95: - | AF95: - | AM95: =L95+3 -> 45881 | AX95: =IF(L95=0, 0,L95+7) -> 45885 | BT95: =IF(L95=0, 0, L95+28) -> 45906
A96: 90 | B96: BV-BSW-105-0000-ECM-CAP-CE-000008 | C96: BV-BSW-105-0000-ECM-WIR-CE-000048 | D96: Blinding Concrete | E96: 640.25 to 640.65 and 639.45 to 640.65 and 639.95 to 640.65, Zone 02 | F96: Opera House | G96: 2 | H96: B2 | I96: Permanent Works | J96: 78412 | K96: 106228 | L96: 45878 | M96: Aces | N96: Saudi RM | O96: C-10 SRC (150±40mm Slump) | P96: Blinding | Q96: 11 | R96: RM 109 | S96: 6 | T96: Permanent | AC96: 28.5 | AD96: 190 | AE96: - | AF96: - | AM96: =L96+3 -> 45881 | AX96: =IF(L96=0, 0,L96+7) -> 45885 | BT96: =IF(L96=0, 0, L96+28) -> 45906
A97: 91 | B97: BV-BSW-105-0000-ECM-CAP-CE-000008 | C97: BV-BSW-105-0000-ECM-WIR-CE-000048 | D97: Blinding Concrete | E97: 640.25 to 640.65 and 639.45 to 640.65 and 639.95 to 640.65, Zone 02 | F97: Opera House | G97: 2 | H97: B2 | I97: Permanent Works | J97: 3412 | K97: 106241 | L97: 45878 | M97: Aces | N97: Saudi RM | O97: C-10 SRC (150±40mm Slump) | P97: Blinding | Q97: 11 | R97: RM 109 | T97: Permanent | AC97: 26 | AD97: 180 | AE97: - | AF97: - | AM97: =L97+3 -> 45881 | AX97: =IF(L97=0, 0,L97+7) -> 45885 | BT97: =IF(L97=0, 0, L97+28) -> 45906
A98: 92 | B98: BV-BSW-105-0000-ECM-CAP-CE-000008 | C98: BV-BSW-105-0000-ECM-WIR-CE-000048 | D98: Blinding Concrete | E98: 640.25 to 640.65 and 639.45 to 640.65 and 639.95 to 640.65, Zone 02 | F98: Opera House | G98: 2 | H98: B2 | I98: Permanent Works | J98: 78412 | K98: 106243 | L98: 45878 | M98: Aces | N98: Saudi RM | O98: C-10 SRC (150±40mm Slump) | P98: Blinding | Q98: 10 | R98: RM 109 | T98: Permanent | AC98: 28.5 | AD98: 170 | AE98: - | AF98: - | AM98: =L98+3 -> 45881 | AX98: =IF(L98=0, 0,L98+7) -> 45885 | BT98: =IF(L98=0, 0, L98+28) -> 45906
A99: 93 | B99: BV-BSW-105-0000-ECM-CAP-CE-000009 | C99: BV-BSW-105-0000-ECM-WIR-CE-000052 | D99: Blinding Concrete | E99: 640.80 & 640.45, at Zone 02 | F99: Opera House | G99: 2 | H99: B2 | I99: Permanent Works | J99: 84212 | K99: 106270 | L99: 45879 | M99: Aces | N99: Saudi RM | O99: C-10 SRC (150±40mm Slump) | P99: Blinding | Q99: 10 | R99: RM 109 | T99: Permanent | AC99: 29.5 | AD99: 170 | AE99: - | AF99: - | AM99: =L99+3 -> 45882 | AX99: =IF(L99=0, 0,L99+7) -> 45886 | AY99: WIR-CE-000052-000056 | AZ99: RH.MCR25008099@7 | BA99: 23.6 | BB99: 24.8 | BC99: 25.7 | BD99: 24.8 | BE99: 25.7 | BF99: 25.7 | BG99: =AVERAGE(BA99:BF106) -> 25.05 | BT99: =IF(L99=0, 0, L99+28) -> 45907 | BU99: WIR-CE-000052-000056 | BV99: RH.MCR25008099@28 | BW99: 30.8 | BX99: 29.5 | BY99: 30.4 | BZ99: 32.4 | CA99: 33.5 | CB99: 32.5 | CC99: =AVERAGE(BW99:CB106) -> 31.516667
A100: 94 | B100: BV-BSW-105-0000-ECM-CAP-CE-000009 | C100: BV-BSW-105-0000-ECM-WIR-CE-000052 | D100: Blinding Concrete | E100: 640.80 & 640.45, at Zone 02 | F100: Opera House | G100: 2 | H100: B2 | I100: Permanent Works | J100: 83512 | K100: 106271 | L100: 45879 | M100: Aces | N100: Saudi RM | O100: C-10 SRC (150±40mm Slump) | P100: Blinding | Q100: 10 | R100: RM 109 | S100: 6 | T100: Permanent | AC100: 30 | AD100: 160 | AE100: - | AF100: - | AM100: =L100+3 -> 45882 | AX100: =IF(L100=0, 0,L100+7) -> 45886 | BT100: =IF(L100=0, 0, L100+28) -> 45907
A101: 95 | B101: BV-BSW-105-0000-ECM-CAP-CE-000009 | C101: BV-BSW-105-0000-ECM-WIR-CE-000052 | D101: Blinding Concrete | E101: 640.80 & 640.45, at Zone 02 | F101: Opera House | G101: 2 | H101: B2 | I101: Permanent Works | J101: 82512 | K101: 106272 | L101: 45879 | M101: Aces | N101: Saudi RM | O101: C-10 SRC (150±40mm Slump) | P101: Blinding | Q101: 10 | R101: RM 109 | T101: Permanent | AC101: 27.5 | AD101: 170 | AE101: - | AF101: - | AM101: =L101+3 -> 45882 | AX101: =IF(L101=0, 0,L101+7) -> 45886 | BT101: =IF(L101=0, 0, L101+28) -> 45907
A102: 96 | B102: BV-BSW-105-0000-ECM-CAP-CE-000009 | C102: BV-BSW-105-0000-ECM-WIR-CE-000052 | D102: Blinding Concrete | E102: 640.80 & 640.45, at Zone 02 | F102: Opera House | G102: 2 | H102: B2 | I102: Permanent Works | J102: 82812 | K102: 106273 | L102: 45879 | M102: Aces | N102: Saudi RM | O102: C-10 SRC (150±40mm Slump) | P102: Blinding | Q102: 10 | R102: RM 109 | T102: Permanent | AC102: 28 | AD102: 190 | AE102: - | AF102: - | AM102: =L102+3 -> 45882 | AX102: =IF(L102=0, 0,L102+7) -> 45886 | BT102: =IF(L102=0, 0, L102+28) -> 45907
A103: 97 | B103: BV-BSW-105-0000-ECM-CAP-CE-000010 | C103: BV-BSW-105-0000-ECM-WIR-CE-000056 | D103: Blinding Concrete | E103: Vertical(639.45 to 640.80 and 640.5) and (640.25 to 640.65and 640.80)Zone 02 | F103: Opera House | G103: 2 | H103: B2 | I103: Permanent Works | J103: 82012 | K103: 106274 | L103: 45879 | M103: Aces | N103: Saudi RM | O103: C-10 SRC (150±40mm Slump) | P103: Blinding | Q103: 10 | R103: RM 109 | T103: Permanent | AC103: 29.5 | AD103: 180 | AE103: - | AF103: - | AM103: =L103+3 -> 45882 | AX103: =IF(L103=0, 0,L103+7) -> 45886 | BT103: =IF(L103=0, 0, L103+28) -> 45907
A104: 98 | B104: BV-BSW-105-0000-ECM-CAP-CE-000010 | C104: BV-BSW-105-0000-ECM-WIR-CE-000056 | D104: Blinding Concrete | E104: Vertical(639.45 to 640.80 and 640.5) and (640.25 to 640.65and 640.80)Zone 02 | F104: Opera House | G104: 2 | H104: B2 | I104: Permanent Works | J104: 84712 | K104: 106277 | L104: 45879 | M104: Aces | N104: Saudi RM | O104: C-10 SRC (150±40mm Slump) | P104: Blinding | Q104: 10 | R104: RM 109 | S104: 6 | T104: Permanent | AC104: 27.5 | AD104: 180 | AE104: - | AF104: - | AM104: =L104+3 -> 45882 | AX104: =IF(L104=0, 0,L104+7) -> 45886 | BT104: =IF(L104=0, 0, L104+28) -> 45907
...

Sheet BASE Locked 
A1: Plants | B1: Laboratory | C1: Location | D1: Conctractor | F1: m3 | G1: Concrete Type | H1: rejected jv issue m3 | J1: Casting Type | K1: Zone | M1: Opening Time of Formwork | N1: Basement/ Floor
A2: Saudi RM | B2: ACES | C2: Opera House | D2: CSCEC | E2: Temporary | F2: 1 | G2: C-10 SRC (150±40mm Slump) | H2: 1 | J2: Blinding | K2: 1 | M2: 6 hours | N2: B2
A3: BEC Arabia Concrete Solution | B3: Al Hoty Stanger | C3: Langham Hotel | D3: ESEC | E3: Permanent | F3: 1.5 | G3: C-50 SRC {200±40mm Slump) | H3: 1.5 | J3: Slab & Beam, Stair | K3: 2 | M3: 8 hours | N3: B1
A4: Unibeton Ready Mix | C4: Mixed Use Residential | D4: MIDMAC | E4: Trial | F4: 2 | G4: C-40 SRC {200±40mm Slump) | H4: 2 | J4: Wall, Column and Retaining Wall | K4: 3 | M4: 10 hours | N4: L0
A5: UBCC Ready Mix | C5: Public Realm | D5: ECMJV | E5: Rejected | F5: 2.5 | G5: C-40 (SRC+60% GGBFS) (200±40mm Slump) | H5: 2.5 | J5: Footing, Slab | K5: 4 | M5: 12 hours | N5: L1
A6: Green Concrete Ready Mix | C6: Energy Centre | F6: 3 | G6: C-40 OPC {200±40mm Slump) | H6: 3 | J6: Foundation | K6: 5 | M6: 14 hours | N6: L2
F7: 3.5 | G7: C-10/20 (SRC) - Blinding | H7: 3.5 | J7: Structural Walls and Columns | K7: 6 | M7: 16 hours | N7: L3
F8: 4 | G8: C50/10 (OPC) 190 ± 40mm Slump | H8: 4 | J8: Raft (Thick Section) | K8: 7 | M8: 17 hours | N8: Fourth Floor
F9: 4.5 | G9: C40/20 (SRC+60% GGFBS) | H9: 4.5 | J9: Retaining Wall | K9: 8 | M9: 18 hours | N9: Fifth Floor
F10: 5 | G10: C-50/20 SRC {190±40mm Slump) | H10: 5 | K10: 9 | M10: 19 hours | N10: Six Floor
F11: 5.5 | G11: C-40 OPC {190±40mm Slump) | H11: 5.5 | K11: 10 | M11: 20 hours
F12: 6 | G12: C50/10 (OPC) 200 ± 40mm Slump | H12: 6 | K12: 11 | M12: 21 hours
F13: 6.5 | G13: C50/20 (SRC) 200 ± 40mm Slump | H13: 6.5 | K13: 12 | M13: 22 hours
F14: 7 | G14: C 50/10 MPa (OPC+40%GGBS) | H14: 7 | M14: 22.5 hours
F15: 7.5 | G15: C40/10 (OPC) 220 ± 40 | H15: 7.5 | M15: 23 hours
F16: 8 | G16: C50/10 (OPC) 220 ± 40 | H16: 8 | M16: 24 hours
F17: 8.5 | G17: C50/10 (60% OPC+40%GGBFS) 220 ± 40mm | H17: 8.5
F18: 9 | H18: 9
F19: 9.5 | H19: 9.5
F20: 10 | H20: 10
F21: 10.5 | H21: 10.5
F22: 11 | H22: 11
F23: 11.5 | H23: 11.5
F25: 12 | H25: 12
F26: 12.5 | H26: 12.5
F27: 13 | H27: 13
G37: 1 | H37: The Royal Diriyah Opera House (DE4-CO-01)
G38: 2 | H38: Langham Hotel (DE4-CH-02)
G39: 3 | H39: Mixed Use Residential (DE4-MUR-03 & DE4-MUR-04)
G40: 4 | H40: Public Realm
G41: 5 | H41: Energy Centre

Sheet Sheet1
A1: S.No. | B1: CAP No. | C1: WIR No. | D1: Element and Inspection Description | E1: Grids/ Locations | F1: Building Area | G1: Zone | H1: Basement/Floor | I1: Permanent Works / Temporary Works | J1: Truck Number | K1: Ticket Number | L1: Date of Casting | M1: 3rd Party Laboratory Name | N1: Concrete Suppiler | O1: Concrete Name | P1: Area | Q1: Concrete Quantity (m3) | R1: Batch Plant No. | S1: Sample Taken | T1: Casting Type | U1: REJECTED DUE TO JV ISSUE (m3) | V1: REMARKS
A2: 541 | B2: BV-BSW-105-0000-ECM-CAP-CE-000033 | C2: BV-BSW-105-0000-ECM-WIR-CE-000266 | D2: Blinding Concrete | E2: 639.95 ,639.65 & 640.25 | F2: Opera House | G2: 5 | H2: B2 | I2: Permanent Works | J2: 82012 | K2: 95797 | L2: 45904 | M2: ACES | N2: Saudi RM | O2: C-10 SRC (150±40mm Slump) | P2: Blinding | Q2: 10 | R2: RM 109 | T2: Rejected | U2: 10 | V2: Time Exceeded
A3: 540 | B3: BV-BSW-105-0000-ECM-CAP-CE-000033 | C3: BV-BSW-105-0000-ECM-WIR-CE-000266 | D3: Blinding Concrete | E3: 639.95 ,639.65 & 640.25 | F3: Opera House | G3: 5 | H3: B2 | I3: Permanent Works | J3: 84812 | K3: 95794 | L3: 45904 | M3: ACES | N3: Saudi RM | O3: C-10 SRC (150±40mm Slump) | P3: Blinding | Q3: 10 | R3: RM 109 | T3: Rejected | U3: 10 | V3: Time Exceeded
A4: 1589 | B4: BV-BSW-105-0000-ECM-CAP-CE-000040 | C4: BV-BSW-105-0000-ECM-WIR-CE-000481 | D4: Raft Foundation Concrete | E4: Raft Foundation Concrete Zone 10 First Casting | F4: Opera House | G4: 10 | H4: B2 | I4: Permanent Works | J4: 278 | K4: 2285364 | L4: 45945 | M4: ACES | N4: Unibeton Ready Mix | O4: C-40 (SRC+60% GGBFS) (200±40mm Slump) | P4: Foundation | Q4: 8 | R4: Sully | T4: Rejected | V4: Rejected due to over time
A5: 1389 | B5: BV-BSW-105-0000-ECM-CAP-CE-000037 | C5: BV-BSW-105-0000-ECM-WIR-CE-000444 | D5: Raft Foundation Concrete | F5: Opera House | G5: 2 | H5: B2 | I5: Permanent Works | J5: 7792 | K5: 108850 | L5: 45941 | M5: ACES | N5: BEC Arabia Concrete Solution | O5: C40/20 (SRC+60% GGBS) | P5: Foundation | Q5: 8 | T5: Rejected | U5: 8 | V5: Rejected due to Time Delay
A6: 1382 | B6: BV-BSW-105-0000-ECM-CAP-CE-000037 | C6: BV-BSW-105-0000-ECM-WIR-CE-000444 | D6: Raft Foundation Concrete | F6: Opera House | G6: 2 | H6: B2 | I6: Permanent Works | J6: 5707 | K6: 108843 | L6: 45941 | M6: ACES | N6: BEC Arabia Concrete Solution | O6: C40/20 (SRC+60% GGBS) | P6: Foundation | Q6: 10 | T6: Rejected | V6: Rejected dur to high slump
A7: 1282 | B7: BV-BSW-105-0000-ECM-CAP-CE-000036 | C7: BV-BSW-105-0000-ECM-WIR-CE-000412 | D7: Raft Foundation Concrete | F7: Opera House | G7: 11 | H7: B2 | I7: Permanent Works | J7: 62810 | K7: 75336 | L7: 45931 | M7: ACES | N7: Saudi RM | O7: C-40 (SRC+60% GGBFS) (200±40mm Slump) | P7: Foundation | Q7: 9 | R7: RM 109 | S7: Rejected | T7: Rejected | V7: Rejected due to high slump
A8: 1273 | B8: BV-BSW-105-0000-ECM-CAP-CE-000036 | C8: BV-BSW-105-0000-ECM-WIR-CE-000412 | D8: Raft Foundation Concrete | F8: Opera House | G8: 11 | H8: B2 | I8: Permanent Works | J8: 82812 | K8: 75327 | L8: 45931 | M8: ACES | N8: Saudi RM | O8: C-40 (SRC+60% GGBFS) (200±40mm Slump) | P8: Foundation | Q8: 10 | R8: RM 109 | S8: Rejected | T8: Rejected | V8: Rejected due to high slump
A9: 1239 | B9: BV-BSW-105-0000-ECM-CAP-CE-000036 | C9: BV-BSW-105-0000-ECM-WIR-CE-000412 | D9: Raft Foundation Concrete | F9: Opera House | G9: 11 | H9: B2 | I9: Permanent Works | J9: 78012 | K9: 75289 | L9: 45931 | M9: ACES | N9: Saudi RM | O9: C-40 (SRC+60% GGBFS) (200±40mm Slump) | P9: Foundation | Q9: 10 | R9: RM 109 | S9: Rejected | T9: Rejected | V9: Rejected due to high slump
A10: 1153 | B10: BV-BSW-105-0000-ECM-CAP-CE-000036 | C10: BV-BSW-105-0000-ECM-WIR-CE-000412 | D10: Raft Foundation Concrete | F10: Opera House | G10: 11 | H10: B2 | I10: Permanent Works | J10: 94112 | K10: 90272 | L10: 45931 | M10: ACES | N10: Saudi RM | O10: C-40 (SRC+60% GGBFS) (200±40mm Slump) | P10: Foundation | Q10: 10 | R10: RM 64 | T10: Rejected | V10: Rejected
A11: 808 | B11: BV-BSW-105-0000-ECM-CAP-CE-000035 | C11: BV-BSW-105-0000-ECM-WIR-CE-000342 | D11: Raft Foundation Concrete | F11: Opera House | G11: 2 | H11: B2 | I11: Permanent Works | J11: 76012 | K11: 60974 | L11: 45917 | M11: ACES | N11: Saudi RM | O11: C-40 (SRC+60% GGBFS) (200±40mm Slump) | P11: Foundation | Q11: 10 | R11: RM 64 | S11: Rejected | T11: Rejected | V11: Rejected due to low Slump
A12: 805 | B12: BV-BSW-105-0000-ECM-CAP-CE-000035 | C12: BV-BSW-105-0000-ECM-WIR-CE-000342 | D12: Raft Foundation Concrete | F12: Opera House | G12: 2 | H12: B2 | I12: Permanent Works | J12: 94312 | K12: 60971 | L12: 45917 | M12: ACES | N12: Saudi RM | O12: C-40 (SRC+60% GGBFS) (200±40mm Slump) | P12: Foundation | Q12: 10 | R12: RM 64 | S12: Rejected | T12: Rejected | V12: Rejected due to low Slump
A13: 254 | B13: BV-BSW-105-0000-ECM-CAP-CE-000022 | C13: BV-BSW-105-0000-ECM-WIR-CE-000136 | D13: Foundation Concrete | E13: Tower Crane 04 | F13: Opera House | G13: 2 | H13: B2 | I13: Permanent Works | J13: 81512 | K13: 132757 | L13: 45893 | M13: ACES | N13: Saudi RM | O13: C-40 (SRC+60% GGBFS) (200±40mm Slump) | P13: Foundation | Q13: 10 | R13: RM 109 | T13: Rejected | U13: 10 | V13: Rejected due to delay in time
A14: 616 | B14: - | C14: BV-BSW-105-0000-ECM-WIR-CE-000317 | D14: Trial Mix | E14: BEC Batch Plant | F14: Opera House | I14: Trial Mix | J14: 7792 | K14: 85284 | L14: 45909 | M14: ACES | N14: BEC Arabia Concrete Solution | O14: C50/10 (OPC) 190 ± 40mm Slump | P14: Wall, Column and Retaining Wall | Q14: 3 | T14: Rejected | V14: Due to High Temp
A15: 615 | B15: - | C15: BV-BSW-105-0000-ECM-WIR-CE-000317 | D15: Trial Mix | E15: BEC Batch Plant | F15: Opera House | I15: Trial Mix | J15: 7792 | K15: 85277 | L15: 45909 | M15: ACES | N15: BEC Arabia Concrete Solution | O15: C50/10 (OPC) 190 ± 40mm Slump | P15: Wall, Column and Retaining Wall | Q15: 3 | T15: Rejected | V15: Due to High Slump

Sheet Pivot
A3: Row Labels | B3: Sum of Concrete Quantity (m3)
A4: Permanent | B4: 15815
A5: Blinding | B5: 7910
A6: Foundation | B6: 7899
A7: Wall, Column and Retaining Wall | B7: 6
A8: Rejected | B8: 121
A9: Blinding | B9: 20
A10: Foundation | B10: 95
A11: Wall, Column and Retaining Wall | B11: 6
A12: Temporary | B12: 405
A13: Blinding | B13: 399
A14: Column and Retaining Wall | B14: 6
A15: Trial | B15: 147
... A22: Grand Total | B22: 16488

Sheet Summary
N1: 1 No samples per 40 m3 | R1: 1 No samples per 40 m3 | T1: 1 No samples per 40 m3
E3: ³ | N3: Teoric Application | R3: Teoric Application | T3: Teoric Application | X3: Teoric Application
C5: Project | D5: Location | E5: Basement/ Floors | F5: Slab & Beam, Stair (Qty m³) | G5: BLINDING (Qty m³) | H5: Column and Retaining Wall (Qty m³) | I5: Raft/Foundation (Qty m³) | J5: Dry Mix Mortor | L5: Rejected (Qty m³) | M5: Concrete Quantity Site (Qty m³) | N5: Number of samples to be taken | Q5: Number of samples taken | R5: Number of samples to be taken | S5: Number of samples taken | T5: Number of samples to be taken | W5: Number of samples taken | X5: Number of samples to be taken | AA5: Number of samples taken
C7: Opera House | D7: Permanent Work | E7: Basement 2 (B2) | F7: =SUMIFS('Cast In Situ Tracker'!Q5:Q15011,'Cast In Situ Tracker'!T5:T15011,"Permanent*",'Cast In Situ Tracker'!P5:P15011,"Slab & Beam, Stair ",'Cast In Situ Tracker'!H5:H15011,"B2") -> 33 | G7: =SUMIFS('Cast In Situ Tracker'!Q5:Q15011,'Cast In Situ Tracker'!T5:T15011,"Permanent*",'Cast In Situ Tracker'!P5:P15011,"Blinding",'Cast In Situ Tracker'!H5:H15011,"B2") -> 9404 | H7: =SUMIFS('Cast In Situ Tracker'!Q5:Q15011,'Cast In Situ Tracker'!T5:T15011,"Permanent*",'Cast In Situ Tracker'!P5:P15011,"Wall, Column and Retaining Wall",'Cast In Situ Tracker'!H5:H15011,"B2") -> 7488 | I7: =SUMIFS('Cast In Situ Tracker'!Q5:Q15011,'Cast In Situ Tracker'!T5:T15011,"Permanent*",'Cast In Situ Tracker'!P5:P15011,"Foundation",'Cast In Situ Tracker'!H5:H15011,"B2") -> 33303 | J7: 7 | L7: =SUMIFS('Cast In Situ Tracker'!Q7:Q12593,'Cast In Situ Tracker'!T7:T12593,"Rejected") -> 282 | M7: =SUM(F7:I8) -> 50228 | N7: =ROUNDUP(M7/57,0) -> 882 | Q7: 47 | R7: =N7 -> 882 | S7: =Q7 -> 47 | T7: =ROUNDUP(I7/100,0) -> 334
E9: Basement 1 (B1) | F9: =SUMIFS('Cast In Situ Tracker'!Q7:Q15013,'Cast In Situ Tracker'!T7:T15013,"Permanent*",'Cast In Situ Tracker'!P7:P15013,"Slab & Beam, Stair ",'Cast In Situ Tracker'!H7:H15013,"B1") -> 7056 | G9: =SUMIFS('Cast In Situ Tracker'!Q7:Q15013,'Cast In Situ Tracker'!T7:T15013,"Permanent*",'Cast In Situ Tracker'!P7:P15013,"Blinding",'Cast In Situ Tracker'!H7:H15013,"B1") -> 0 | H9: =SUMIFS('Cast In Situ Tracker'!Q7:Q15013,'Cast In Situ Tracker'!T7:T15013,"Permanent*",'Cast In Situ Tracker'!P7:P15013,"Wall, Column and Retaining Wall",'Cast In Situ Tracker'!H7:H15013,"B1") -> 5653 | I9: =SUMIFS('Cast In Situ Tracker'!Q7:Q15013,'Cast In Situ Tracker'!T7:T15013,"Permanent*",'Cast In Situ Tracker'!P7:P15013,"Foundation",'Cast In Situ Tracker'!H7:H15013,"B1") -> 0 | J9: 0 | M9: =SUM(F9:I10) -> 12709 | N9: =ROUNDUP(M9/40,0) -> 318 | R9: =N9 -> 318 | T9: =ROUNDUP(I9/100,0) -> 0
E11: Ground Level (L0) | F11: =SUMIFS('Cast In Situ Tracker'!Q7:Q15013,'Cast In Situ Tracker'!T7:T15013,"Permanent*",'Cast In Situ Tracker'!P7:P15013,"Slab & Beam, Stair ",'Cast In Situ Tracker'!H7:H15013,"L0") -> 7334 | G11: =SUMIFS('Cast In Situ Tracker'!Q9:Q15015,'Cast In Situ Tracker'!T9:T15015,"Permanent*",'Cast In Situ Tracker'!P9:P15015,"Blinding",'Cast In Situ Tracker'!H9:H15015,"L0") -> 34 | H11: =SUMIFS('Cast In Situ Tracker'!Q9:Q15015,'Cast In Situ Tracker'!T9:T15015,"Permanent*",'Cast In Situ Tracker'!P9:P15015,"Wall, Column and Retaining Wall",'Cast In Situ Tracker'!H9:H15015,"L0") -> 3019 | I11: =SUMIFS('Cast In Situ Tracker'!Q9:Q15015,'Cast In Situ Tracker'!T9:T15015,"Permanent*",'Cast In Situ Tracker'!P9:P15015,"Foundation",'Cast In Situ Tracker'!H9:H15015,"L0") -> 260 | J11: 0 | M11: =SUM(F11:I12) -> 10647 | N11: =ROUNDUP(M11/40,0) -> 267 | R11: =N11 -> 267 | T11: =ROUNDUP(I11/100,0) -> 3
E13: First Floor (L1) | F13: =SUMIFS('Cast In Situ Tracker'!Q9:Q15015,'Cast In Situ Tracker'!T9:T15015,"Permanent*",'Cast In Situ Tracker'!P9:P15015,"Slab & Beam, Stair ",'Cast In Situ Tracker'!H9:H15015,"L1") -> 1050 | G13: =SUMIFS('Cast In Situ Tracker'!Q11:Q15017,'Cast In Situ Tracker'!T11:T15017,"Permanent*",'Cast In Situ Tracker'!P11:P15017,"Blinding",'Cast In Situ Tracker'!H11:H15017,"L1") -> 0 | H13: =SUMIFS('Cast In Situ Tracker'!Q11:Q15017,'Cast In Situ Tracker'!T11:T15017,"Permanent*",'Cast In Situ Tracker'!P11:P15017,"Wall, Column and Retaining Wall",'Cast In Situ Tracker'!H11:H15017,"L1") -> 1858 | I13: =SUMIFS('Cast In Situ Tracker'!Q11:Q15017,'Cast In Situ Tracker'!T11:T15017,"Permanent*",'Cast In Situ Tracker'!P11:P15017,"Foundation",'Cast In Situ Tracker'!H11:H15017,"L1") -> 0 | J13: 0 | M13: =SUM(F13:I14) -> 2908 | N13: =ROUNDUP(M13/40,0) -> 73 | R13: =N13 -> 73 | T13: =ROUNDUP(I13/100,0) -> 0
E15: Second Floor (L2) | F15: =SUMIFS('Cast In Situ Tracker'!Q11:Q15017,'Cast In Situ Tracker'!T11:T15017,"Permanent*",'Cast In Situ Tracker'!P11:P15017,"Slab & Beam, Stair ",'Cast In Situ Tracker'!H11:H15017,"L2") -> 0 | G15: =SUMIFS('Cast In Situ Tracker'!Q13:Q15019,'Cast In Situ Tracker'!T13:T15019,"Permanent*",'Cast In Situ Tracker'!P13:P15019,"Blinding",'Cast In Situ Tracker'!H13:H15019,"L2") -> 0 | H15: =SUMIFS('Cast In Situ Tracker'!Q13:Q15019,'Cast In Situ Tracker'!T13:T15019,"Permanent*",'Cast In Situ Tracker'!P13:P15019,"Wall, Column and Retaining Wall",'Cast In Situ Tracker'!H13:H15019,"L2") -> 188 | I15: =SUMIFS('Cast In Situ Tracker'!Q13:Q15019,'Cast In Situ Tracker'!T13:T15019,"Permanent*",'Cast In Situ Tracker'!P13:P15019,"Foundation",'Cast In Situ Tracker'!H13:H15019,"L2") -> 0 | J15: 0 | M15: =SUM(F15:I16) -> 188 | N15: =ROUNDUP(M15/40,0) -> 5 | R15: =N15 -> 5 | T15: =ROUNDUP(I15/100,0) -> 0
K16: =SUMIFS('Cast In Situ Tracker'!Q7:Q248,'Cast In Situ Tracker'!T7:T248,"L1-S1*",'Cast In Situ Tracker'!P7:P248,"Center Slab") -> 0 | X16: =ROUNDUP(I16/200,0) -> 0 | AA16: 9
E17: Third Floor (L3) | F17: =SUMIFS('Cast In Situ Tracker'!Q13:Q15019,'Cast In Situ Tracker'!T13:T15019,"Permanent*",'Cast In Situ Tracker'!P13:P15019,"Slab & Beam, Stair ",'Cast In Situ Tracker'!H13:H15019,"L3") -> 14 | G17: =SUMIFS('Cast In Situ Tracker'!Q15:Q15021,'Cast In Situ Tracker'!T15:T15021,"Permanent*",'Cast In Situ Tracker'!P15:P15021,"Blinding",'Cast In Situ Tracker'!H15:H15021,"L3") -> 0 | H17: =SUMIFS('Cast In Situ Tracker'!Q15:Q15021,'Cast In Situ Tracker'!T15:T15021,"Permanent*",'Cast In Situ Tracker'!P15:P15021,"Wall, Column and Retaining Wall",'Cast In Situ Tracker'!H15:H15021,"L3") -> 234 | I17: =SUMIFS('Cast In Situ Tracker'!Q15:Q15021,'Cast In Situ Tracker'!T15:T15021,"Permanent*",'Cast In Situ Tracker'!P15:P15021,"Foundation",'Cast In Situ Tracker'!H15:H15021,"L3") -> 0 | J17: 0 | M17: =SUM(F17:I18) -> 248
E19: Concrete Trials | F19: =SUMIFS('Cast In Situ Tracker'!Q5:Q15029,'Cast In Situ Tracker'!T5:T15029,"Trial*",'Cast In Situ Tracker'!P5:P15029,"Slab & Beam, Stair ") -> 48 | G19: =SUMIFS('Cast In Situ Tracker'!Q5:Q15411,'Cast In Situ Tracker'!T5:T15411,"Trial*",'Cast In Situ Tracker'!P5:P15411,"BLINDING") -> 21 | H19: =SUMIFS('Cast In Situ Tracker'!Q5:Q15011,'Cast In Situ Tracker'!T5:T15011,"Trial*",'Cast In Situ Tracker'!P5:P15011,"Wall, Column and Retaining Wall")+SUMIFS('Cast In Situ Tracker'!Q5:Q15031,'Cast In Situ Tracker'!T5:T15031,"Trial*",'Cast In Situ Tracker'!P5:P15031,"Structural Walls and Columns ") -> 123 | I19: =SUMIFS('Cast In Situ Tracker'!Q5:Q15031,'Cast In Situ Tracker'!T5:T15031,"Trial*",'Cast In Situ Tracker'!P5:P15031,"Footing, Slab ")+SUMIFS('Cast In Situ Tracker'!Q5:Q15031,'Cast In Situ Tracker'!T5:T15031,"Trial*",'Cast In Situ Tracker'!P5:P15031,"Raft (Thick Section)") -> 36 | J19: 0 | M19: =SUM(F19:I20) -> 228 | N19: 12 | Q19: 36 | R19: =N19 -> 12 | S19: =Q19 -> 36 | T19: =ROUNDUP(I19/100,0) -> 1
D21: Temporary | E21: Temporary Facilities | F21: =SUMIFS('Cast In Situ Tracker'!Q7:Q15231,'Cast In Situ Tracker'!T7:T15231,"Temporary*",'Cast In Situ Tracker'!P7:P15231,"BACKFILL") -> 0 | G21: =SUMIFS('Cast In Situ Tracker'!Q7:Q15411,'Cast In Situ Tracker'!T7:T15411,"Temporary*",'Cast In Situ Tracker'!P7:P15411,"Blinding") -> 753 | H21: =SUMIFS('Cast In Situ Tracker'!Q7:Q15231,'Cast In Situ Tracker'!T7:T15231,"Temporary*",'Cast In Situ Tracker'!P7:P15231,"Column and Retaining Wall") -> 6 | I21: =SUMIFS('Cast In Situ Tracker'!Q7:Q15411,'Cast In Situ Tracker'!T7:T15411,"Temporary*",'Cast In Situ Tracker'!P7:P15411,"Footing, Slab ") -> 0 | J21: 0 | K21: =SUMIFS('Cast In Situ Tracker'!Q7:Q248,'Cast In Situ Tracker'!T7:T248,"L1-N1*",'Cast In Situ Tracker'!P7:P248,"Center Slab") -> 0 | M21: =SUM(F21:I22) -> 759 | N21: =ROUNDUP(M21/40,0) -> 19 | Q21: 8 | R21: =N21 -> 19 | S21: =Q21 -> 8 | T21: =ROUNDUP(I21/100,0) -> 0 | W21: =COUNTIFS('Cast In Situ Tracker'!T11:T217,"Temporary*",'Cast In Situ Tracker'!#REF!,"<>") -> #REF! | X21: =ROUNDUP(I21/200,0) -> 0 | AA21: 9
C23: Langham Hotel | D23: Permanent Work | J23: 0 | K23: 0 | N23: =ROUNDUP(M23/40,0) -> 0 | R23: =N23 -> 0 | T23: =ROUNDUP(I23/100,0) -> 0 | X23: =ROUNDUP(I23/200,0) -> 0
D25: Temporary | J25: 0 | K25: 0 | N25: =ROUNDUP(M25/40,0) -> 0 | R25: =N25 -> 0 | T25: =ROUNDUP(I25/100,0) -> 0 | X25: =ROUNDUP(I25/200,0) -> 0
C27: Mixed Use Residential | D27: Permanent Work | J27: 0 | K27: 0 | N27: =ROUNDUP(M27/40,0) -> 0 | R27: =N27 -> 0 | T27: =ROUNDUP(I27/100,0) -> 0 | X27: =ROUNDUP(I27/200,0) -> 0
D29: Temporary | J29: 0 | K29: 0 | N29: =ROUNDUP(M29/40,0) -> 0 | R29: =N29 -> 0 | T29: =ROUNDUP(I29/100,0) -> 0 | X29: =ROUNDUP(I29/200,0) -> 0
C31: Public Realm | D31: Permanent Work | J31: 0 | K31: 0 | N31: =ROUNDUP(M31/40,0) -> 0 | R31: =N31 -> 0 | T31: =ROUNDUP(I31/100,0) -> 0 | X31: =ROUNDUP(I31/200,0) -> 0
D33: Temporary | J33: 0 | K33: 0 | N33: =ROUNDUP(M33/40,0) -> 0 | R33: =N33 -> 0 | T33: =ROUNDUP(I33/100,0) -> 0 | X33: =ROUNDUP(I33/200,0) -> 0
C35: Energy Centre | D35: Permanent Work | J35: 0 | K35: 0 | N35: =ROUNDUP(M35/40,0) -> 0 | R35: =N35 -> 0 | T35: =ROUNDUP(I35/100,0) -> 0 | X35: =ROUNDUP(I35/200,0) -> 0
D37: Temporary | J37: 0 | K37: 0 | N37: =ROUNDUP(M37/40,0) -> 0 | R37: =N37 -> 0 | T37: =ROUNDUP(I37/100,0) -> 0 | X37: =ROUNDUP(I37/200,0) -> 0
J39: 0 | K39: 0
C41: TOTAL | F41: =SUM(F7:F38) -> 15535 | G41: =SUM(G7:G40) -> 10212 | H41: =SUM(H7:H38) -> 18569 | I41: =SUM(I7:I38) -> 33599 | J41: 7 | K41: =SUM(K16:K38) -> 0 | L41: =SUM(L7:L38) -> 282 | M41: =SUM(M7:M22) -> 77915
